From	To
P13639	EEF2
Q6UB35	MTHFD1L
Q71U36	TUBA1A
P83731	RPL24
P42677	RPS27
Q99439	CNN2
Q06323	PSME1
P49591	SARS1
Q96RS6	NUDCD1
Q9BXJ9	NAA15
Q13155	AIMP2
O75663	TIPRL
P49327	FASN
P36578	RPL4
Q9NXG2	THUMPD1
P27707	DCK
O00303	EIF3F
Q15084	PDIA6
Q96JB2	COG3
P46109	CRKL
Q09161	NCBP1
O15294	OGT
Q9HA64	FN3KRP
Q9Y6G9	DYNC1LI1
P52597	HNRNPF
Q99497	PARK7
A6NDG6	PGP
Q14566	MCM6
Q00610	CLTC
Q9UKF6	CPSF3
Q8TAQ2	SMARCC2
P68036	UBE2L3
P49588	AARS1
Q96IJ6	GMPPA
P17987	TCP1
O00429	DNM1L
P30101	PDIA3
Q9ULA0	DNPEP
P68366	TUBA4A
P04183	TK1
Q15021	NCAPD2
P12268	IMPDH2
P25705	ATP5F1A
Q9NX24	NHP2
P43686	PSMC4
Q9BTA9	WAC
P11586	MTHFD1
A0AVT1	UBA6
Q96AB3	ISOC2
Q9BTE3	MCMBP
P22061	PCMT1
P55060	CSE1L
P42224	STAT1
Q96RN5	MED15
P23919	DTYMK
P42166	TMPO
O14777	NDC80
Q9Y3D0	CIAO2B
P54136	RARS1
Q8TBC4	UBA3
Q13573	SNW1
P34932	HSPA4
Q06203	PPAT
P51649	ALDH5A1
P27708	CAD
P22234	PAICS
Q6ICB0	DESI1
P62333	PSMC6
Q01813	PFKP
P38606	ATP6V1A
Q9HAV7	GRPEL1
Q14738	PPP2R5D
P51570	GALK1
Q0VGL1	LAMTOR4
P43246	MSH2
Q00839	HNRNPU
Q8WW01	TSEN15
O60610	DIAPH1
Q9NVM9	INTS13
O15067	PFAS
P35611	ADD1
O95229	ZWINT
Q969Q0	RPL36AL
Q29RF7	PDS5A
Q9UKX7	NUP50
P18621	RPL17
P49189	ALDH9A1
Q13428	TCOF1
Q9BRF8	CPPED1
O00170	AIP
Q9UNI6	DUSP12
P52657	GTF2A2
P53602	MVD
O43175	PHGDH
Q06830	PRDX1
Q00796	SORD
P31949	S100A11
Q9NXV6	CDKN2AIP
Q13162	PRDX4
Q15003	NCAPH
Q01433	AMPD2
O75874	IDH1
Q9H0C8	ILKAP
O75362	ZNF217
P10644	PRKAR1A
P51610	HCFC1
P0CB43	HGH1
O60825	PFKFB2
Q15813	TBCE
P30044	PRDX5
Q8N1F7	NUP93
P40763	STAT3
O95071	UBR5
Q9Y3Z3	SAMHD1
O75717	WDHD1
Q9NPF4	OSGEP
P16455	MGMT
Q96GG9	DCUN1D1
P37198	NUP62
P00813	ADA
O75153	CLUH
A6NDU8	RIMOC1
Q15208	STK38
Q9UKV3	ACIN1
P45984	MAPK9
Q14204	DYNC1H1
P13796	LCP1
Q9NWV8	BABAM1
O14879	IFIT3
P50749	RASSF2
O43396	TXNL1
Q96FX7	TRMT61A
Q9UBQ7	GRHPR
P05091	ALDH2
Q9NZL4	HSPBP1
O75439	PMPCB
Q8TC07	TBC1D15
P07858	CTSB
Q9NUP9	LIN7C
Q14683	SMC1A
A9UHW6	MIF4GD
Q92878	RAD50
O14933	UBE2L6
P39023	RPL3
Q9UHD8	SEPTIN9
Q9UJY4	GGA2
Q15306	IRF4
Q6L8Q7	PDE12
Q8TDP1	RNASEH2C
O95881	TXNDC12
Q9Y296	TRAPPC4
Q00765	REEP5
Q86X76	NIT1
Q96HE7	ERO1A
Q13158	FADD
Q9P2J5	LARS1
Q96PU8	QKI
Q6XZF7	DNMBP
Q9Y4R8	TELO2
Q9HBM1	SPC25
P21980	TGM2
Q9H3U1	UNC45A
Q9NRW3	APOBEC3C
O60664	PLIN3
Q9HCC0	MCCC2
O00244	ATOX1
O15372	EIF3H
Q9BRP1	PDCD2L
P30042	GATD3
P30042	GATD3B
Q13425	SNTB2
Q02809	PLOD1
Q96RE7	NACC1
Q9UPQ0	LIMCH1
Q86UV5	USP48
Q99798	ACO2
Q9P2T1	GMPR2
Q9BTW9	TBCD
Q8NFH5	NUP35
P32322	PYCR1
P50851	LRBA
Q9UBR2	CTSZ
Q8IWV8	UBR2
O75369	FLNB
Q9Y4P1	ATG4B
Q8TD19	NEK9
O94953	KDM4B
P14735	IDE
Q9NVG8	TBC1D13
Q86TI2	DPP9
O94992	HEXIM1
P19447	ERCC3
Q9Y3D2	MSRB2
Q9P253	VPS18
O75150	RNF40
P04818	TYMS
Q00535	CDK5
Q96N67	DOCK7
O95340	PAPSS2
Q96F86	EDC3
Q6QNY0	BLOC1S3
Q9UPT9	USP22
P45954	ACADSB
Q9UKT9	IKZF3
Q9NR50	EIF2B3
Q9HB90	RRAGC
P07339	CTSD
Q7Z6Z7	HUWE1
O00267	SUPT5H
O95347	SMC2
Q92616	GCN1
O14733	MAP2K7
A6NED2	RCCD1
Q14980	NUMA1
Q13867	BLMH
Q9BRJ7	NUDT16L1
Q96P48	ARAP1
Q5MNZ6	WDR45B
Q13588	GRAP
Q9HAV4	XPO5
Q5T1V6	DDX59
Q14181	POLA2
Q86UP2	KTN1
Q9UGP4	LIMD1
P32929	CTH
P31153	MAT2A
P14635	CCNB1
Q13303	KCNAB2
Q8ND24	RNF214
Q14149	MORC3
P13798	APEH
Q96T76	MMS19
Q9BTE6	AARSD1
Q9C0I1	MTMR12
P32320	CDA
Q9P2E9	RRBP1
P30876	POLR2B
P07237	P4HB
Q8IZ73	RPUSD2
Q6NZY4	ZCCHC8
Q96EB1	ELP4
O60568	PLOD3
Q8WV74	NUDT8
Q9BR61	ACBD6
Q8IU81	IRF2BP1
Q9Y5T5	USP16
P29590	PML
Q00653	NFKB2
Q9BVA1	TUBB2B
O60551	NMT2
Q16667	CDKN3
A3KN83	SBNO1
Q8N999	RLIG1
Q6YN16	HSDL2
Q9HB19	PLEKHA2
Q8WVV9	HNRNPLL
O75175	CNOT3
Q7L2J0	MEPCE
Q9NZB2	FAM120A
P26358	DNMT1
Q8TB03	CXorf38
Q9Y676	MRPS18B
Q9Y613	FHOD1
P53992	SEC24C
Q27J81	INF2
Q9UBB4	ATXN10
Q08378	GOLGA3
Q8WWI1	LMO7
P10398	ARAF
Q9NZ32	ACTR10
Q9Y2X3	NOP58
P53396	ACLY
P18124	RPL7
Q9BUK6	MSTO1
O00541	PES1
Q9Y277	VDAC3
Q02556	IRF8
Q01082	SPTBN1
A2A288	ZC3H12D
O43290	SART1
Q9UBV8	PEF1
Q6PCB5	RSBN1L
Q08380	LGALS3BP
P57737	CORO7
P24468	NR2F2
Q96RP9	GFM1
Q9NRF9	POLE3
P30837	ALDH1B1
Q8WUM4	PDCD6IP
Q9NP73	ALG13
P13667	PDIA4
O95833	CLIC3
Q14289	PTK2B
P49792	RANBP2
Q14137	BOP1
Q15345	LRRC41
Q99538	LGMN
Q96EK4	THAP11
Q96EY5	MVB12A
P22307	SCP2
Q969Z0	TBRG4
P46734	MAP2K3
Q5JPI3	C3orf38
Q9NRA8	EIF4ENIF1
Q15648	MED1
Q04206	RELA
O15533	TAPBP
Q9BUP3	HTATIP2
P53384	NUBP1
Q7Z5K2	WAPL
Q9Y5S2	CDC42BPB
Q15024	EXOSC7
P40855	PEX19
Q15910	EZH2
Q15149	PLEC
Q12789	GTF3C1
Q15796	SMAD2
Q9UL15	BAG5
Q8N9T8	KRI1
Q9Y679	AUP1
P31323	PRKAR2B
Q9HBL8	NMRAL1
Q96RU2	USP28
P17858	PFKL
Q96F07	CYFIP2
P42695	NCAPD3
Q9Y2S7	POLDIP2
P52948	NUP98
Q9UER7	DAXX
Q9H4L7	SMARCAD1
P52701	MSH6
E2QRD5	ARPIN
Q16877	PFKFB4
Q9BSQ5	CCM2
Q00013	MPP1
Q6UWP2	DHRS11
Q8N556	AFAP1
Q9NXJ5	PGPEP1
Q8IYS1	PM20D2
O75592	MYCBP2
Q5VUA4	ZNF318
Q9H3M7	TXNIP
Q92619	ARHGAP45
P46013	MKI67
Q9UI30	TRMT112
Q92797	SYMPK
P50990	CCT8
O76075	DFFB
P04150	NR3C1
Q96JH7	VCPIP1
Q8NEC7	GSTCD
P48200	IREB2
Q8WTW3	COG1
Q9BYX2	TBC1D2
P51991	HNRNPA3
Q5UIP0	RIF1
Q5T440	IBA57
P46821	MAP1B
Q9BT09	CNPY3
Q8IXB1	DNAJC10
O00622	CCN1
Q69YN2	CWF19L1
Q8TEX9	IPO4
Q9Y6W3	CAPN7
Q9Y6Y8	SEC23IP
Q9ULX6	AKAP8L
Q13630	GFUS
Q9GZR2	REXO4
Q8WXD5	GEMIN6
Q15118	PDK1
Q8WXE1	ATRIP
Q14141	SEPTIN6
Q8IYQ7	THNSL1
Q9ULJ3	ZBTB21
Q01581	HMGCS1
Q9UL45	BLOC1S6
Q9HAU4	SMURF2
Q8TCG1	CIP2A
Q7Z2Z2	EFL1
Q5JTD0	TJAP1
Q15022	SUZ12
Q9H0L4	CSTF2T
Q03169	TNFAIP2
Q06187	BTK
Q96N21	TEPSIN
Q7Z401	DENND4A
Q9H307	PNN
Q96DF8	ESS2
Q7L8W6	DPH6
Q13232	NME3
Q9BZ67	FRMD8
P51617	IRAK1
Q9Y4W2	LAS1L
Q96IV0	NGLY1
P42575	CASP2
P51812	RPS6KA3
P09086	POU2F2
Q8IWV7	UBR1
Q9H0W8	SMG9
O96017	CHEK2
Q96RU3	FNBP1
O15357	INPPL1
Q8N5L8	RPP25L
O60443	GSDME
Q9NU22	MDN1
Q09472	EP300
P12532	CKMT1A
P12532	CKMT1B
Q9P2X3	IMPACT
Q01201	RELB
Q9UPN9	TRIM33
Q8IV53	DENND1C
P49903	SEPHS1
Q70CQ2	USP34
Q9BWH6	RPAP1
Q6AI12	ANKRD40
Q5GLZ8	HERC4
Q9Y5A7	NUB1
Q6PJG6	BRAT1
Q8NB90	AFG2A
Q9ULT8	HECTD1
Q9NUI1	DECR2
Q9P0V9	SEPTIN10
Q8WX93	PALLD
Q9Y4B4	RAD54L2
P41226	UBA7
Q9BZQ6	EDEM3
P52732	KIF11
P14598	NCF1
Q9UL40	ZNF346
Q9C0C9	UBE2O
O95239	KIF4A
Q8WYP5	AHCTF1
Q93074	MED12
Q16610	ECM1
Q2VPK5	CTU2
Q9UI10	EIF2B4
Q9UPW5	AGTPBP1
Q13613	MTMR1
P39877	PLA2G5
Q14207	NPAT
P42704	LRPPRC
Q9Y5R8	TRAPPC1
O60566	BUB1B
Q5TGY3	AHDC1
P43403	ZAP70
P07602	PSAP
Q96FA3	PELI1
Q8IY17	PNPLA6
Q8IY18	SMC5
Q9NTJ3	SMC4
Q07065	CKAP4
Q9H479	FN3K
Q8NFY9	KBTBD8
Q9UHQ1	NARF
Q15042	RAB3GAP1
Q9H0E9	BRD8
P51878	CASP5
Q9UPQ9	TNRC6B
Q96C01	FAM136A
Q9NQZ5	STARD7
Q9H9P8	L2HGDH
Q8NBX0	SCCPDH
Q9C0C2	TNKS1BP1
Q9Y4C1	KDM3A
Q8N5C7	DTWD1
Q9BVP2	GNL3
Q6ZS81	WDFY4
O94829	IPO13
Q9BRT3	MIEN1
Q96NE9	FRMD6
Q6VMQ6	ATF7IP
P68371	TUBB4B
Q8WVB6	CHTF18
Q9Y266	NUDC
O95336	PGLS
P62701	RPS4X
Q5TFE4	NT5DC1
P33240	CSTF2
Q9UJW0	DCTN4
P57764	GSDMD
Q9NQ88	TIGAR
P27635	RPL10
Q96GX2	ATXN7L3B
Q15398	DLGAP5
Q9BVC5	C2orf49
P36542	ATP5F1C
Q9ULV4	CORO1C
Q96S55	WRNIP1
O14980	XPO1
P37235	HPCAL1
Q9NQC3	RTN4
Q9NRG0	CHRAC1
Q14997	PSME4
Q02252	ALDH6A1
Q09666	AHNAK
Q9BWU1	CDK19
O75822	EIF3J
P51946	CCNH
Q9BUH6	PAXX
O00159	MYO1C
Q9H410	DSN1
P50454	SERPINH1
Q86YH6	PDSS2
Q7Z3B4	NUP54
Q5T0N5	FNBP1L
Q9NYL2	MAP3K20
Q8IWZ3	ANKHD1
P36405	ARL3
Q9Y4X0	AMMECR1
Q99986	VRK1
O14936	CASK
O60488	ACSL4
O75179	ANKRD17
P49419	ALDH7A1
O76031	CLPX
Q9P0K7	RAI14
Q9NWA0	MED9
Q9NX18	SDHAF2
Q969H6	POP5
Q9BSD7	NTPCR
O43439	CBFA2T2
Q86U44	METTL3
P27540	ARNT
Q8NFF5	FLAD1
P46940	IQGAP1
P45985	MAP2K4
Q9Y3A3	MOB4
P10809	HSPD1
O14929	HAT1
P85037	FOXK1
P62266	RPS23
P55263	ADK
P42167	TMPO
Q15185	PTGES3
O75521	ECI2
Q9UMS0	NFU1
Q9NYL9	TMOD3
Q12959	DLG1
P33992	MCM5
P55265	ADAR
P07437	TUBB
P82932	MRPS6
Q9NQW6	ANLN
O60701	UGDH
P62829	RPL23
Q6P1R3	MSANTD2
O00487	PSMD14
Q99714	HSD17B10
Q9Y570	PPME1
P62280	RPS11
P46782	RPS5
Q16763	UBE2S
P23396	RPS3
Q15365	PCBP1
Q9ULW0	TPX2
P60228	EIF3E
Q8IUR0	TRAPPC5
P09110	ACAA1
Q9NS86	LANCL2
P45880	VDAC2
Q9NY65	TUBA8
P35658	NUP214
P62888	RPL30
Q92667	AKAP1
P15121	AKR1B1
O43390	HNRNPR
P09211	GSTP1
P17655	CAPN2
Q9NTX5	ECHDC1
P34897	SHMT2
P49411	TUFM
Q9BY89	KIAA1671
Q15233	NONO
Q96C19	EFHD2
P35270	SPR
P24752	ACAT1
P50570	DNM2
Q9NZ09	UBAP1
P11216	PYGB
Q9NWU1	OXSM
Q99832	CCT7
Q16822	PCK2
Q96CM8	ACSF2
Q9NYZ3	GTSE1
Q68CZ2	TNS3
Q16270	IGFBP7
Q5TA50	CPTP
Q13045	FLII
O75531	BANF1
Q16643	DBN1
P09429	HMGB1
Q9P0J1	PDP1
Q9NY27	PPP4R2
Q7L1Q6	BZW1
P11413	G6PD
Q96HC4	PDLIM5
Q96PK6	RBM14
P10599	TXN
P15374	UCHL3
Q13418	ILK
Q9BT78	COPS4
Q92841	DDX17
O75400	PRPF40A
P63244	RACK1
O43865	AHCYL1
Q9HD26	GOPC
P49757	NUMB
O95373	IPO7
P41240	CSK
P38936	CDKN1A
P38646	HSPA9
Q13501	SQSTM1
O75600	GCAT
O14497	ARID1A
O14964	HGS
Q2TAA2	IAH1
P14618	PKM
Q92796	DLG3
Q13503	MED21
O43818	RRP9
P26022	PTX3
Q99447	PCYT2
Q9UMR2	DDX19B
P78417	GSTO1
P09884	POLA1
O60716	CTNND1
Q86UW9	DTX2
Q12996	CSTF3
Q92552	MRPS27
Q14203	DCTN1
P08047	SP1
Q8N3F8	MICALL1
Q96KB5	PBK
O75131	CPNE3
P13010	XRCC5
Q9NVC6	MED17
Q08J23	NSUN2
P84090	ERH
Q9BTC0	DIDO1
Q14008	CKAP5
O15145	ARPC3
Q8N2W9	PIAS4
P11498	PC
O75570	MTRF1
Q13200	PSMD2
Q9H269	VPS16
O75676	RPS6KA4
Q13561	DCTN2
P25205	MCM3
Q13643	FHL3
Q8WWM7	ATXN2L
Q9NPH0	ACP6
Q9Y3F4	STRAP
Q13547	HDAC1
P41227	NAA10
Q9H078	CLPB
P61081	UBE2M
Q9NUY8	TBC1D23
P30048	PRDX3
Q8NDH3	NPEPL1
Q9UNH7	SNX6
Q2NL82	TSR1
O95372	LYPLA2
Q7Z2W4	ZC3HAV1
P09914	IFIT1
P13489	RNH1
P18858	LIG1
Q9GZP4	PITHD1
Q9UDY2	TJP2
O95571	ETHE1
Q13131	PRKAA1
Q96DC7	TMCO6
Q9Y5P6	GMPPB
P55072	VCP
P16333	NCK1
O75694	NUP155
Q6PJT7	ZC3H14
Q9H832	UBE2Z
Q9HA47	UCK1
P08240	SRPRA
O60504	SORBS3
P84243	H3-3A
P84243	H3-3B
Q15459	SF3A1
Q7Z7A3	CTU1
Q99757	TXN2
P51553	IDH3G
O00506	STK25
Q969W3	VCF1
P42765	ACAA2
P48643	CCT5
P14866	HNRNPL
P55084	HADHB
P08397	HMBS
Q96GM8	TOE1
P35754	GLRX
P35579	MYH9
Q96P16	RPRD1A
Q9ULK4	MED23
O15382	BCAT2
P12814	ACTN1
Q13018	PLA2R1
P42126	ECI1
Q92871	PMM1
P30519	HMOX2
P68431	H3C1
P68431	H3C10
P68431	H3C11
P68431	H3C12
P68431	H3C2
P68431	H3C3
P68431	H3C4
P68431	H3C6
P68431	H3C7
P68431	H3C8
Q8IY67	RAVER1
P06400	RB1
Q96G03	PGM2
Q14192	FHL2
Q9UKK9	NUDT5
P13674	P4HA1
Q9BSJ8	ESYT1
Q15543	TAF13
Q86YV5	PRAG1
P54886	ALDH18A1
Q86UA6	RPAIN
Q6ZMK1	TMEM276
Q6ZMK1	ZFTRAF1
Q15645	TRIP13
P08107	HSPA1A
P08107	HSPA1B
Q9BV38	WDR18
Q14315	FLNC
O00571	DDX3X
O60671	RAD1
P13797	PLS3
Q9Y2D5	PALM2AKAP2
O60934	NBN
Q5TBB1	RNASEH2B
Q15013	MAD2L1BP
Q9H0D6	XRN2
P26440	IVD
Q9UNM6	PSMD13
P39687	ANP32A
Q99961	SH3GL1
P12955	PEPD
Q9UNW1	MINPP1
P29317	EPHA2
Q96RL1	UIMC1
P15407	FOSL1
Q7L5Y9	MAEA
Q16831	UPP1
P05386	RPLP1
Q9Y314	NOSIP
Q9NTZ6	RBM12
Q9BUF5	TUBB6
Q9GZV5	WWTR1
O14818	PSMA7
Q9NW64	RBM22
O75828	CBR3
P68104	EEF1A1
O43795	MYO1B
Q86VP6	CAND1
P62140	PPP1CB
P62136	PPP1CA
Q09028	RBBP4
Q9NVX0	HAUS2
Q16854	DGUOK
Q6P1L8	MRPL14
Q9UBF6	RNF7
P21333	FLNA
P61158	ACTR3
P52789	HK2
Q12888	TP53BP1
Q14914	PTGR1
O43242	PSMD3
Q96FV9	THOC1
Q8N0X7	SPART
Q7Z5J4	RAI1
O95425	SVIL
Q92905	COPS5
O75940	SMNDC1
Q9Y508	RNF114
Q9BWD1	ACAT2
P33764	S100A3
P18031	PTPN1
Q5T6F2	UBAP2
P52435	POLR2J
Q7Z417	NUFIP2
Q9UJM3	ERRFI1
Q86W50	METTL16
P14868	DARS1
P61289	PSME3
H3BQZ7	HNRNPUL2-BSCL2
Q9Y5Y2	NUBP2
Q99460	PSMD1
P00505	GOT2
Q96EB6	SIRT1
P05412	JUN
P09543	CNP
Q6WCQ1	MPRIP
P40123	CAP2
O75909	CCNK
P24941	CDK2
P49321	NASP
P30153	PPP2R1A
P25398	RPS12
O15355	PPM1G
Q9BY32	ITPA
Q15102	PAFAH1B3
P56537	EIF6
Q9BX40	LSM14B
Q9Y5L0	TNPO3
Q86V48	LUZP1
P49841	GSK3B
Q9UMS4	PRPF19
Q86YS7	C2CD5
P16035	TIMP2
P55735	SEC13
Q96FW1	OTUB1
P00492	HPRT1
Q8N806	UBR7
Q7KZF4	SND1
Q12874	SF3A3
Q12849	GRSF1
Q9H6S3	EPS8L2
P26368	U2AF2
Q96GW9	MARS2
P30086	PEBP1
Q14376	GALE
O95999	BCL10
P16144	ITGB4
Q7L2H7	EIF3M
Q99638	RAD9A
Q9UBE0	SAE1
Q13185	CBX3
O43707	ACTN4
Q15020	SART3
P27816	MAP4
P52788	SMS
Q969E8	TSR2
Q96CP2	FLYWCH2
P22087	FBL
Q9NXV2	KCTD5
P23528	CFL1
Q02750	MAP2K1
P51665	PSMD7
P62993	GRB2
P13995	MTHFD2
Q96Q11	TRNT1
P49753	ACOT2
Q9Y305	ACOT9
Q9NZE8	MRPL35
Q9P258	RCC2
Q13148	TARDBP
P78371	CCT2
P61077	UBE2D3
P05388	RPLP0
Q16576	RBBP7
Q9BV79	MECR
O95486	SEC24A
Q8WVJ2	NUDCD2
Q9ULC4	MCTS1
P52272	HNRNPM
P53004	BLVRA
Q14694	USP10
Q9H0G5	NSRP1
O15231	ZNF185
Q9H1K1	ISCU
Q14697	GANAB
Q86WB0	ZC3HC1
Q15369	ELOC
P55786	NPEPPS
O75607	NPM3
Q13310	PABPC4
O60763	USO1
P22314	UBA1
Q1KMD3	HNRNPUL2
P00390	GSR
P13693	TPT1
Q06210	GFPT1
Q0PNE2	ELP6
O94925	GLS
P49721	PSMB2
Q9UQR0	SCML2
Q99797	MIPEP
Q7L5N1	COPS6
O75083	WDR1
Q96CU9	FOXRED1
P61812	TGFB2
Q13526	PIN1
P61978	HNRNPK
P49915	GMPS
P10768	ESD
Q12931	TRAP1
Q15417	CNN3
P53041	PPP5C
Q6PI48	DARS2
O00469	PLOD2
Q9H845	ACAD9
Q7L5D6	GET4
Q13439	GOLGA4
Q9H081	MIS12
Q05048	CSTF1
O14727	APAF1
O15446	POLR1G
O00425	IGF2BP3
Q99829	CPNE1
Q9BQ69	MACROD1
Q9UBW8	COPS7A
P36551	CPOX
Q16644	MAPKAPK3
Q93009	USP7
Q7Z5L9	IRF2BP2
P47897	QARS1
Q03933	HSF2
Q16514	TAF12
P48307	TFPI2
Q5VWQ0	RSBN1
Q9HB40	SCPEP1
Q86WS5	TMPRSS12
Q9NZA1	CLIC5
Q15370	ELOB
P23368	ME2
P08670	VIM
Q14258	TRIM25
Q01081	U2AF1
Q7RTV0	PHF5A
Q14247	CTTN
P02545	LMNA
Q96TA1	NIBAN2
P41250	GARS1
Q9Y2L1	DIS3
Q9H7N4	SCAF1
P68402	PAFAH1B2
Q9UI12	ATP6V1H
P11388	TOP2A
Q9Y2X0	MED16
Q96AD5	PNPLA2
Q6P1K8	GTF2H2C
Q6P1K8	GTF2H2C_2
P04406	GAPDH
O00299	CLIC1
P60842	EIF4A1
Q92530	PSMF1
P25786	PSMA1
P62753	RPS6
Q5VWZ2	LYPLAL1
P49589	CARS1
Q52LJ0	FAM98B
P26447	S100A4
Q5RKV6	EXOSC6
Q9BQP7	MGME1
P62979	RPS27A
Q8WVC0	LEO1
P28347	TEAD1
P32780	GTF2H1
P10619	CTSA
O43776	NARS1
Q96P47	AGAP3
Q17RN3	FAM98C
Q86W42	THOC6
Q16527	CSRP2
P26641	EEF1G
Q9NTK5	OLA1
P15880	RPS2
O15371	EIF3D
P15927	RPA2
Q12982	BNIP2
Q9UJX3	ANAPC7
P19367	HK1
P51808	DYNLT3
P78406	RAE1
Q99627	COPS8
Q14790	CASP8
P50991	CCT4
P55884	EIF3B
P04637	TP53
O43708	GSTZ1
O95273	CCNDBP1
Q9NP61	ARFGAP3
Q9NVS9	PNPO
Q9BYG5	PARD6B
Q99567	NUP88
Q6NVY1	HIBCH
P48059	LIMS1
Q86W56	PARG
Q99873	PRMT1
P55769	SNU13
P60981	DSTN
P63208	SKP1
Q9Y224	RTRAF
P47756	CAPZB
P46060	RANGAP1
Q9UBT2	UBA2
Q9NQT5	EXOSC3
O75821	EIF3G
Q04637	EIF4G1
O95817	BAG3
P08559	PDHA1
Q99967	CITED2
P31937	HIBADH
Q7L775	EPM2AIP1
Q8NBS9	TXNDC5
P52292	KPNA2
Q9BXW7	HDHD5
Q9NUQ9	CYRIB
Q12824	SMARCB1
Q9BSH5	HDHD3
Q9UPY8	MAPRE3
P21964	COMT
Q9P0L0	VAPA
Q9UK41	VPS28
Q8N163	CCAR2
P78527	PRKDC
P62873	GNB1
Q14696	MESD
P67775	PPP2CA
Q92973	TNPO1
Q9Y696	CLIC4
P49458	SRP9
P08238	HSP90AB1
P62304	SNRPE
Q16555	DPYSL2
O43765	SGTA
O60232	ZNRD2
Q6IBS0	TWF2
P49748	ACADVL
P62942	FKBP1A
Q92621	NUP205
C9J4G0	BAP18
Q9NXA8	SIRT5
Q9P287	BCCIP
P09622	DLD
O60921	HUS1
Q9UHR5	SAP30BP
Q96JB5	CDK5RAP3
O00232	PSMD12
P23434	GCSH
Q9NUQ6	SPATS2L
Q9BZG1	RAB34
Q7L0Y3	TRMT10C
Q92665	MRPS31
O75376	NCOR1
P27348	YWHAQ
P78347	GTF2I
P31948	STIP1
P60866	RPS20
P31939	ATIC
Q92597	NDRG1
O15164	TRIM24
P30405	PPIF
Q8WUM0	NUP133
Q9H8V3	ECT2
Q01970	PLCB3
O75608	LYPLA1
O95059	RPP14
P06730	EIF4E
P62826	RAN
P62306	SNRPF
P43487	RANBP1
Q16851	UGP2
Q16630	CPSF6
P28838	LAP3
Q9H3H3	C11orf68
O00743	PPP6C
P60174	TPI1
Q14847	LASP1
P27695	APEX1
O95630	STAMBP
O75390	CS
Q9H4A4	RNPEP
Q92747	ARPC1A
Q13472	TOP3A
P45983	MAPK8
Q6P0N0	MIS18BP1
P14923	JUP
Q9GZQ3	COMMD5
Q96PN7	TRERF1
Q9BRA2	TXNDC17
P07900	HSP90AA1
P62937	PPIA
P63279	UBE2I
P04632	CAPNS1
P26038	MSN
Q96EV2	RBM33
P00367	GLUD1
Q14103	HNRNPD
Q99436	PSMB7
O60684	KPNA6
P42330	AKR1C3
Q96IF1	AJUBA
P49770	EIF2B2
P28482	MAPK1
P37802	TAGLN2
P30084	ECHS1
Q9BW61	DDA1
O00233	PSMD9
P07195	LDHB
P04075	ALDOA
Q66K74	MAP1S
Q15691	MAPRE1
P49459	UBE2A
Q9NX46	ADPRS
P17676	CEBPB
Q5JS54	PSMG4
A6NHR9	SMCHD1
P38117	ETFB
Q9UBL3	ASH2L
P50479	PDLIM4
Q9BW92	TARS2
Q92769	HDAC2
Q06330	RBPJ
P60709	ACTB
P63220	RPS21
P63000	RAC1
Q96B23	ARK2N
P49005	POLD2
P09234	SNRPC
O43264	ZW10
Q96I99	SUCLG2
Q8NHV4	NEDD1
Q53H96	PYCR3
P49848	TAF6
Q13257	MAD2L1
P40926	MDH2
Q15652	JMJD1C
P07203	GPX1
Q14353	GAMT
P67936	TPM4
P00558	PGK1
Q9Y2Z0	SUGT1
O60828	PQBP1
P23526	AHCY
O00273	DFFA
Q16181	SEPTIN7
P56192	MARS1
Q9NZD2	GLTP
P00491	PNP
P08621	SNRNP70
P30566	ADSL
Q9H2U2	PPA2
P49023	PXN
Q9NV35	NUDT15
Q8TAC2	JOSD2
Q9NSE4	IARS2
P62879	GNB2
P52306	RAP1GDS1
P14324	FDPS
Q9HC38	GLOD4
Q6IS14	EIF5AL1
Q9H3P7	ACBD3
P09661	SNRPA1
Q92879	CELF1
P0CW22	RPS17
O75446	SAP30
Q9Y3D5	MRPS18C
P62241	RPS8
P31943	HNRNPH1
P53597	SUCLG1
Q9Y5K6	CD2AP
O95983	MBD3
P36871	PGM1
P31930	UQCRC1
Q9NZJ9	NUDT4
P01892	HLA-A
P62263	RPS14
Q9NQR4	NIT2
P31947	SFN
Q96EY4	TMA16
Q9Y490	TLN1
Q70E73	RAPH1
Q9BQ52	ELAC2
Q14839	CHD4
P28290	ITPRID2
Q86SX6	GLRX5
P48735	IDH2
Q96GX9	APIP
P53618	COPB1
P61106	RAB14
Q9BZE9	ASPSCR1
E7ETI0	ARPC4
Q9Y617	PSAT1
Q9Y3C6	PPIL1
Q14152	EIF3A
O14965	AURKA
P46939	UTRN
P52209	PGD
P30050	RPL12
Q9UJU6	DBNL
Q8NFH4	NUP37
P18085	ARF4
P55809	OXCT1
Q01518	CAP1
Q13620	CUL4B
P50914	RPL14
Q8WXI9	GATAD2B
Q04760	GLO1
P24534	EEF1B2
O00231	PSMD11
P18583	SON
Q8WZ82	OVCA2
P29692	EEF1D
P14921	ETS1
P36404	ARL2
O43572	AKAP10
O14950	MYL12B
Q14974	KPNB1
Q02543	RPL18A
Q7Z434	MAVS
P61970	NUTF2
Q9H4A6	GOLPH3
B5ME19	EIF3CL
P48556	PSMD8
P07384	CAPN1
P49756	RBM25
P48444	ARCN1
Q00577	PURA
Q96QK1	VPS35
Q9H8M7	MINDY3
Q15631	TSN
Q9NZZ3	CHMP5
P25789	PSMA4
P33316	DUT
Q6P1X6	C8orf82
O75832	PSMD10
Q8NCW5	NAXE
Q9Y3C4	TPRKB
P12004	PCNA
Q9UNF1	MAGED2
P63151	PPP2R2A
Q14197	MRPL58
P62316	SNRPD2
O43447	PPIH
Q16740	CLPP
P49116	NR2C2
P49720	PSMB3
Q53T59	HS1BP3
Q15366	PCBP2
P60660	MYL6
P15311	EZR
P17812	CTPS1
Q9H3P2	NELFA
O15042	U2SURP
P78344	EIF4G2
P20248	CCNA2
Q86Y37	CACUL1
O94851	MICAL2
Q16762	TST
P00338	LDHA
P84085	ARF5
P28074	PSMB5
O00148	DDX39A
Q15424	SAFB
Q9NVE7	PANK4
P43243	MATR3
P62487	POLR2G
Q04724	TLE1
P46776	RPL27A
P61221	ABCE1
O76003	GLRX3
Q8N9N8	EIF1AD
P28066	PSMA5
P40925	MDH1
Q9UGV2	NDRG3
Q8N4X5	AFAP1L2
P22626	HNRNPA2B1
P47755	CAPZA2
P14174	MIF
P52565	ARHGDIA
P06733	ENO1
P61247	RPS3A
P14625	HSP90B1
P05161	ISG15
Q9UQ80	PA2G4
P39748	FEN1
Q96I51	RCC1L
Q969T4	UBE2E3
Q15181	PPA1
Q9BUJ2	HNRNPUL1
Q16543	CDC37
P54105	CLNS1A
P46937	YAP1
Q04446	GBE1
P50213	IDH3A
Q92688	ANP32B
P19623	SRM
Q13642	FHL1
P83916	CBX1
Q9NYK5	MRPL39
Q12841	FSTL1
Q9P2R7	SUCLA2
Q96KP4	CNDP2
Q9UL46	PSME2
Q9Y6E0	STK24
P15153	RAC2
P61163	ACTR1A
P35998	PSMC2
Q13838	DDX39B
J3QR44	CDK11B
Q6NYC8	PPP1R18
Q92576	PHF3
P58546	MTPN
P08138	NGFR
P36873	PPP1CC
P07737	PFN1
P11142	HSPA8
P46779	RPL28
P04040	CAT
P15170	GSPT1
Q16718	NDUFA5
Q5VYK3	ECPAS
P24844	MYL9
P60953	CDC42
O14776	TCERG1
Q96NY7	CLIC6
P62258	YWHAE
P55209	NAP1L1
P52907	CAPZA1
Q5H9R7	PPP6R3
Q9Y678	COPG1
P09382	LGALS1
Q9BWJ5	SF3B5
Q9NXH9	TRMT1
Q9GZT3	SLIRP
Q8TEW0	PARD3
Q99426	TBCB
Q9UHX1	PUF60
Q14019	COTL1
P27694	RPA1
Q8IZ69	TRMT2A
P21291	CSRP1
Q16836	HADH
Q6FI81	CIAPIN1
Q96FJ2	DYNLL2
Q9BTZ2	DHRS4
Q9H668	STN1
P30626	SRI
Q8NBF2	NHLRC2
Q9Y262	EIF3L
Q15121	PEA15
P61981	YWHAG
P18669	PGAM1
Q92947	GCDH
P27797	CALR
P62191	PSMC1
P07355	ANXA2
Q16698	DECR1
O15460	P4HA2
Q9GZU8	PSME3IP1
Q15393	SF3B3
Q96IZ0	PAWR
P25788	PSMA3
Q8TDX7	NEK7
Q9Y5S9	RBM8A
Q9BQ15	NABP2
Q9UJ70	NAGK
Q99661	KIF2C
P19404	NDUFV2
P37837	TALDO1
Q8WUA4	GTF3C2
O00151	PDLIM1
P18754	RCC1
P60900	PSMA6
P49773	HINT1
P28062	PSMB8
P40227	CCT6A
Q04917	YWHAH
P08134	RHOC
P31350	RRM2
P14678	SNRPB
P56545	CTBP2
Q8N3D4	EHBP1L1
P21266	GSTM3
P78346	RPP30
P51858	HDGF
P63104	YWHAZ
P04181	OAT
Q9NQY0	BIN3
Q8NFC6	BOD1L1
Q9UHY1	NRBP1
Q00325	SLC25A3
P63167	DYNLL1
P26639	TARS1
P62910	RPL32
P53634	CTSC
P32321	DCTD
P28799	GRN
Q9Y2Q3	GSTK1
P84077	ARF1
O60942	RNGTT
P09417	QDPR
O43929	ORC4
Q9H4M9	EHD1
P07741	APRT
Q9Y697	NFS1
O15392	BIRC5
Q15019	SEPTIN2
Q07020	RPL18
P35250	RFC2
Q9Y3B8	REXO2
P35268	RPL22
P36776	LONP1
Q12905	ILF2
Q969T9	WBP2
P48739	PITPNB
Q8IV48	ERI1
Q5JPH6	EARS2
P31946	YWHAB
P16219	ACADS
P61160	ACTR2
O00154	ACOT7
P26599	PTBP1
Q96C36	PYCR2
Q92945	KHSRP
P45973	CBX5
O96019	ACTL6A
O15144	ARPC2
P49368	CCT3
P62330	ARF6
Q13564	NAE1
Q9UEW8	STK39
Q9H223	EHD4
O43617	TRAPPC3
Q9NSD9	FARSB
Q9Y383	LUC7L2
Q9Y230	RUVBL2
O60493	SNX3
Q9BZE1	MRPL37
Q9NZN4	EHD2
P06132	UROD
Q9Y265	RUVBL1
P04179	SOD2
P21281	ATP6V1B2
Q9H6Z4	RANBP3
Q9BV86	NTMT1
O95861	BPNT1
Q13363	CTBP1
Q93052	LPP
P04899	GNAI2
Q96EP5	DAZAP1
O75348	ATP6V1G1
P62249	RPS16
P05455	SSB
Q7Z4W1	DCXR
P22102	GART
Q9UK45	LSM7
Q16186	ADRM1
P15531	NME1
O95456	PSMG1
Q96EY8	MMAB
Q06124	PTPN11
Q9UBB5	MBD2
O60361	NME2P1
O43684	BUB3
P41252	IARS1
P50552	VASP
P53582	METAP1
Q12765	SCRN1
P07814	EPRS1
P17844	DDX5
Q9BTT0	ANP32E
Q8WU79	SMAP2
P45974	USP5
Q92598	HSPH1
Q9UBN7	HDAC6
Q9P1F3	ABRACL
Q99575	POP1
P09936	UCHL1
P20073	ANXA7
Q9GZZ9	UBA5
P19784	CSNK2A2
P30040	ERP29
P61927	RPL37
P40121	CAPG
P29401	TKT
P48147	PREP
Q5VSL9	STRIP1
Q9UHD1	CHORDC1
Q96SW2	CRBN
P19838	NFKB1
P49207	RPL34
Q14657	LAGE3
P30041	PRDX6
Q9NRP4	SDHAF3
Q9H814	PHAX
Q9UPN7	PPP6R1
P50395	GDI2
Q6JBY9	RCSD1
Q9GZT9	EGLN1
P06744	GPI
P33993	MCM7
P40222	TXLNA
O94776	MTA2
A6NHG4	DDTL
Q9NVA2	SEPTIN11
O00410	IPO5
Q8IWX8	CHERP
Q99543	DNAJC2
O60502	OGA
P32119	PRDX2
O15541	RNF113A
O43592	XPOT
Q92888	ARHGEF1
P61586	RHOA
Q9BXS6	NUSAP1
P35914	HMGCL
P01591	JCHAIN
Q96EY7	PTCD3
Q9NR45	NANS
Q86WR0	CCDC25
Q9BY42	RTF2
Q9NVP2	ASF1B
Q8IZ07	ANKRD13A
Q8IUI8	CRLF3
Q9ULZ2	STAP1
Q9NZ63	C9orf78
P33991	MCM4
Q13330	MTA1
Q9H299	SH3BGRL3
Q32MZ4	LRRFIP1
Q13619	CUL4A
Q9H773	DCTPP1
Q14676	MDC1
O43815	STRN
Q9Y263	PLAA
O95801	TTC4
P23921	RRM1
P07954	FH
Q9BSH4	TACO1
Q16666	IFI16
Q9P289	STK26
H3BVE0	BOLA2-SMG1P6
P60891	PRPS1
Q92974	ARHGEF2
O75995	SASH3
Q8WYJ6	SEPTIN1
Q15054	POLD3
Q14232	EIF2B1
Q8TB45	DEPTOR
O60343	TBC1D4
Q86U90	YRDC
P31751	AKT2
Q53ET0	CRTC2
P16152	CBR1
Q5U5X0	LYRM7
P41091	EIF2S3
Q8IUD2	ERC1
P55210	CASP7
Q9BY77	POLDIP3
Q96ST2	IWS1
B9A064	IGLL5
O75688	PPM1B
P54687	BCAT1
Q9NZT2	OGFR
Q13813	SPTAN1
P84103	SRSF3
O75391	SPAG7
Q14240	EIF4A2
Q9Y3B4	SF3B6
Q8IXH7	NELFCD
Q9C0B1	FTO
Q05086	UBE3A
Q8WW33	GTSF1
P31689	DNAJA1
Q9UGI8	TES
Q7L4I2	RSRC2
Q13496	MTM1
Q9H3R5	CENPH
Q06587	RING1
O95400	CD2BP2
O94804	STK10
P82912	MRPS11
Q8WUX2	CHAC2
Q9H8W4	PLEKHF2
O95394	PGM3
Q86TG7	PEG10
Q7Z7A4	PXK
Q9NR33	POLE4
P20290	BTF3
Q6PKG0	LARP1
Q9H7D7	WDR26
Q96BN8	OTULIN
P29034	S100A2
Q7LG56	RRM2B
P25098	GRK2
P08243	ASNS
O95819	MAP4K4
Q13557	CAMK2D
P30154	PPP2R1B
P61758	VBP1
P86790	CCZ1B
P35236	PTPN7
Q9Y6W5	WASF2
P57081	WDR4
Q9H0R6	QRSL1
O00268	TAF4
O95295	SNAPIN
P43490	NAMPT
P52566	ARHGDIB
Q9UL25	RAB21
P32969	RPL9
P32969	RPL9P7
P32969	RPL9P8
P32969	RPL9P9
Q86UX7	FERMT3
P62312	LSM6
O75815	BCAR3
Q7KZ85	SUPT6H
P23381	WARS1
Q14139	UBE4A
Q8NCF5	NFATC2IP
O75934	BCAS2
Q9NZL9	MAT2B
Q5TDH0	DDI2
Q13126	MTAP
H7BZ11	RPL36A-HNRNPH2
Q96FZ2	HMCES
O43252	PAPSS1
P62633	CNBP
Q16881	TXNRD1
O95294	RASAL1
Q9UQ35	SRRM2
P54577	YARS1
Q8TD30	GPT2
O14744	PRMT5
Q9NVT9	ARMC1
O60888	CUTA
Q6P2E9	EDC4
P20810	CAST
Q9BQ61	TRIR
Q96I15	SCLY
Q9Y520	PRRC2C
Q6GMV2	SMYD5
Q7L014	DDX46
Q8NFX7	STXBP6
Q9NRL3	STRN4
Q9NQW7	XPNPEP1
Q9Y4B6	DCAF1
Q66PJ3	ARL6IP4
Q14C86	GAPVD1
P16885	PLCG2
Q92835	INPP5D
Q15004	PCLAF
Q8N6M0	OTUD6B
Q13153	PAK1
P13804	ETFA
Q96QR8	PURB
O60711	LPXN
P62195	PSMC5
O76071	CIAO1
P04083	ANXA1
Q9Y3B2	EXOSC1
Q8WWY3	PRPF31
Q13085	ACACA
Q9H9E3	COG4
P08567	PLEK
P11021	HSPA5
Q9BPX3	NCAPG
P36507	MAP2K2
Q9BV20	MRI1
Q9NPA3	MID1IP1
P41134	ID1
Q13509	TUBB3
Q9H6K1	ILRUN
Q13057	COASY
Q96EP0	RNF31
P23497	SP100
Q02790	FKBP4
P48507	GCLM
Q14166	TTLL12
O60547	GMDS
P40938	RFC3
Q96IY1	NSL1
P12270	TPR
P31146	CORO1A
Q04726	TLE3
Q8TDN6	BRIX1
Q9NR56	MBNL1
Q99614	TTC1
P55199	ELL
O95671	ASMTL
O75914	PAK3
Q92499	DDX1
Q8TBB5	KLHDC4
Q12768	WASHC5
P29144	TPP2
Q9H9Q2	COPS7B
P40261	NNMT
Q5JRX3	PITRM1
Q9ULE6	PALD1
Q9NPJ6	MED4
Q5VTR2	RNF20
P50995	ANXA11
P62851	RPS25
Q12906	ILF3
Q13315	ATM
P22681	CBL
Q9UBQ0	VPS29
Q9NT62	ATG3
Q7L591	DOK3
Q6IA86	ELP2
P54819	AK2
P23610	F8A1
P23610	F8A2
P23610	F8A3
P13861	PRKAR2A
Q96ER3	SAAL1
Q6P9B6	MEAK7
Q9Y6A5	TACC3
O75879	GATB
Q9UHB9	SRP68
Q9Y4L1	HYOU1
Q9BRX5	GINS3
Q9NR09	BIRC6
Q10713	PMPCA
P30281	CCND3
P49790	NUP153
Q93008	USP9X
Q9BXB5	OSBPL10
Q14005	IL16
P61962	DCAF7
P55160	NCKAP1L
Q8NBJ5	COLGALT1
Q6NXT1	ANKRD54
Q5VT52	RPRD2
Q5T160	RARS2
O94855	SEC24D
Q9BQA1	WDR77
O95232	LUC7L3
Q8IXK0	PHC2
P08758	ANXA5
O75616	ERAL1
P36954	POLR2I
Q9H2G2	SLK
P50135	HNMT
Q6Y7W6	GIGYF2
P02765	AHSG
Q9UPN3	MACF1
Q00341	HDLBP
Q16512	PKN1
Q05655	PRKCD
O60234	GMFG
Q5JTZ9	AARS2
Q9NRW4	DUSP22
P62857	RPS28
Q7LBC6	KDM3B
O60841	EIF5B
Q9H910	JPT2
Q8WZA9	IRGQ
O15235	MRPS12
Q99590	SCAF11
P52888	THOP1
P55212	CASP6
Q6IBW4	NCAPH2
Q8TB52	FBXO30
Q53EL6	PDCD4
Q96DE5	ANAPC16
O15269	SPTLC1
O75935	DCTN3
Q8IU85	CAMK1D
Q05519	SRSF11
Q96E14	RMI2
P41214	EIF2D
Q8IWI9	MGA
Q9BXP5	SRRT
Q8NB37	GATD1
P48047	ATP5PO
Q5T4S7	UBR4
Q4G176	ACSF3
Q9H1B7	IRF2BPL
O75351	VPS4B
P50502	ST13
Q9H2M9	RAB3GAP2
P42566	EPS15
P55036	PSMD4
Q9ULU8	CADPS
P50453	SERPINB9
Q9H4Z3	PCIF1
P22692	IGFBP4
Q9P2I0	CPSF2
Q9H4X1	RGCC
P11912	CD79A
Q9NYF8	BCLAF1
Q15052	ARHGEF6
P50579	METAP2
P62913	RPL11
O00422	SAP18
P36969	GPX4
Q9BXF6	RAB11FIP5
Q92538	GBF1
P55039	DRG2
O43414	ERI3
Q9H9J2	MRPL44
P09497	CLTB
Q14919	DRAP1
Q9UNE7	STUB1
Q8N201	INTS1
Q96JP5	ZFP91
P35520	CBS
P01871	IGHM
P57678	GEMIN4
Q8IUF8	RIOX2
A0JLT2	MED19
Q9Y3C8	UFC1
O75643	SNRNP200
P52895	AKR1C2
O75251	NDUFS7
P13640	MT1G
Q9Y2X7	GIT1
Q9H840	GEMIN7
P28340	POLD1
Q8IW35	CEP97
Q96T51	RUFY1
Q15437	SEC23B
Q13263	TRIM28
Q5VTU8	ATP5F1EP2
Q9BXV9	GON7
Q53GG5	PDLIM3
Q16531	DDB1
Q96PZ0	PUS7
Q9HBM6	TAF9B
Q8TBE9	NANP
Q6SJ93	FAM111B
P40937	RFC5
Q14653	IRF3
Q7Z3D6	DGLUCY
O00264	PGRMC1
O43504	LAMTOR5
P18074	ERCC2
Q8NE71	ABCF1
Q10570	CPSF1
Q6P1N0	CC2D1A
Q92556	ELMO1
Q9NSP4	CENPM
Q8NF50	DOCK8
Q01469	FABP5
P81877	SSBP2
Q9BW19	KIFC1
Q9BYV9	BACH2
Q6KB66	KRT80
P17980	PSMC3
Q15599	NHERF2
P12694	BCKDHA
Q5XKP0	MICOS13
Q99933	BAG1
Q86U42	PABPN1
Q9H4B0	OSGEPL1
Q9BYB4	GNB1L
P43681	CHRNA4
P49137	MAPKAPK2
O96013	PAK4
Q15080	NCF4
Q02241	KIF23
Q9NSV4	DIAPH3
Q96G25	MED8
Q9H0P0	NT5C3A
O75427	LRCH4
Q4G0N4	NADK2
Q9Y4P8	WIPI2
Q9Y281	CFL2
Q96IZ6	METTL2A
Q96EM0	L3HYPDH
Q92503	SEC14L1
Q9ULZ3	PYCARD
Q8WUI4	HDAC7
Q8WU90	ZC3H15
Q14669	TRIP12
Q92989	CLP1
Q14671	PUM1
O60216	RAD21
Q5VZF2	MBNL2
O14579	COPE
Q7Z4G1	COMMD6
Q99496	RNF2
O95573	ACSL3
O14561	NDUFAB1
Q9H6Y2	WDR55
Q10567	AP1B1
P46736	BRCC3
H3BN57	BLOC1S5-TXNDC5
Q53HC9	EIPR1
Q8N8R5	C2orf69
Q4G0P3	HYDIN
P08237	PFKM
P35237	SERPINB6
Q86TI0	TBC1D1
Q9H0W9	C11orf54
O60759	CYTIP
Q71SY5	MED25
P21399	ACO1
Q96D46	NMD3
Q9Y6C9	MTCH2
Q969V6	MRTFA
Q9P2N5	RBM27
Q8WVT3	TRAPPC12
O43678	NDUFA2
Q9P219	CCDC88C
Q9UQ13	SHOC2
Q96P65	QRFPR
P40939	HADHA
Q9Y285	FARSA
Q96SZ5	ADO
P46063	RECQL
Q8WV28	BLNK
Q8IVH2	FOXP4
Q08945	SSRP1
Q9NUQ3	TXLNG
O94760	DDAH1
Q14814	MEF2D
Q9Y3P9	RABGAP1
P11387	TOP1
Q8N5N7	MRPL50
Q96QA5	GSDMA
Q9BQS8	FYCO1
Q8NDI1	EHBP1
O75534	CSDE1
Q9UN37	VPS4A
Q8WV99	ZFAND2B
Q6IA69	NADSYN1
Q9NP81	SARS2
Q9Y448	KNSTRN
O60784	TOM1
P42858	HTT
Q5M775	SPECC1
Q13618	CUL3
Q92900	UPF1
O14981	BTAF1
Q9NR31	SAR1A
Q92623	TTC9
P41743	PRKCI
O60292	SIPA1L3
Q8TDG2	ACTRT1
P53621	COPA
P00441	SOD1
Q00534	CDK6
Q9BVL2	NUP58
O15091	PRORP
Q8NEM2	SHCBP1
O94906	PRPF6
Q9H7Z6	KAT8
O75347	TBCA
P63010	AP2B1
Q9UDR5	AASS
Q9UKI8	TLK1
Q13523	PRPF4B
Q8N0Z6	TTC5
P13716	ALAD
P24928	POLR2A
Q9BX68	HINT2
Q86U28	ISCA2
Q14789	GOLGB1
P23588	EIF4B
O43747	AP1G1
Q9H9A6	LRRC40
Q9NVS2	MRPS18A
Q8TAF3	WDR48
Q92785	DPF2
Q14699	RFTN1
P55010	EIF5
Q9Y692	GMEB1
O75533	SF3B1
O75794	CDC123
Q7L2E3	DHX30
Q96KP1	EXOC2
Q86UY8	NT5DC3
Q86VQ1	GLCCI1
Q13451	FKBP5
Q52LW3	ARHGAP29
Q9BUL9	RPP25
Q15286	RAB35
P16278	GLB1
Q9UM22	EPDR1
Q15056	EIF4H
P23284	PPIB
P46777	RPL5
O95453	PARN
Q5VTL8	PRPF38B
P11802	CDK4
Q9UKN8	GTF3C4
P28065	PSMB9
P15498	VAV1
O43314	PPIP5K2
Q5VYS8	TUT7
P24298	GPT
P42331	ARHGAP25
Q14573	ITPR3
Q9NYV4	CDK12
O00629	KPNA4
Q9BW85	YJU2
Q9BWU0	SLC4A1AP
Q6PL24	TMED8
P83369	LSM11
Q5T2R2	PDSS1
Q5VVQ6	YOD1
Q8WXH0	SYNE2
Q9HAS0	C17orf75
O94806	PRKD3
P23193	TCEA1
Q03426	MVK
Q92614	MYO18A
Q9BZK7	TBL1XR1
Q16875	PFKFB3
P20839	IMPDH1
P80297	MT1X
Q12769	NUP160
Q99836	MYD88
Q6KC79	NIPBL
P42574	CASP3
Q9NPI6	DCP1A
Q8NC60	NOA1
O14773	TPP1
P61088	UBE2N
P31040	SDHA
Q96CD2	PPCDC
Q9NVU0	POLR3E
Q9UGU0	TCF20
P61513	RPL37A
P55795	HNRNPH2
Q08211	DHX9
O43823	AKAP8
Q96AE4	FUBP1
Q02962	PAX2
Q9NUG6	PDRG1
Q9UKG1	APPL1
O43837	IDH3B
Q9NR46	SH3GLB2
O43719	HTATSF1
Q9NPB8	GPCPD1
P04843	RPN1
Q9BYV8	CEP41
Q8IUC6	TICAM1
Q12912	IRAG2
Q9UBD5	ORC3
Q6P1J9	CDC73
O43143	DHX15
P04062	GBA1
Q9NPA8	ENY2
Q9NWZ3	IRAK4
Q03001	DST
P48634	PRRC2A
P55196	AFDN
Q9P0W2	HMG20B
Q15942	ZYX
Q9BZF9	UACA
Q9NYQ6	CELSR1
Q2T9J0	TYSND1
Q12802	AKAP13
Q13404	UBE2V1
Q12962	TAF10
Q99700	ATXN2
A1KXE4	FAM168B
Q13671	RIN1
Q9Y5U2	TSSC4
Q9NUW8	TDP1
P41567	EIF1
O60563	CCNT1
P35580	MYH10
O60271	SPAG9
O95985	TOP3B
Q96FF9	CDCA5
Q641Q2	WASHC2A
Q6P2I3	FAHD2B
Q9Y5A9	YTHDF2
P36959	GMPR
Q5VZ89	DENND4C
Q9NS91	RAD18
Q53EZ4	CEP55
Q96I24	FUBP3
Q15746	MYLK
Q9NS87	KIF15
Q13596	SNX1
P31150	GDI1
Q9NRY4	ARHGAP35
Q9BV68	RNF126
O75190	DNAJB6
Q9Y6X8	ZHX2
Q96MG7	NSMCE3
P62987	UBA52
O43374	RASA4
Q9NUQ8	ABCF3
Q9UJF2	RASAL2
Q7Z6M1	RABEPK
P62273	RPS29
P61218	POLR2F
Q9BZX2	UCK2
Q6XQN6	NAPRT
Q96DM3	RMC1
O00221	NFKBIE
O43847	NRDC
O43172	PRPF4
Q8IXW5	RPAP2
O00567	NOP56
Q15008	PSMD6
E7EVK2	MTG1
Q8TEU7	RAPGEF6
P35568	IRS1
P04049	RAF1
Q01664	TFAP4
P46379	BAG6
Q9UJZ1	STOML2
Q96AT9	RPE
Q9Y4X5	ARIH1
Q92917	GPKOW
P53350	PLK1
P19338	NCL
Q9UBU9	NXF1
Q9Y223	GNE
Q08257	CRYZ
Q14145	KEAP1
O00291	HIP1
Q96A65	EXOC4
P34896	SHMT1
P09960	LTA4H
O95628	CNOT4
Q02535	ID3
Q8IV63	VRK3
Q7L5Y1	ENOSF1
Q9UBW7	ZMYM2
Q9BRX2	PELO
O95544	NADK
P62917	RPL8
P00568	AK1
D6RAD4	CDK7
Q53S33	BOLA3
Q96A49	SYAP1
P51531	SMARCA2
O95081	AGFG2
Q8NC26	ZNF114
B2RTY4	MYO9A
P30291	WEE1
Q96T60	PNKP
P43034	PAFAH1B1
Q9P215	POGK
P09001	MRPL3
Q9Y6I3	EPN1
Q96KG9	SCYL1
P40306	PSMB10
Q00403	GTF2B
O95816	BAG2
O94979	SEC31A
Q8TD16	BICD2
P60604	UBE2G2
Q9NRX1	PNO1
Q9NRX2	MRPL17
O75414	NME6
Q6DN90	IQSEC1
P01033	TIMP1
Q53GL7	PARP10
Q9UH65	SWAP70
P61964	WDR5
Q99536	VAT1
Q8N1G4	LRRC47
O14972	VPS26C
O95619	YEATS4
P57772	EEFSEC
Q8ND83	SLAIN1
Q9BZH6	WDR11
Q07864	POLE
P54578	USP14
Q9UHI6	DDX20
Q9NQX3	GPHN
Q01844	EWSR1
Q9GZV4	EIF5A2
Q9UID3	VPS51
Q15814	TBCC
Q14493	SLBP
P82921	MRPS21
P31997	CEACAM8
P11172	UMPS
Q6NXE6	ARMC6
O95376	ARIH2
Q9Y2H0	DLGAP4
Q9UKW4	VAV3
P35610	SOAT1
Q14318	FKBP8
Q9UPU5	USP24
Q8IWD4	CCDC117
P12236	SLC25A6
Q9Y4I1	MYO5A
Q8NFW8	CMAS
Q92541	RTF1
P22059	OSBP
Q15654	TRIP6
Q9UPT8	ZC3H4
P60903	S100A10
P51003	PAPOLA
O00764	PDXK
Q9BZL6	PRKD2
O75223	GGCT
Q9ULL5	PRR12
Q15643	TRIP11
Q13422	IKZF1
Q9NVX2	NLE1
O94921	CDK14
Q3KQU3	MAP7D1
Q8IVM0	CCDC50
P52630	STAT2
Q99598	TSNAX
P51970	NDUFA8
Q5SW79	CEP170
Q9NQG5	RPRD1B
P10515	DLAT
O75116	ROCK2
Q9BW27	NUP85
O14526	FCHO1
Q8WUW1	BRK1
Q9BXK1	KLF16
Q9UHB6	LIMA1
Q9NZ52	GGA3
Q15723	ELF2
Q9H5V9	STEEP1
P15104	GLUL
Q9NXR7	BABAM2
Q6P587	FAHD1
Q8NC96	NECAP1
Q14558	PRPSAP1
Q96F24	NRBF2
Q06546	GABPA
Q9Y485	DMXL1
O43663	PRC1
P12081	HARS1
Q96SY0	INTS14
Q9NS18	GLRX2
O75718	CRTAP
Q8ND56	LSM14A
P35249	RFC4
O75380	NDUFS6
Q9Y4G6	TLN2
Q9NYG5	ANAPC11
Q96HA7	TONSL
A5YKK6	CNOT1
Q96HS1	PGAM5
P05067	APP
P49959	MRE11
Q5SRE5	NUP188
Q9BZD4	NUF2
Q92609	TBC1D5
P51692	STAT5B
O95757	HSPA4L
Q9H6E5	TUT1
P18615	NELFE
Q93034	CUL5
O43913	ORC5
Q96FS4	SIPA1
Q9BQE9	BCL7B
Q8N1G0	ZNF687
Q9UKU7	ACAD8
Q9H2L5	RASSF4
O00329	PIK3CD
Q9Y2Y0	ARL2BP
Q9Y4D8	HECTD4
Q96RG2	PASK
Q14061	COX17
Q02878	RPL6
P61086	UBE2K
Q9BR76	CORO1B
Q96QC0	PPP1R10
Q96A35	MRPL24
Q14498	RBM39
Q68CP9	ARID2
Q13574	DGKZ
P05023	ATP1A1
Q04864	REL
A6NC98	CCDC88B
P43378	PTPN9
Q96LD4	TRIM47
Q9H9A7	RMI1
P11766	ADH5
Q96EI5	TCEAL4
Q13542	EIF4EBP2
Q96S59	RANBP9
Q9NRR5	UBQLN4
Q9Y3C7	MED31
Q9HB71	CACYBP
Q03164	KMT2A
P09651	HNRNPA1
Q96R06	SPAG5
Q8NFH8	REPS2
P60468	SEC61B
Q13541	EIF4EBP1
Q9HD42	CHMP1A
Q13459	MYO9B
P41236	PPP1R2
Q8TF05	PPP4R1
Q66K14	TBC1D9B
Q02218	OGDH
Q99594	TEAD3
P82675	MRPS5
Q99615	DNAJC7
Q96P11	NSUN5
Q86X02	CDR2L
Q9BQ90	KLHDC3
Q7L576	CYFIP1
Q9UFW8	CGGBP1
O60884	DNAJA2
Q9BV19	C1orf50
P29353	SHC1
Q7Z4Q2	HEATR3
Q15120	PDK3
P54278	PMS2
P05534	HLA-A
Q9NWK9	ZNHIT6
Q8WUA7	TBC1D22A
Q96C86	DCPS
O15111	CHUK
Q9H7B4	SMYD3
P28702	RXRB
Q13283	G3BP1
Q8WX92	NELFB
O75044	SRGAP2
Q13464	ROCK1
P15056	BRAF
P05198	EIF2S1
Q9NZN8	CNOT2
P52294	KPNA1
Q969E4	TCEAL3
Q9P1U0	POLR1H
Q9NPD3	EXOSC4
Q15637	SF1
P49366	DHPS
Q96PQ7	KLHL5
O95785	WIZ
Q8IZ21	PHACTR4
P41229	KDM5C
Q99704	DOK1
O43294	TGFB1I1
Q9Y5N6	ORC6
O00139	KIF2A
Q86WA6	BPHL
Q07960	ARHGAP1
Q969U7	PSMG2
Q96KQ7	EHMT2
Q8IWB7	WDFY1
O94903	PLPBP
Q5VZL5	ZMYM4
Q14966	ZNF638
Q9UPR0	PLCL2
O14787	TNPO2
Q86V21	AACS
Q96GX5	MASTL
P29279	CCN2
P51114	FXR1
Q15170	TCEAL1
Q9UFC0	LRWD1
Q96RR4	CAMKK2
Q9ULI3	HEG1
Q9UJV9	DDX41
P06737	PYGL
Q9Y6I9	TEX264
Q99996	AKAP9
Q6UB99	ANKRD11
Q9NRV9	HEBP1
Q6ZUT6	CCDC9B
Q9BYG3	NIFK
Q96BR1	SGK3
Q9GZS1	POLR1E
Q9H5N1	RABEP2
Q92990	GLMN
O95218	ZRANB2
O43237	DYNC1LI2
Q9HAU0	PLEKHA5
Q03519	TAP2
Q16222	UAP1
Q6WKZ4	RAB11FIP1
Q9HCE7	SMURF1
Q96JM7	L3MBTL3
P07199	CENPB
O00442	RTCA
P35606	COPB2
P46199	MTIF2
P11908	PRPS2
Q8WU76	SCFD2
Q8N5K1	CISD2
Q8N3U4	STAG2
Q12904	AIMP1
Q9Y3B7	MRPL11
Q9BV44	THUMPD3
O14578	CIT
Q6PJ69	TRIM65
Q15027	ACAP1
Q9Y6J9	TAF6L
Q9H4K7	MTG2
Q9H063	MAF1
O14976	GAK
O14974	PPP1R12A
P51116	FXR2
Q8N3X1	FNBP4
Q9HD64	XAGE1A
Q9HD64	XAGE1B
Q9BYW2	SETD2
O15143	ARPC1B
Q9H9A5	CNOT10
P10155	RO60
Q9Y3C1	NOP16
O94854	MACF1
Q6QNY1	BLOC1S2
Q13435	SF3B2
Q9NWY4	HPF1
Q15477	SKIC2
Q9NQ89	C12orf4
Q9Y2R9	MRPS7
Q12933	TRAF2
Q9NQS1	AVEN
Q96BD8	SKA1
Q92844	TANK
Q9Y4H4	GPSM3
Q8IZT6	ASPM
P21912	SDHB
Q99471	PFDN5
Q7L1V2	MON1B
Q8IWS0	PHF6
O75817	POP7
Q92922	SMARCC1
Q9NSY1	BMP2K
Q9NV56	MRGBP
Q8TF72	SHROOM3
O43148	RNMT
P27144	AK4
Q9Y5X2	SNX8
Q15669	RHOH
Q9UDY4	DNAJB4
P11182	DBT
O15037	KHNYN
O00592	PODXL
P24390	KDELR1
Q9UK59	DBR1
Q6P2Q9	PRPF8
O75586	MED6
Q9H4L5	OSBPL3
Q92546	RGP1
Q86SQ0	PHLDB2
Q9ULP9	TBC1D24
Q96L91	EP400
Q96L94	SNX22
Q9H0F6	SHARPIN
P38432	COIL
O60437	PPL
Q9Y3D3	MRPS16
Q8WUY1	THEM6
Q969Y2	GTPBP3
Q13042	CDC16
Q8IWP9	CCDC28A
Q13469	NFATC2
Q96BY7	ATG2B
Q8N7H5	PAF1
O00116	AGPS
O14641	DVL2
Q9NZN5	ARHGEF12
Q5JVF3	PCID2
P55957	BID
Q9H4A3	WNK1
Q9Y572	RIPK3
Q8IX90	SKA3
Q14160	SCRIB
O75962	TRIO
Q9H3S7	PTPN23
P26196	DDX6
O14893	GEMIN2
Q86SE5	RALYL
Q9BUN5	CCDC28B
Q9NR12	PDLIM7
Q9NR19	ACSS2
Q8TDZ2	MICAL1
Q2PPJ7	RALGAPA2
Q5SW96	LDLRAP1
Q7Z7H8	MRPL10
Q8N5F7	NKAP
Q00537	CDK17
Q9HB09	BCL2L12
Q9H6Q4	CIAO3
Q13905	RAPGEF1
Q13011	ECH1
Q9NRH3	TUBG2
Q7L8L6	FASTKD5
Q13123	IK
Q13347	EIF3I
Q9ULJ6	ZMIZ1
Q9Y618	NCOR2
Q9UIA9	XPO7
Q9H8U3	ZFAND3
Q4V328	GRIPAP1
Q9H7Z7	PTGES2
Q9UPM8	AP4E1
O95402	MED26
Q13356	PPIL2
Q5F1R6	DNAJC21
P40337	VHL
Q8N6R0	METTL13
Q12800	TFCP2
Q5VV42	CDKAL1
Q9P2A4	ABI3
Q9BRR8	GPATCH1
Q9Y3I0	RTCB
P28331	NDUFS1
Q99666	RGPD5
Q99666	RGPD6
O43488	AKR7A2
Q8WV24	PHLDA1
O95433	AHSA1
Q14012	CAMK1
O43353	RIPK2
Q9BQ39	DDX50
P25325	MPST
O15287	FANCG
Q7LDG7	RASGRP2
Q56VL3	OCIAD2
O00522	KRIT1
Q9BZZ5	API5
Q9H8G2	CAAP1
P43007	SLC1A4
P49336	CDK8
Q8IVH4	MMAA
Q9GZR7	DDX24
P25787	PSMA2
Q9UN19	DAPP1
Q9BPZ3	PAIP2
Q86UU0	BCL9L
Q15031	LARS2
Q53GQ0	HSD17B12
Q5VUJ6	LRCH2
Q9H4I2	ZHX3
Q53HL2	CDCA8
Q9Y2L5	TRAPPC8
Q04721	NOTCH2
P33176	KIF5B
P49454	CENPF
Q76N89	HECW1
P11177	PDHB
E7EQZ4	SMN1
Q6UN15	FIP1L1
Q96GJ1	TRMT2B
Q15785	TOMM34
P40692	MLH1
Q15283	RASA2
Q96I25	RBM17
Q15334	LLGL1
Q712K3	UBE2R2
Q9NXW9	ALKBH4
Q96CV9	OPTN
Q9Y3L3	SH3BP1
Q9UM54	MYO6
Q8NI27	THOC2
O76094	SRP72
P14621	ACYP2
Q12974	PTP4A2
O75334	PPFIA2
O14979	HNRNPDL
Q01167	FOXK2
P06493	CDK1
Q9UBQ5	EIF3K
Q9NY93	DDX56
Q6ZRQ5	MMS22L
Q9BYI3	HYCC1
P51148	RAB5C
Q9UL12	SARDH
Q96CG3	TIFA
Q9UBZ4	APEX2
O75528	TADA3
Q9P107	GMIP
O14966	RAB29
Q13325	IFIT5
Q0VG06	FAAP100
Q9HCJ3	RAVER2
O60306	AQR
P10620	MGST1
Q9Y312	AAR2
Q63ZY3	KANK2
O95159	ZFPL1
Q14511	NEDD9
O95551	TDP2
A6NJ78	METTL15
O43491	EPB41L2
P82663	MRPS25
Q5JSP0	FGD3
Q9UHB7	AFF4
Q2TAL8	QRICH1
P13984	GTF2F2
Q969S9	GFM2
Q13569	TDG
Q71RC2	LARP4
Q9Y333	LSM2
Q8N0W3	FCSK
Q16401	PSMD5
Q5U5Q3	MEX3C
O14617	AP3D1
P55211	CASP9
Q07021	C1QBP
P14854	COX6B1
Q01415	GALK2
Q8IYL3	C1orf174
P53667	LIMK1
P39880	CUX1
P12277	CKB
Q13617	CUL2
P49902	NT5C2
Q53EP0	FNDC3B
Q9Y315	DERA
Q8WZ42	TTN
O43516	WIPF1
Q9UHB4	NDOR1
O75122	CLASP2
P61011	SRP54
A0FGR8	ESYT2
O14519	CDK2AP1
Q15545	TAF7
Q15048	LRRC14
Q6R327	RICTOR
Q9Y2K7	KDM2A
P00973	OAS1
Q01780	EXOSC10
Q01658	DR1
Q709C8	VPS13C
Q05209	PTPN12
Q8N3R9	PALS1
O95067	CCNB2
Q96MX6	DNAAF10
Q8TDD1	DDX54
Q96QB1	DLC1
P30740	SERPINB1
O95758	PTBP3
P00966	ASS1
O75928	PIAS2
Q8TF42	UBASH3B
Q9NVR7	TBCCD1
Q9UK39	NOCT
Q9C0J8	WDR33
Q6ZUJ8	PIK3AP1
P23246	SFPQ
P48506	GCLC
P11310	ACADM
Q5R3I4	TTC38
O43318	MAP3K7
Q53H82	LACTB2
P63165	SUMO1
P22830	FECH
P30622	CLIP1
Q06481	APLP2
Q96IU2	ZBED3
Q9NQG7	HPS4
Q9UEY8	ADD3
Q70J99	UNC13D
P20339	RAB5A
Q9NZ08	ERAP1
Q96IQ9	ZNF414
O75152	ZC3H11A
Q9UJX4	ANAPC5
Q96E11	MRRF
Q12830	BPTF
P48960	ADGRE5
Q9NRZ9	HELLS
P20618	PSMB1
Q9BVL4	SELENOO
P35244	RPA3
Q8WUB8	PHF10
P49711	CTCF
Q9UKL0	RCOR1
Q99081	TCF12
Q8NFQ8	TOR1AIP2
O75569	PRKRA
Q96HA1	POM121
Q8WY36	BBX
Q9BZQ8	NIBAN1
Q9NUU7	DDX19A
Q96FZ5	CMTM7
O95639	CPSF4
P25208	NFYB
Q9BZ29	DOCK9
Q9H6R7	WDCP
Q86WN1	FCHSD1
Q8TAA5	GRPEL2
Q7Z4H7	HAUS6
Q13823	GNL2
Q92734	TFG
Q86UX6	STK32C
P43155	CRAT
P35659	DEK
Q9NRG7	SDR39U1
Q8N4N3	KLHL36
Q99459	CDC5L
Q2TAZ0	ATG2A
O43324	EEF1E1
Q96MF7	NSMCE2
Q15428	SF3A2
Q9UJU2	LEF1
Q9UHY7	ENOPH1
O94768	STK17B
O15530	PDPK1
Q99683	MAP3K5
Q9BWM7	SFXN3
Q93100	PHKB
O75410	TACC1
P35711	SOX5
Q9BXW9	FANCD2
Q9Y4E6	WDR7
Q92615	LARP4B
Q9Y4E8	USP15
Q8TE73	DNAH5
O14920	IKBKB
Q9NYK6	EURL
Q8N1G2	CMTR1
Q96ME1	FBXL18
Q00688	FKBP3
Q9BPY3	FAM118B
Q63HN8	RNF213
Q9HD33	MRPL47
O14745	NHERF1
Q7Z3K3	POGZ
Q96EN8	MOCOS
Q06136	KDSR
O75947	ATP5PD
O60832	DKC1
O95352	ATG7
O95359	TACC2
Q6ZT12	UBR3
P00519	ABL1
P53990	IST1
P08729	KRT7
Q8IX01	SUGP2
P35637	FUS
Q9BTE1	DCTN5
Q9NPI1	BRD7
Q92575	UBXN4
Q68E01	INTS3
Q15751	HERC1
Q8N680	ZBTB2
Q13371	PDCL
Q9ULW3	ABT1
O95602	POLR1A
Q15329	E2F5
O95163	ELP1
Q96CW6	SLC7A6OS
Q9BZI7	UPF3B
Q9Y6K9	IKBKG
P78537	BLOC1S1
Q9Y6J0	CABIN1
Q15819	UBE2V2
P52564	MAP2K6
Q6P4F2	FDX2
O43598	DNPH1
P07996	THBS1
P41182	BCL6
Q9BQC3	DPH2
Q96RQ3	MCCC1
Q9NX38	ABITRAM
Q96HW7	INTS4
Q9HCD6	TANC2
P62072	TIMM10
P17029	ZKSCAN1
Q9BSW2	CRACR2A
Q9P2R3	ANKFY1
P09104	ENO2
Q9P2D3	HEATR5B
Q9P2D6	FAM135A
P17735	TAT
Q5BKX5	ACTMAP
Q96EV8	DTNBP1
Q3V6T2	CCDC88A
O43813	LANCL1
Q9UI43	MRM2
Q9UJA5	TRMT6
P12429	ANXA3
Q5D0E6	DALRD3
Q8NI08	NCOA7
Q9UBC1	NFKBIL1
Q9HB65	ELL3
Q9NUL3	STAU2
P51149	RAB7A
O15061	SYNM
Q9NP64	ZCCHC17
Q8NFI3	ENGASE
Q6PCE3	PGM2L1
Q9HAV0	GNB4
Q9BSC4	NOL10
Q9H5X1	CIAO2A
Q9UG63	ABCF2
Q9UKJ3	GPATCH8
Q8WXF1	PSPC1
Q13555	CAMK2G
P50336	PPOX
Q5VIR6	VPS53
Q9NVE5	USP40
Q9Y2Z2	MTO1
Q96CX6	LRRC58
Q96CX2	KCTD12
P18887	XRCC1
O00762	UBE2C
Q9H7T3	C10orf95
Q9NTM9	CUTC
P19174	PLCG1
Q04759	PRKCQ
O60264	SMARCA5
Q86Y56	DNAAF5
Q6P4I2	WDR73
P62318	SNRPD3
O14730	RIOK3
P12034	FGF5
O15014	ZNF609
Q96JM3	CHAMP1
Q12857	NFIA
O75818	RPP40
Q9H2U1	DHX36
Q04695	KRT17
Q9Y530	OARD1
Q86X10	RALGAPB
P12931	SRC
Q13535	ATR
Q6PIW4	FIGNL1
Q15291	RBBP5
O14618	CCS
Q9BPW8	NIPSNAP1
Q9P0V3	SH3BP4
Q9H6T3	RPAP3
Q07157	TJP1
Q15061	WDR43
Q15067	ACOX1
Q6P1X5	TAF2
Q92918	MAP4K1
O15226	NKRF
Q96GY3	LIN37
P62906	RPL10A
Q14135	VGLL4
Q9UNS1	TIMELESS
O94885	SASH1
Q9P2N6	KANSL3
Q9ULC5	ACSL5
Q96G74	OTUD5
Q13444	ADAM15
O94805	ACTL6B
Q9UDY8	MALT1
Q96KR1	ZFR
Q9H0K6	PUS7L
Q96K76	USP47
Q15058	KIF14
Q15050	RRS1
Q3B7T1	EDRF1
Q86XP3	DDX42
Q92696	RABGGTA
Q15772	SPEG
Q8N392	ARHGAP18
Q9UHR6	ZNHIT2
Q9H4L4	SENP3
O95455	TGDS
Q16566	CAMK4
Q6NS38	ALKBH2
Q6DKI1	RPL7L1
Q7Z6I6	ARHGAP30
P49736	MCM2
P34949	MPI
P30460	HLA-B
Q9BVS4	RIOK2
O15027	SEC16A
Q15046	KARS1
Q9BVA0	KATNB1
P49006	MARCKSL1
Q05932	FPGS
Q9Y3D6	FIS1
O94916	NFAT5
Q96LB3	IFT74
Q96EY9	ADAT3
P22033	MMUT
P61313	RPL15
O95684	CEP43
Q8TEM1	NUP210
P61006	RAB8A
Q96PV6	LENG8
P30520	ADSS2
Q9NV88	INTS9
Q8NAG6	ANKLE1
Q86V15	CASZ1
Q99570	PIK3R4
Q6P3S1	DENND1B
Q9UKV8	AGO2
Q9Y376	CAB39
Q9NVR5	DNAAF2
Q8IUY3	GRAMD2A
Q96PE3	INPP4A
Q9NPD8	UBE2T
Q5TC12	ATPAF1
Q15418	RPS6KA1
P49590	HARS2
Q4G0F5	VPS26B
P51668	UBE2D1
Q5T0L3	SPATA46
Q969R8	ITFG2
P17544	ATF7
Q9BT25	HAUS8
O15260	SURF4
P42025	ACTR1B
O94915	FRYL
Q14116	IL18
Q8WXA9	SREK1
P68363	TUBA1B
O00161	SNAP23
Q8TDB4	MGARP
P14314	PRKCSH
O14654	IRS4
O95182	NDUFA7
Q96AY3	FKBP10
O14545	TRAFD1
P07919	UQCRH
P18206	VCL
P21108	PRPS1L1
O75475	PSIP1
Q9NWQ8	PAG1
P13807	GYS1
Q4VCS5	AMOT
Q8IXM2	BAP18
O95297	MPZL1
Q9BY67	CADM1
Q9Y4Z0	LSM4
A0MZ66	SHTN1
P23378	GLDC
Q96T23	RSF1
Q8TAE6	PPP1R14C
Q9H974	QTRT2
Q9Y2U8	LEMD3
Q14126	DSG2
Q7Z6K5	ARPIN
Q9BVJ6	UTP14A
O75683	SURF6
Q02952	AKAP12
O15173	PGRMC2
Q8IZ83	ALDH16A1
O43432	EIF4G3
P30825	SLC7A1
P53701	HCCS
Q8NAV1	PRPF38A
Q9UBF2	COPG2
Q9NPH2	ISYNA1
Q9BRV8	SIKE1
Q8N6Q8	METTL25
Q9H6F5	CCDC86
Q14684	RRP1B
Q9UBC2	EPS15L1
P49840	GSK3A
Q07812	BAX
Q9BQ75	CMSS1
Q9NWU2	GID8
Q5T200	ZC3H13
Q07866	KLC1
Q9H0B6	KLC2
P49810	PSEN2
Q9Y2R5	MRPS17
Q9Y3B9	RRP15
Q6IQ49	SDE2
Q9Y5M8	SRPRB
Q9Y6E2	BZW2
Q9Y5B9	SUPT16H
Q06265	EXOSC9
Q13144	EIF2B5
Q9BW83	IFT27
Q92599	SEPTIN8
P35573	AGL
Q8TEQ6	GEMIN5
P49821	NDUFV1
Q96EL3	MRPL53
Q9BQE3	TUBA1C
Q9Y3U8	RPL36
Q9Y450	HBS1L
P05141	SLC25A5
P56381	ATP5F1E
P21796	VDAC1
P21283	ATP6V1C1
P09874	PARP1
Q96SB4	SRPK1
Q13769	THOC5
Q7Z4V5	HDGFL2
Q13242	SRSF9
Q15528	MED22
Q9P000	COMMD9
Q15126	PMVK
A1X283	SH3PXD2B
Q96E52	OMA1
Q8N4P3	HDDC3
Q96B26	EXOSC8
Q8TBZ6	TRMT10A
O95299	NDUFA10
P10636	MAPT
Q96GQ7	DDX27
P36915	GNL1
Q53H12	AGK
Q86U86	PBRM1
Q16637	SMN1
Q16637	SMN2
O76021	RSL1D1
Q9NP72	RAB18
P35221	CTNNA1
Q99848	EBNA1BP2
O95478	NSA2
Q15750	TAB1
Q8N335	GPD1L
O95749	GGPS1
P29218	IMPA1
P53007	SLC25A1
P16615	ATP2A2
P49427	CDC34
P20700	LMNB1
P08708	RPS17
Q6ZSJ8	C1orf122
P57721	PCBP3
P35219	CA8
Q8N684	CPSF7
Q9H074	PAIP1
Q9P032	NDUFAF4
P62877	RBX1
A0AVK6	E2F8
A0JNW5	BLTP3B
A1A4S6	ARHGAP10
A1L0T0	ILVBL
A1L390	PLEKHG3
A2AJT9	BCLAF3
A2RRP1	NBAS
A2RTX5	TARS3
A2RU30	TESPA1
A2RUC4	TYW5
A2RUS2	DENND3
A2VDJ0	TMEM131L
A3KMH1	VWA8
A4D0S4	LAMB4
A4D1E1	ZNF804B
A4D1E9	GTPBP10
A4D1P6	WDR91
A4D1S5	RAB19
A4D1Z2	LOC392621
A4D997	ERCC6L2
A5PL33	KRBA1
A5PLN9	TRAPPC13
A6H8Y1	BDP1
A6NFQ2	TCAF2
A6NHQ4	EPOP
A6NI56	CCDC154
A6NI79	CCDC69
A6NIH7	UNC119B
A6NIM6	SLC15A5
A6NJG2	SOWAHD
A6NNL5	C15orf61
A6QL63	ABTB3
A7E2V4	ZSWIM8
A8K8P3	SFI1
A8MPS7	YDJC
A8MW92	PHF20L1
A9YTQ3	AHRR
B0I1T2	MYO1G
B1AKH7	RP4-695O20__B.10
B2RNG4	TRIM6-TRIM34
B4DLE8	CRYBG3
B4DU55	ZNF879
B4DV38	TENT4B
B4DX44	ZNF736
C9J069	AJM1
E7EV46	ERCC6
E9PET5	FAM193B
E9PIW9	SAMD1
F8WC89	SAC3D1
G3V3G9	PEX19
H0YN99	PEAK1
H3BV12	GOLGA8Q
H7C0V5	ANKHD1-EIF4EBP3
I3L080	HDGFL2
I3L0E3	hCG_1984214
I3L0E9	ZNF625
I3L1I5	ARHGEF18
O00115	DNASE2
O00124	UBXN8
O00142	TK2
O00160	MYO1F
O00178	GTPBP1
O00186	STXBP3
O00189	AP4M1
O00194	RAB27B
O00203	AP3B1
O00213	APBB1
O00214	LGALS8
O00255	MEN1
O00257	CBX4
O00287	RFXAP
O00308	WWP2
O00311	CDC7
O00327	BMAL1
O00330	PDHX
O00398	P2RY10
O00399	DCTN6
O00401	WASL
O00409	FOXN3
O00411	POLRMT
O00443	PIK3C2A
O00453	LST1
O00458	IFRD1
O00459	PIK3R2
O00462	MANBA
O00463	TRAF5
O00471	EXOC5
O00472	ELL2
O00478	BTN3A3
O00481	BTN3A1
O00483	NDUFA4
O00499	BIN1
O00505	KPNA3
O00507	USP9Y
O00512	BCL9
O00534	VWA5A
O00560	SDCBP
O00562	PITPNM1
O00566	MPHOSPH10
O00584	RNASET2
O00591	GABRP
O00635	TRIM38
O00750	PIK3C2B
O00754	MAN2B1
O14503	BHLHE40
O14508	SOCS2
O14523	C2CD2L
O14524	NEMP1
O14530	TXNDC9
O14531	DPYSL4
O14556	GAPDHS
O14602	EIF1AY
O14607	UTY
O14626	GPR171
O14646	CHD1
O14647	CHD2
O14657	TOR1B
O14672	ADAM10
O14686	KMT2D
O14713	ITGB1BP1
O14717	TRDMT1
O14734	ACOT8
O14757	CHEK1
O14782	KIF3C
O14802	POLR3A
O14827	RASGRF2
O14862	AIM2
O14867	BACH1
O14874	BCKDK
O14880	MGST3
O14975	SLC27A2
O15015	ZNF646
O15021	MAST4
O15031	PLXNB2
O15033	AREL1
O15040	TECPR2
O15047	SETD1A
O15050	TRANK1
O15054	KDM6B
O15056	SYNJ2
O15063	GARRE1
O15068	MCF2L
O15084	ANKRD28
O15117	FYB1
O15118	NPC1
O15155	BET1
O15156	ZBTB7B
O15160	POLR1C
O15162	PLSCR1
O15169	AXIN1
O15211	RGL2
O15213	WDR46
O15228	GNPAT
O15243	LEPROT
O15247	CLIC2
O15254	ACOX3
O15265	ATXN7
O15270	SPTLC2
O15297	PPM1D
O15304	SIVA1
O15305	PMM2
O15315	RAD51B
O15327	INPP4B
O15347	HMGB3
O15360	FANCA
O15379	HDAC3
O15381	NVL
O15397	IPO8
O15417	TNRC18
O15440	ABCC5
O15457	MSH4
O15511	ARPC5
O15514	POLR2D
O15519	CFLAR
O15523	DDX3Y
O15527	OGG1
O15550	KDM6A
O43149	ZZEF1
O43159	RRP8
O43164	PJA2
O43166	SIPA1L1
O43167	ZBTB24
O43169	CYB5B
O43187	IRAK2
O43189	PHF1
O43255	SIAH2
O43257	ZNHIT1
O43292	GPAA1
O43293	DAPK3
O43296	ZNF264
O43298	ZBTB43
O43299	AP5Z1
O43303	CCP110
O43309	ZSCAN12
O43310	CTIF
O43312	MTSS1
O43379	WDR62
O43395	PRPF3
O43402	EMC8
O43422	THAP12
O43426	SYNJ1
O43427	FIBP
O43463	SUV39H1
O43474	KLF4
O43502	RAD51C
O43513	MED7
O43521	BCL2L11
O43542	XRCC3
O43557	TNFSF14
O43566	RGS14
O43583	DENR
O43586	PSTPIP1
O43593	HR
O43609	SPRY1
O43639	NCK2
O43660	PLRG1
O43665	RGS10
O43670	ZNF207
O43681	GET3
O43683	BUB1
O43704	SULT1B1
O43709	BUD23
O43734	TRAF3IP2
O43736	ITM2A
O43741	PRKAB2
O43772	SLC25A20
O43791	SPOP
O43829	ZBTB14
O43861	ATP9B
O43896	KIF1C
O43900	PRICKLE3
O43909	EXTL3
O43933	PEX1
O60231	DHX16
O60237	PPP1R12B
O60239	SH3BP5
O60244	MED14
O60256	PRPSAP2
O60268	KIAA0513
O60281	ZNF292
O60287	URB1
O60293	ZFC3H1
O60307	MAST3
O60308	CEP104
O60312	ATP10A
O60313	OPA1
O60315	ZEB2
O60318	MCM3AP
O60331	PIP5K1C
O60333	KIF1B
O60336	MAPKBP1
O60337	MARCHF6
O60341	KDM1A
O60346	PHLPP1
O60381	HBP1
O60427	FADS1
O60449	LY75
O60486	PLXNC1
O60494	CUBN
O60496	DOK2
O60506	SYNCRIP
O60508	CDC40
O60516	EIF4EBP3
O60518	RANBP6
O60645	EXOC3
O60667	FCMR
O60674	JAK2
O60678	PRMT3
O60704	TPST2
O60733	PLA2G6
O60739	EIF1B
O60749	SNX2
O60760	HPGDS
O60783	MRPS14
O60826	CCDC22
O60830	TIMM17B
O60831	PRAF2
O60870	KIN
O60879	DIAPH2
O60880	SH2D1A
O60885	BRD4
O60906	SMPD2
O60907	TBL1X
O60930	RNASEH1
O60941	DTNB
O75037	KIF21B
O75038	PLCH2
O75110	ATP9A
O75113	N4BP1
O75132	ZBED4
O75140	DEPDC5
O75143	ATG13
O75146	HIP1R
O75151	PHF2
O75157	TSC22D2
O75164	KDM4A
O75165	DNAJC13
O75167	PHACTR2
O75170	PPP6R2
O75177	SS18L1
O75191	XYLB
O75208	COQ9
O75306	NDUFS2
O75319	DUSP11
O75323	NIPSNAP2
O75326	SEMA7A
O75330	HMMR
O75340	PDCD6
O75367	MACROH2A1
O75385	ULK1
O75387	SLC43A1
O75394	MRPL33
O75398	DEAF1
O75419	CDC45
O75420	GIGYF1
O75431	MTX2
O75444	MAF
O75448	MED24
O75449	KATNA1
O75460	ERN1
O75477	ERLIN1
O75478	TADA2A
O75486	SUPT3H
O75489	NDUFS3
O75503	CLN5
O75529	TAF5L
O75530	EED
O75558	STX11
O75563	SKAP2
O75582	RPS6KA5
O75626	PRDM1
O75648	TRMU
O75665	OFD1
O75691	UTP20
O75716	STK16
O75746	SLC25A12
O75791	GRAP2
O75792	RNASEH2A
O75808	CAPN15
O75820	ZNF189
O75843	AP1G2
O75844	ZMPSTE24
O75845	SC5D
O75864	PPP1R37
O75884	RBBP9
O75911	DHRS3
O75925	PIAS1
O75955	FLOT1
O76064	RNF8
O76080	ZFAND5
O94759	TRPM2
O94761	RECQL4
O94762	RECQL5
O94763	URI1
O94782	USP1
O94817	ATG12
O94819	KBTBD11
O94822	LTN1
O94826	TOMM70
O94830	DDHD2
O94832	MYO1D
O94850	DDN
O94868	FCHSD2
O94874	UFL1
O94880	PHF14
O94886	TMEM63A
O94888	UBXN7
O94900	TOX
O94901	SUN1
O94905	ERLIN2
O94913	PCF11
O94927	HAUS5
O94941	UBOX5
O94966	USP19
O94967	WDR47
O94972	TRIM37
O94973	AP2A2
O94986	CEP152
O95104	SCAF4
O95125	ZNF202
O95140	MFN2
O95149	SNUPN
O95155	UBE4B
O95183	VAMP5
O95197	RTN3
O95199	RCBTB2
O95202	LETM1
O95210	STBD1
O95214	LEPROTL1
O95219	SNX4
O95235	KIF20A
O95236	APOL3
O95243	MBD4
O95248	SBF1
O95249	GOSR1
O95251	KAT7
O95260	ATE1
O95267	RASGRP1
O95292	VAPB
O95319	CELF2
O95363	FARS2
O95365	ZBTB7A
O95379	TNFAIP8
O95382	MAP3K6
O95391	SLU7
O95396	MOCS3
O95406	CNIH1
O95429	BAG4
O95450	ADAMTS2
O95466	FMNL1
O95476	CTDNEP1
O95479	H6PD
O95487	SEC24B
O95503	CBX6
O95563	MPC2
O95568	METTL18
O95613	PCNT
O95620	DUS4L
O95625	ZBTB11
O95644	NFATC1
O95685	PPP1R3D
O95696	BRD1
O95707	POP4
O95714	HERC2
O95727	CRTAM
O95747	OXSR1
O95782	AP2A1
O95786	RIGI
O95789	ZMYM6
O95793	STAU1
O95807	TMEM50A
O95822	MLYCD
O95825	CRYZL1
O95831	AIFM1
O95834	EML2
O95865	DDAH2
O95870	ABHD16A
O95872	GPANK1
O95905	ECD
O95936	EOMES
O95977	S1PR4
O95989	NUDT3
O96005	CLPTM1
O96006	ZBED1
O96007	MOCS2
O96008	TOMM40
O96009	NAPSA
O96011	PEX11B
O96018	APBA3
O96020	CCNE2
O96028	NSD2
P00156	MT-CYB
P00387	CYB5R3
P00395	MT-CO1
P00488	F13A1
P00734	F2
P00742	F10
P00747	PLG
P01009	SERPINA1
P01031	C5
P01111	NRAS
P01112	HRAS
P01130	LDLR
P01137	TGFB1
P01589	IL2RA
P01730	CD4
P01732	CD8A
P01834	IGKC
P02042	HBD
P02766	TTR
P02768	ALB
P02786	TFRC
P02792	FTL
P03897	MT-ND3
P03952	KLKB1
P03986	TRGC2
P04229	HLA-DRB1
P04275	VWF
P04439	HLA-A
P04844	RPN2
P05107	ITGB2
P05160	F13B
P05165	PCCA
P05166	PCCB
P05362	ICAM1
P05423	POLR3D
P05556	ITGB1
P05771	PRKCB
P06127	CD5
P06239	LCK
P06241	FYN
P06396	GSN
P06729	CD2
P06746	POLB
P06748	NPM1
P07358	C8B
P07550	ADRB2
P07686	HEXB
P07738	BPGM
P07947	YES1
P07948	LYN
P07992	ERCC1
P08133	ANXA6
P08174	CD55
P08183	ABCB1
P08195	SLC3A2
P08236	GUSB
P08574	CYC1
P08575	PTPRC
P08648	ITGA5
P08651	NFIC
P08754	GNAI3
P09326	CD48
P09525	ANXA4
P09564	CD7
P09693	CD3G
P09769	FGR
P09913	IFIT2
P09958	FURIN
P09972	ALDOC
P0C024	NUDT7
P0C1Z6	TFPT
P0C2W1	FBXO45
P0C7I6	CCDC159
P0C7P0	CISD3
P0C7T5	ATXN1L
P0CAP2	POLR2M
P0CG13	CHTF8
P0CG39	POTEJ
P10074	ZBTB48
P10109	FDX1
P10114	RAP2A
P10144	GZMB
P10244	MYBL2
P10276	RARA
P10301	RRAS
P10321	HLA-C
P10586	PTPRF
P10606	COX5B
P10746	UROS
P10914	IRF1
P10966	CD8B
P11049	CD37
P11117	ACP2
P11161	EGR2
P11171	EPB41
P11215	ITGAM
P11274	BCR
P11279	LAMP1
P11309	PIM1
P11441	UBL4A
P11473	VDR
P11474	ESRRA
P11717	IGF2R
P11940	PABPC1
P12235	SLC25A4
P12259	F5
P12525	MYCLP1
P12544	GZMA
P12755	SKI
P12757	SKIL
P12956	XRCC6
P13051	UNG
P13056	NR2C1
P13196	ALAS1
P13501	CCL5
P13612	ITGA4
P13637	ATP1A3
P13671	C6
P13682	ZNF35
P13727	PRG2
P13747	HLA-E
P13761	HLA-DRB1
P13987	CD59
P14151	SELL
P14209	CD99
P14222	PRF1
P14316	IRF2
P14317	HCLS1
P14373	TRIM27
P14384	CPM
P14550	AKR1A1
P14784	IL2RB
P15018	LIF
P15289	ARSA
P15336	ATF2
P15408	FOSL2
P15428	HPGD
P15529	CD46
P15735	PHKG2
P15822	HIVEP1
P15882	CHN1
P15907	ST6GAL1
P15918	RAG1
P16070	CD44
P16157	ANK1
P16220	CREB1
P16260	SLC25A16
P16298	PPP3CB
P16383	GCFC2
P16410	CTLA4
P16415	ZNF823
P16435	POR
P16519	PCSK2
P16871	IL7R
P16930	FAH
P17014	ZNF12
P17017	ZNF14
P17024	ZNF20
P17025	ZNF182
P17028	ZNF24
P17035	ZNF28
P17036	ZNF3
P17038	ZNF43
P17050	NAGA
P17097	ZNF7
P17098	ZNF8
P17152	TMEM11
P17174	GOT1
P17252	PRKCA
P17301	ITGA2
P17480	UBTF
P17483	HOXB4
P17535	JUND
P17706	PTPN2
P17813	ENG
P17900	GM2A
P17931	LGALS3
P18077	RPL35A
P18433	PTPRA
P18440	NAT1
P18627	LAG3
P18847	ATF3
P18848	ATF4
P19387	POLR2C
P19388	POLR2E
P19397	CD53
P19474	TRIM21
P19525	EIF2AK2
P19634	SLC9A1
P19878	NCF2
P19971	TYMP
P20020	ATP2B1
P20042	EIF2S2
P20226	TBP
P20333	TNFRSF1B
P20338	RAB4A
P20585	MSH3
P20591	MX1
P20592	MX2
P20645	M6PR
P20701	ITGAL
P20702	ITGAX
P20718	GZMH
P20936	RASA1
P21359	NF1
P21453	S1PR1
P21580	TNFAIP3
P21589	NT5E
P21675	TAF1
P21709	EPHA1
P21953	BCKDHB
P22001	KCNA3
P22090	RPS4Y1
P22415	USF1
P22570	FDXR
P22670	RFX1
P22695	UQCRC2
P22736	NR4A1
P22749	GNLY
P23025	XPA
P23229	ITGA6
P23443	RPS6KB1
P23458	JAK1
P23469	PTPRE
P23508	MCC
P23634	ATP2B4
P23743	DGKA
P23771	GATA3
P23786	CPT2
P24001	IL32
P24278	ZBTB25
P24386	CHM
P24394	IL4R
P24557	TBXAS1
P24588	AKAP5
P24666	ACP1
P24723	PRKCH
P24903	CYP2F1
P25054	APC
P25116	F2R
P25445	FAS
P25490	YY1
P25685	DNAJB1
P25686	DNAJB2
P25774	CTSS
P26010	ITGB7
P26374	CHML
P26651	ZFP36
P26715	KLRC1
P26718	KLRK1
P26885	FKBP2
P27105	STOM
P27361	MAPK3
P27448	MARK3
P27487	DPP4
P27815	PDE4A
P27824	CANX
P27986	PIK3R1
P27987	ITPKB
P28039	AOAH
P28161	GSTM2
P28715	ERCC5
P28749	RBL1
P28907	CD38
P28908	TNFRSF8
P29074	PTPN4
P29083	GTF2E1
P29084	GTF2E2
P29350	PTPN6
P29372	MPG
P29374	ARID4A
P29375	KDM5A
P29466	CASP1
P29558	RBMS1
P29597	TYK2
P29728	OAS2
P29965	CD40LG
P30038	ALDH4A1
P30085	CMPK1
P30203	CD6
P30260	CDC27
P30279	CCND2
P30305	CDC25B
P30307	CDC25C
P30414	NKTR
P30419	NMT1
P30511	HLA-F
P30679	GNA15
P31321	PRKAR1B
P31483	TIA1
P31629	HIVEP2
P31785	IL2RG
P31994	FCGR2B
P32019	INPP5B
P32121	ARRB2
P32189	GK
P32248	CCR7
P32314	FOXN2
P32455	GBP1
P32456	GBP2
P32745	SSTR3
P32856	STX2
P32942	ICAM3
P32970	CD70
P33121	ACSL1
P33241	LSP1
P33527	ABCC1
P33897	ABCD1
P33981	TTK
P34910	EVI2B
P34913	EPHX2
P34947	GRK5
P35052	GPC1
P35080	PFN2
P35226	BMI1
P35251	RFC1
P35398	RORA
P35626	GRK3
P35813	PPM1A
P35869	AHR
P36402	TCF7
P36956	SREBF1
P36957	DLST
P37173	TGFBR2
P37268	FDFT1
P37275	ZEB1
P37287	PIGA
P38398	BRCA1
P38435	GGCX
P38571	LIPA
P38919	EIF4A3
P38935	IGHMBP2
P39060	COL18A1
P39210	MPV17
P39656	DDOST
P40200	CD96
P40429	RPL13A
P40818	USP8
P41162	ETV3
P41212	ETV6
P41223	BUD31
P41279	MAP3K8
P41440	SLC19A1
P41970	ELK3
P42226	STAT6
P42229	STAT5A
P42285	MTREX
P42336	PIK3CA
P42338	PIK3CB
P42345	MTOR
P42356	PI4KA
P42568	MLLT3
P42679	MATK
P42680	TEC
P42694	HELZ
P42696	RBM34
P42701	IL12RB1
P42773	CDKN2C
P42898	MTHFR
P43116	PTGER2
P43250	GRK6
P43304	GPD2
P43630	KIR3DL2
P43897	TSFM
P45844	ABCG1
P46019	PHKA2
P46020	PHKA1
P46087	NOP2
P46100	ATRX
P46459	NSF
P46527	CDKN1B
P46531	NOTCH1
P46781	RPS9
P46926	GNPDA1
P46934	NEDD4
P46976	GYG1
P46977	STT3A
P47224	RABIF
P47736	RAP1GAP
P47974	ZFP36L2
P47992	XCL1
P48426	PIP4K2A
P48449	LSS
P48509	CD151
P48551	IFNAR2
P48553	TRAPPC10
P48637	GSS
P48651	PTDSS1
P48728	AMT
P48730	CSNK1D
P48736	PIK3CG
P49247	RPIA
P49257	LMAN1
P49354	FNTA
P49406	MRPL19
P49407	ARRB1
P49441	INPP1
P49585	PCYT1A
P49593	PPM1F
P49642	PRIM1
P49643	PRIM2
P49662	CASP4
P49682	CXCR3
P49685	GPR15
P49750	YLPM1
P49754	VPS41
P49759	CLK1
P49760	CLK2
P49761	CLK3
P49795	RGS19
P49796	RGS3
P49815	TSC2
P49842	STK19
P49863	GZMK
P49916	LIG3
P49917	LIG4
P50148	GNAQ
P50238	CRIP1
P50416	CPT1A
P50440	GATM
P50452	SERPINB8
P50539	MXI1
P50548	ERF
P50583	NUDT2
P50747	HLCS
P50748	KNTC1
P50750	CDK9
P51124	GZMM
P51151	RAB9A
P51153	RAB13
P51157	RAB28
P51159	RAB27A
P51178	PLCD1
P51398	DAP3
P51451	BLK
P51452	DUSP3
P51530	DNA2
P51532	SMARCA4
P51580	TPMT
P51587	BRCA2
P51606	RENBP
P51608	MECP2
P51648	ALDH3A2
P51659	HSD17B4
P51679	CCR4
P51684	CCR6
P51790	CLCN3
P51798	CLCN7
P51809	VAMP7
P51814	ZNF41
P51817	PRKX
P51825	AFF1
P51828	ADCY7
P51956	NEK3
P51957	NEK4
P51965	UBE2E1
P52333	JAK3
P52429	DGKE
P52594	AGFG1
P52737	ZNF136
P52739	ZNF131
P52741	ZNF134
P52747	ZNF143
P52756	RBM5
P52758	RIDA
P52824	DGKQ
P53370	NUDT6
P53609	PGGT1B
P53611	RABGGTB
P53671	LIMK2
P53794	SLC5A3
P53804	TTC3
P53805	RCAN1
P53814	SMTN
P53816	PLAAT3
P54098	POLG
P54132	BLM
P54198	HIRA
P54252	ATXN3
P54253	ATXN1
P54259	ATN1
P54274	TERF1
P54277	PMS1
P54619	PRKAG1
P54652	HSPA2
P54725	RAD23A
P54727	RAD23B
P54756	EPHA5
P54764	EPHA4
P54920	NAPA
P55055	NR1H2
P55145	MANF
P55198	MLLT6
P55201	BRPF1
P55345	PRMT2
P55347	PKNOX1
P55789	GFER
P55851	UCP2
P56180	TPTE
P56182	RRP1
P56199	ITGA1
P56202	CTSW
P56524	HDAC4
P56559	ARL4C
P56589	PEX3
P56962	STX17
P57057	SLC37A1
P57075	UBASH3A
P57088	TMEM33
P57740	NUP107
P57775	FBXW4
P58397	ADAMTS12
P58557	YBEY
P58658	EVA1C
P59510	ADAMTS20
P59768	GNG2
P59923	ZNF445
P60002	ELOF1
P60006	ANAPC15
P60033	CD81
P60484	PTEN
P60510	PPP4C
P60520	GABARAPL2
P61018	RAB4B
P61020	RAB5B
P61026	RAB10
P61224	RAP1B
P61225	RAP2B
P61421	ATP6V0D1
P61599	NAA20
P61601	NCALD
P61764	STXBP1
P61769	B2M
P61916	NPC2
P61968	LMO4
P62070	RRAS2
P62244	RPS15A
P62324	BTG1
P62424	RPL7A
P62495	ETF1
P62714	PPP2CB
P62745	RHOB
P62820	RAB1A
P62875	POLR2L
P63098	PPP3R1
P63172	DYNLT1
P68543	UBXN2A
P68871	HBB
P78312	FAM193A
P78314	SH3BP2
P78316	NOP14
P78325	ADAM8
P78332	RBM6
P78345	RPP38
P78352	DLG4
P78356	PIP4K2B
P78362	SRPK2
P78368	CSNK1G2
P78410	BTN3A2
P78536	ADAM17
P78543	BTG2
P78549	NTHL1
P78559	MAP1A
P78563	ADARB1
P80217	IFI35
P80404	ABAT
P82094	TMF1
P82650	MRPS22
P82673	MRPS35
P82933	MRPS9
P83111	LACTB
P83436	COG7
P83876	TXNL4A
P84022	SMAD3
P84095	RHOG
P85299	PRR5
P86452	ZBED6
P98170	XIAP
P98171	ARHGAP4
P98172	EFNB1
P98175	RBM10
P98177	FOXO4
P98194	ATP2C1
P98198	ATP8B2
Q00059	TFAM
Q00613	HSF1
Q00722	PLCB2
Q00978	IRF9
Q01085	TIAL1
Q01094	E2F1
Q01196	RUNX1
Q01432	AMPD3
Q01459	CTBS
Q01543	FLI1
Q01804	OTUD4
Q01826	SATB1
Q01831	XPC
Q01850	CDR2
Q02040	AKAP17A
Q02086	SP2
Q02224	CENPE
Q02338	BDH1
Q02446	SP4
Q02742	GCNT1
Q02833	RASSF7
Q02880	TOP2B
Q02978	SLC25A11
Q03013	GSTM4
Q03060	CREM
Q03111	MLLT1
Q03113	GNA12
Q03188	CENPC
Q03252	LMNB2
Q03468	ERCC6
Q03518	TAP1
Q03701	CEBPZ
Q03989	ARID5A
Q04323	UBXN1
Q04727	TLE4
Q04771	ACVR1
Q05397	PTK2
Q05469	LIPE
Q05823	RNASEL
Q05D32	CTDSPL2
Q06547	GABPB1
Q06609	RAD51
Q06787	FMR1
Q07011	TNFRSF9
Q07352	ZFP36L1
Q07617	SPAG1
Q07666	KHDRBS1
Q07820	MCL1
Q07889	SOS1
Q07890	SOS2
Q07912	TNK2
Q07955	SRSF1
Q08117	TLE5
Q08170	SRSF4
Q08209	PPP3CA
Q08379	GOLGA2
Q08426	EHHADH
Q08495	DMTN
Q08623	PUDP
Q08752	PPID
Q08881	ITK
Q08999	RBL2
Q08AF3	SLFN5
Q08AG7	MZT1
Q08AM6	VAC14
Q08AN1	ZNF616
Q0D2I5	IFFO1
Q0P6D6	CCDC15
Q0VD83	APOBR
Q0VDF9	HSPA14
Q0VDG4	SCRN3
Q0VGE8	ZNF816
Q10471	GALNT2
Q12766	HMGXB3
Q12767	TMEM94
Q12772	SREBF2
Q12774	ARHGEF5
Q12778	FOXO1
Q12788	TBL3
Q12834	CDC20
Q12846	STX4
Q12851	MAP4K2
Q12852	MAP3K12
Q12872	SFSWAP
Q12873	CHD3
Q12882	DPYD
Q12894	IFRD2
Q12899	TRIM26
Q12907	LMAN2
Q12913	PTPRJ
Q12918	KLRB1
Q12955	ANK3
Q12965	MYO1E
Q12968	NFATC3
Q12979	ABR
Q12980	NPRL3
Q12981	BNIP1
Q12983	BNIP3
Q12986	NFX1
Q13009	TIAM1
Q13017	ARHGAP5
Q13029	PRDM2
Q13033	STRN3
Q13043	STK4
Q13049	TRIM32
Q13077	TRAF1
Q13084	MRPL28
Q13094	LCP2
Q13098	GPS1
Q13107	USP4
Q13111	CHAF1A
Q13112	CHAF1B
Q13114	TRAF3
Q13115	DUSP4
Q13118	KLF10
Q13127	REST
Q13129	RLF
Q13137	CALCOCO2
Q13151	HNRNPA0
Q13163	MAP2K5
Q13177	PAK2
Q13190	STX5
Q13191	CBLB
Q13201	MMRN1
Q13206	DDX10
Q13216	ERCC8
Q13217	DNAJC3
Q13233	MAP3K1
Q13239	SLA
Q13241	KLRD1
Q13247	SRSF6
Q13258	PTGDR
Q13268	DHRS2
Q13287	NMI
Q13304	GPR17
Q13342	SP140
Q13352	ITGB3BP
Q13362	PPP2R5C
Q13370	PDE3B
Q13395	TARBP1
Q13415	ORC1
Q13423	NNT
Q13424	SNTA1
Q13426	XRCC4
Q13427	PPIG
Q13478	IL18R1
Q13485	SMAD4
Q13488	TCIRG1
Q13489	BIRC3
Q13490	BIRC2
Q13495	MAMLD1
Q13505	MTX1
Q13506	NAB1
Q13530	SERINC3
Q13546	RIPK1
Q13563	PKD2
Q13568	IRF5
Q13571	LAPTM5
Q13572	ITPK1
Q13576	IQGAP2
Q13586	STIM1
Q13595	TRA2A
Q13601	KRR1
Q13608	PEX6
Q13610	PWP1
Q13614	MTMR2
Q13615	MTMR3
Q13616	CUL1
Q13627	DYRK1A
Q13651	IL10RA
Q13685	AAMP
Q13686	ALKBH1
Q13724	MOGS
Q13761	RUNX3
Q13772	NCOA4
Q13795	ARFRP1
Q13796	SHROOM2
Q13825	AUH
Q13868	EXOSC2
Q13884	SNTB1
Q13889	GTF2H3
Q13895	BYSL
Q13907	IDI1
Q13946	PDE7A
Q13950	RUNX2
Q13951	CBFB
Q13952	NFYC
Q14004	CDK13
Q14088	RAB33A
Q14094	CCNI
Q14114	LRP8
Q14119	VEZF1
Q14142	TRIM14
Q14146	URB2
Q14147	DHX34
Q14151	SAFB2
Q14153	FAM53B
Q14155	ARHGEF7
Q14156	EFR3A
Q14161	GIT2
Q14164	IKBKE
Q14165	MLEC
Q14186	TFDP1
Q14191	WRN
Q14202	ZMYM3
Q14241	ELOA
Q14242	SELPLG
Q14254	FLOT2
Q14296	FASTK
Q14331	FRG1
Q14344	GNA13
Q14442	PIGH
Q14444	CAPRIN1
Q14457	BECN1
Q14520	HABP2
Q14527	HLTF
Q14554	PDIA5
Q14562	DHX8
Q14571	ITPR2
Q14584	ZNF266
Q14586	ZNF267
Q14596	NBR1
Q14643	ITPR1
Q14644	RASA3
Q14651	PLS1
Q14667	BLTP2
Q14674	ESPL1
Q14678	KANK1
Q14679	TTLL4
Q14680	MELK
Q14686	NCOA6
Q14687	GSE1
Q14689	DIP2A
Q14690	PDCD11
Q14692	BMS1
Q14693	LPIN1
Q14739	LBR
Q14746	COG2
Q14761	PTPRCAP
Q14764	MVP
Q14765	STAT4
Q14781	CBX2
Q147X3	NAA30
Q14807	KIF22
Q14849	STARD3
Q14865	ARID5B
Q14872	MTF1
Q14995	NR1D2
Q14999	CUL7
Q149N8	SHPRH
Q14BN4	SLMAP
Q14CS0	UBXN2B
Q14CW9	ATXN7L3
Q14CX7	NAA25
Q14CZ0	HAPSTR1
Q14CZ7	FASTKD3
Q15007	WTAP
Q15011	HERPUD1
Q15014	MORF4L2
Q15018	ABRAXAS2
Q15025	TNIP1
Q15029	EFTUD2
Q15032	R3HDM1
Q15034	HERC3
Q15036	SNX17
Q15038	DAZAP2
Q15040	JOSD1
Q15043	SLC39A14
Q15047	SETDB1
Q15051	IQCB1
Q15053	KIAA0040
Q15057	ACAP2
Q15059	BRD3
Q15070	OXA1L
Q15075	EEA1
Q15116	PDCD1
Q15119	PDK2
Q15154	PCM1
Q15165	PON2
Q15172	PPP2R5A
Q15173	PPP2R5B
Q15257	PTPA
Q15269	PWP2
Q15276	RABEP1
Q15311	RALBP1
Q15361	TTF1
Q15363	TMED2
Q15386	UBE3C
Q15390	MTFR1
Q15392	DHCR24
Q15397	PUM3
Q15435	PPP1R7
Q15436	SEC23A
Q15438	CYTH1
Q15468	STIL
Q15526	SURF1
Q15527	SURF2
Q15532	SS18
Q15542	TAF5
Q15554	TERF2
Q15555	MAPRE2
Q15560	TCEA2
Q15569	TESK1
Q15572	TAF1C
Q15596	NCOA2
Q15633	TARBP2
Q15649	ZNHIT3
Q15650	TRIP4
Q15653	NFKBIB
Q15697	ZNF174
Q15738	NSDHL
Q15742	NAB2
Q15743	GPR68
Q15758	SLC1A5
Q15762	CD226
Q15771	RAB30
Q15776	ZKSCAN8
Q15788	NCOA1
Q15818	NPTX1
Q15831	STK11
Q15833	STXBP2
Q15834	CCDC85B
Q15853	USF2
Q15906	VPS72
Q15935	ZNF77
Q15937	ZNF79
Q15973	ZNF124
Q16134	ETFDH
Q16254	E2F4
Q16342	PDCD2
Q16513	PKN2
Q16537	PPP2R5E
Q16539	MAPK14
Q16548	BCL2A1
Q16563	SYPL1
Q16581	C3AR1
Q16584	MAP3K11
Q16611	BAK1
Q16629	SRSF7
Q16635	TAFAZZIN
Q16647	PTGIS
Q16656	NRF1
Q16658	FSCN1
Q16665	HIF1A
Q16695	H3-4
Q16706	MAN2A1
Q16760	DGKD
Q16774	GUK1
Q16775	HAGH
Q16828	DUSP6
Q16829	DUSP7
Q16850	CYP51A1
Q16891	IMMT
Q1ED39	KNOP1
Q1RMZ1	BMT2
Q2KHM9	KIAA0753
Q2KHT3	CLEC16A
Q2LD37	BLTP1
Q2M1P5	KIF7
Q2M1Z3	ARHGAP31
Q2M296	MTHFSD
Q2M2I8	AAK1
Q2M389	WASHC4
Q2NKJ3	CTC1
Q2NKX8	ERCC6L
Q2NL98	VMAC
Q2PZI1	DPY19L1
Q2TAA5	ALG11
Q2TAK8	PWWP3A
Q2TAY7	SMU1
Q2TB10	ZNF800
Q2TB18	ASTE1
Q2TBE0	CWF19L2
Q2VPB7	AP5B1
Q2YD98	UVSSA
Q32M78	ZNF699
Q32M92	C15orf32
Q32NB8	PGS1
Q32NC0	C18orf21
Q32P44	EML3
Q330K2	NDUFAF6
Q3B726	POLR1F
Q3B7J2	GFOD2
Q3KP31	ZNF791
Q3KQV3	ZNF792
Q3KQV9	UAP1L1
Q3KR37	GRAMD1B
Q3L8U1	CHD9
Q3LXA3	TKFC
Q3MHD2	LSM12
Q3MII6	TBC1D25
Q3SXM5	HSDL1
Q3SY69	ALDH1L2
Q3T8J9	GON4L
Q3YBR2	TBRG1
Q3YEC7	RABL6
Q3ZCQ8	TIMM50
Q460N3	PARP15
Q460N5	PARP14
Q494V2	CFAP100
Q495A1	TIGIT
Q495X7	TRIM60
Q499Z4	ZNF672
Q49A26	GLYR1
Q49AM3	TTC31
Q49AR2	C5orf22
Q49MG5	MAP9
Q4AC94	C2CD3
Q4ADV7	RIC1
Q4FZB7	KMT5B
Q4G0J3	LARP7
Q4J6C6	PREPL
Q4KMP7	TBC1D10B
Q4KMQ1	TPRN
Q4KMQ2	ANO6
Q4L235	AASDH
Q4LE39	ARID4B
Q4VC31	MIX23
Q4VC44	FLYWCH1
Q4VX76	SYTL3
Q4W5G0	TIGD2
Q4ZG55	GREB1
Q4ZIN3	TMEM259
Q504Q3	PAN2
Q504U0	C4orf46
Q52LR7	EPC2
Q52M93	ZNF585B
Q53FT3	HIKESHI
Q53GL0	PLEKHO1
Q53GS7	GLE1
Q53GS9	USP39
Q53GT1	KLHL22
Q53H47	SETMAR
Q53H54	TRMT12
Q53H80	AKIRIN2
Q53HV7	SMUG1
Q53QV2	LBH
Q53QZ3	ARHGAP15
Q53R41	FASTKD1
Q53T94	TAF1B
Q53TQ3	INO80D
Q562E7	WDR81
Q562F6	SGO2
Q567U6	CCDC93
Q567V2	MPV17L2
Q56NI9	ESCO2
Q58A45	PAN3
Q58EX7	PLEKHG4
Q58WW2	DCAF6
Q5BJF6	ODF2
Q5BKZ1	ZNF326
Q5C9Z4	NOM1
Q5D1E8	ZC3H12A
Q5EBL2	ZNF628
Q5EBL4	RILPL1
Q5EBM0	CMPK2
Q5EE01	CENPW
Q5EG05	CARD16
Q5FBB7	SGO1
Q5FWF5	ESCO1
Q5H8C1	FREM1
Q5H9F3	BCORL1
Q5H9S7	DCAF17
Q5H9U9	DDX60L
Q5HY98	ZNF766
Q5HYC2	BRD10
Q5HYI8	RABL3
Q5HYJ3	FAM76B
Q5HYK3	COQ5
Q5HYW2	NHSL2
Q5J8M3	EMC4
Q5JPB2	ZNF831
Q5JPE7	NOMO2
Q5JRA6	MIA3
Q5JSH3	WDR44
Q5JSL3	DOCK11
Q5JSZ5	PRRC2B
Q5JTH9	RRP12
Q5JTJ3	COA6
Q5JTV8	TOR1AIP1
Q5JTW2	CEP78
Q5JVG2	ZNF484
Q5JVS0	HABP4
Q5JWR5	DOP1A
Q5JXC2	MIIP
Q5JZY3	EPHA10
Q5K4L6	SLC27A3
Q5K651	SAMD9
Q5M7Z0	RNFT1
Q5MNZ9	WIPI1
Q5NDL2	EOGT
Q5PSV4	BRMS1L
Q5QJ74	TBCEL
Q5QJE6	DNTTIP2
Q5QP82	DCAF10
Q5R372	RABGAP1L
Q5RI15	COX20
Q5RL73	RBM48
Q5SNT2	TMEM201
Q5SR56	MFSD14B
Q5SSJ5	HP1BP3
Q5SVS4	SLC25A30
Q5SVZ6	ZMYM1
Q5SWX8	ODR4
Q5SY16	NOL9
Q5SZL2	CEP85L
Q5T011	SZT2
Q5T0D9	TPRG1L
Q5T0F9	CC2D1B
Q5T1C6	THEM4
Q5T1M5	FKBP15
Q5T1R4	HIVEP3
Q5T280	SPOUT1
Q5T2E6	ARMH3
Q5T2T1	MPP7
Q5T3I0	GPATCH4
Q5T3J3	LRIF1
Q5T447	HECTD3
Q5T4F4	ZFYVE27
Q5T5C0	STXBP5
Q5T5X7	BEND3
Q5T5Y3	CAMSAP1
Q5T619	ZNF648
Q5T653	MRPL2
Q5T6C5	ATXN7L2
Q5T6F0	DCAF12
Q5T6J7	IDNK
Q5T6V5	QNG1
Q5T7V8	GORAB
Q5T8D3	ACBD5
Q5T8I3	EEIG2
Q5T8I9	HENMT1
Q5T8P6	RBM26
Q5T8R8	DOCK8-AS1
Q5T9A4	ATAD3B
Q5T9C2	EEIG1
Q5T9S5	CCDC18
Q5TA45	INTS11
Q5TAX3	TUT4
Q5TB80	CEP162
Q5TBA9	FRY
Q5TC82	RC3H1
Q5TCZ1	SH3PXD2A
Q5TEJ8	THEMIS2
Q5TEU4	NDUFAF5
Q5TGY1	TMCO4
Q5TGZ0	MICOS10
Q5THJ4	VPS13D
Q5THK1	PRR14L
Q5TIA1	MEI1
Q5TKA1	LIN9
Q5UCC4	EMC10
Q5UE93	PIK3R6
Q5VST6	ABHD17B
Q5VST9	OBSCN
Q5VT06	CEP350
Q5VTB9	RNF220
Q5VTE6	ANGEL2
Q5VTH9	DNAI4
Q5VU43	PDE4DIP
Q5VUG0	SFMBT2
Q5VV17	OTUD1
Q5VVJ2	MYSM1
Q5VW36	FOCAD
Q5VWG9	TAF3
Q5VWJ9	SNX30
Q5VWN6	TASOR2
Q5VWP2	TENT5C
Q5VYV7	SLX4IP
Q5VZE5	NAA35
Q5VZK9	CARMIL1
Q5W0B1	OBI1
Q5W0U4	BSPRY
Q5W0V3	FHIP2A
Q5W0Z9	ZDHHC20
Q5W111	SPRYD7
Q5XG99	LYSMD4
Q5XPI4	RNF123
Q5XUX0	FBXO31
Q63HQ0	AP1AR
Q643R3	LPCAT4
Q64LD2	WDR25
Q658Y4	FAM91A1
Q659A1	ICE2
Q659C4	LARP1B
Q66GS9	CEP135
Q66K89	E4F1
Q66LE6	PPP2R2D
Q676U5	ATG16L1
Q684P5	RAP1GAP2
Q68CQ4	UTP25
Q68CR1	SEL1L3
Q68CZ6	HAUS3
Q68D10	SPTY2D1
Q68DH5	LMBRD2
Q68DK2	ZFYVE26
Q68DK7	MSL1
Q68DN1	SPATA31H1
Q68EM7	ARHGAP17
Q69YH5	CDCA2
Q69YI7	NAIF1
Q69YN4	VIRMA
Q6AHZ1	ZNF518A
Q6AI08	HEATR6
Q6AI39	BICRAL
Q6AZZ1	TRIM68
Q6DCA0	AMMECR1L
Q6DD88	ATL3
Q6DN12	MCTP2
Q6F5E8	CARMIL2
Q6FIF0	ZFAND6
Q6GMV3	PTRHD1
Q6GPH4	XAF1
Q6GQQ9	OTUD7B
Q6GYQ0	RALGAPA1
Q6I9Y2	THOC7
Q6IA17	SIGIRR
Q6ICG6	KIAA0930
Q6ICH7	ASPHD2
Q6ICL3	TANGO2
Q6IE81	JADE1
Q6IEG0	SNRNP48
Q6IN84	MRM1
Q6IPR3	TYW3
Q6IPU0	CENPP
Q6IQ16	SPOPL
Q6IQ19	CCSAP
Q6IQ21	ZNF770
Q6IQ22	RAB12
Q6IQ26	DENND5A
Q6IQ32	ADNP2
Q6K0P9	PYHIN1
Q6KCM7	SLC25A25
Q6MZP7	LIN54
Q6MZQ0	PRR5L
Q6N021	TET2
Q6N043	ZNF280D
Q6N063	OGFOD2
Q6N069	NAA16
Q6N075	MFSD5
Q6NSZ9	ZSCAN25
Q6NT55	CYP4F22
Q6NTE8	MRNIP
Q6NTF7	APOBEC3H
Q6NUK1	SLC25A24
Q6NUM9	RETSAT
Q6NUN9	ZNF746
Q6NUQ1	RINT1
Q6NUQ4	TMEM214
Q6NUT2	DPY19L2
Q6NVH7	SWSAP1
Q6NVV7	CDPF1
Q6NW34	NEPRO
Q6NXR4	TTI2
Q6NXT6	TAPT1
Q6NY19	KANK3
Q6NYC1	JMJD6
Q6P087	RPUSD3
Q6P0Q8	MAST2
Q6P158	DHX57
Q6P161	MRPL54
Q6P179	ERAP2
Q6P1K2	PMF1
Q6P1L5	FAM117B
Q6P1M0	SLC27A4
Q6P1M3	LLGL2
Q6P1N9	TATDN1
Q6P1R4	DUS1L
Q6P280	ZNF529
Q6P2D0	ZFP1
Q6P2H3	CEP85
Q6P2I7	EBLN2
Q6P2P2	PRMT9
Q6P3S6	FBXO42
Q6P3W7	SCYL2
Q6P3X3	TTC27
Q6P4A7	SFXN4
Q6P4F7	ARHGAP11A
Q6P4Q7	CNNM4
Q6P4R8	NFRKB
Q6P5X5	C22orf39
Q6P6B7	ANKRD16
Q6P6C2	ALKBH5
Q6P996	PDXDC1
Q6P9B9	INTS5
Q6P9G4	TMEM154
Q6P9H5	GIMAP6
Q6PCB7	SLC27A1
Q6PCB8	EMB
Q6PCD5	RFWD3
Q6PD62	CTR9
Q6PD74	AAGAB
Q6PF04	ZNF613
Q6PF06	TRMT10B
Q6PFW1	PPIP5K1
Q6PGN9	PSRC1
Q6PGP7	SKIC3
Q6PGQ7	BORA
Q6PH81	C16orf87
Q6PI47	KCTD18
Q6PID6	TTC33
Q6PII5	HAGHL
Q6PIJ6	FBXO38
Q6PIU2	NCEH1
Q6PIY7	TENT2
Q6PIZ9	TRAT1
Q6PJ21	SPSB3
Q6PJ61	FBXO46
Q6PJF5	RHBDF2
Q6PJG2	MIDEAS
Q6PJI9	WDR59
Q6PJW8	CNST
Q6PK18	OGFOD3
Q6PL18	ATAD2
Q6PRD1	GPR179
Q6RFH5	WDR74
Q6S8J3	POTEE
Q6SZW1	SARM1
Q6UB98	ANKRD12
Q6ULP2	AFTPH
Q6UUV7	CRTC3
Q6UVJ0	SASS6
Q6UW02	CYP20A1
Q6UWB1	IL27RA
Q6UWE0	LRSAM1
Q6UWP7	LCLAT1
Q6UWZ7	ABRAXAS1
Q6UX04	CWC27
Q6UX07	DHRS13
Q6UX65	DRAM2
Q6UX98	ZDHHC24
Q6UXH1	CRELD2
Q6UXN9	WDR82
Q6UXT9	ABHD15
Q6UXV4	APOOL
Q6V1X1	DPP8
Q6VN20	RANBP10
Q6VVX0	CYP2R1
Q6VY07	PACS1
Q6W2J9	BCOR
Q6Y2X3	DNAJC14
Q6YHU6	THADA
Q6YP21	KYAT3
Q6ZMI0	PPP1R21
Q6ZMT4	KDM7A
Q6ZMZ3	SYNE3
Q6ZN19	ZNF841
Q6ZN54	DEF8
Q6ZNA1	ZNF836
Q6ZNB6	NFXL1
Q6ZNE5	ATG14
Q6ZNJ1	NBEAL2
Q6ZP65	BICDL1
Q6ZRI6	C15orf39
Q6ZRS2	SRCAP
Q6ZS11	RINL
Q6ZS17	RIPOR1
Q6ZS30	NBEAL1
Q6ZSS7	MFSD6
Q6ZTN6	ANKRD13D
Q6ZU65	UBN2
Q6ZU80	CEP128
Q6ZUM4	ARHGAP27
Q6ZV29	PNPLA7
Q6ZVF9	GPRIN3
Q6ZW49	PAXIP1
Q6ZWJ1	STXBP4
Q6ZWL3	CYP4V2
Q702N8	XIRP1
Q70CQ4	USP31
Q70EK8	USP53
Q70IA6	MOB2
Q70Z35	PREX2
Q70Z53	FRA10AC1
Q71F23	CENPU
Q71F56	MED13L
Q71RG4	TMUB2
Q75N03	CBLL1
Q75QN2	INTS8
Q76FK4	NOL8
Q76I76	SSH2
Q76L83	ASXL2
Q76N32	CEP68
Q7KZI7	MARK2
Q7L1W4	LRRC8D
Q7L211	ABHD13
Q7L266	ASRGL1
Q7L311	ARMCX2
Q7L3B6	CDC37L1
Q7L3S4	ZNF771
Q7L3T8	PARS2
Q7L4P6	BEND5
Q7L590	MCM10
Q7L7V1	DHX32
Q7L7X3	TAOK1
Q7L8J4	SH3BP5L
Q7L945	ZNF627
Q7LGA3	HS2ST1
Q7RTP6	MICAL3
Q7RTR2	NLRC3
Q7RTS9	DYM
Q7Z2K6	ERMP1
Q7Z2K8	GPRIN1
Q7Z2T5	TRMT1L
Q7Z2W9	MRPL21
Q7Z2Z1	TICRR
Q7Z309	PABIR2
Q7Z333	SETX
Q7Z392	TRAPPC11
Q7Z3C6	ATG9A
Q7Z3D4	LYSMD3
Q7Z3E2	CCDC186
Q7Z3F1	GPR155
Q7Z3J2	VPS35L
Q7Z3T8	ZFYVE16
Q7Z3U7	MON2
Q7Z3V4	UBE3B
Q7Z3V5	ZNF571
Q7Z403	TMC6
Q7Z412	PEX26
Q7Z460	CLASP1
Q7Z478	DHX29
Q7Z4G4	TRMT11
Q7Z4H8	POGLUT3
Q7Z4K8	TRIM46
Q7Z4S6	KIF21A
Q7Z569	BRAP
Q7Z589	EMSY
Q7Z591	AKNA
Q7Z5J1	HSD11B1L
Q7Z5L2	R3HCC1L
Q7Z5R6	APBB1IP
Q7Z5U6	WDR53
Q7Z5Y7	KCTD20
Q7Z614	SNX20
Q7Z624	CAMKMT
Q7Z695	ADCK2
Q7Z6A9	BTLA
Q7Z6B0	CCDC91
Q7Z6E9	RBBP6
Q7Z6J4	FGD2
Q7Z6J8	UBE3D
Q7Z6J9	TSEN54
Q7Z6K3	PTAR1
Q7Z6L1	TECPR1
Q7Z6M4	MTERF4
Q7Z6V5	ADAT2
Q7Z7A1	CNTRL
Q7Z7C8	TAF8
Q7Z7E8	UBE2Q1
Q7Z7F0	KHDC4
Q7Z7G8	VPS13B
Q7Z7K0	CMC1
Q7Z7K6	CENPV
Q7Z7L1	SLFN11
Q86SE9	PCGF5
Q86SQ7	SDCCAG8
Q86SX3	TEDC1
Q86SZ2	TRAPPC6B
Q86T03	PIP4P1
Q86T24	ZBTB33
Q86T90	KIAA1328
Q86TB9	PATL1
Q86TD4	SRL
Q86TJ2	TADA2B
Q86TN4	TRPT1
Q86TP1	PRUNE1
Q86TW2	ADCK1
Q86U38	NOP9
Q86U70	LDB1
Q86UA1	PRPF39
Q86UD4	ZNF329
Q86UE8	TLK2
Q86UK7	ZNF598
Q86UL3	GPAT4
Q86US8	SMG6
Q86UT6	NLRX1
Q86UT8	CENATAC
Q86UW6	N4BP2
Q86UW7	CADPS2
Q86UY6	NAA40
Q86V97	KBTBD6
Q86VN1	VPS36
Q86VP1	TAX1BP1
Q86VP3	PACS2
Q86VU5	COMTD1
Q86VV8	RTTN
Q86VW1	SLC22A16
Q86VX9	MON1A
Q86VY4	TSPYL5
Q86VZ1	P2RY8
Q86W33	TPRA1
Q86W34	AMZ2
Q86WA8	LONP2
Q86WH2	RASSF3
Q86WI3	NLRC5
Q86WJ1	CHD1L
Q86WP2	GPBP1
Q86WR7	PROSER2
Q86WV1	SKAP1
Q86WV5	TEN1
Q86WV6	STING1
Q86X52	CHSY1
Q86X55	CARM1
Q86X83	COMMD2
Q86X95	CIR1
Q86XA9	HEATR5A
Q86XF7	ZNF575
Q86XI2	NCAPG2
Q86XI8	ZSWIM9
Q86XK2	FBXO11
Q86XK3	SFR1
Q86XL3	ANKLE2
Q86XM0	CATSPERD
Q86XN7	PROSER1
Q86XP1	DGKH
Q86XR8	CEP57
Q86XZ4	SPATS2
Q86Y07	VRK2
Q86Y13	DZIP3
Q86Y79	PTRH1
Q86Y82	STX12
Q86Y91	KIF18B
Q86Y97	KMT5C
Q86YA3	ZGRF1
Q86YB7	ECHDC2
Q86YC2	PALB2
Q86YM7	HOMER1
Q86YN1	DOLPP1
Q86YP4	GATAD2A
Q86YR5	GPSM1
Q86YS3	RAB11FIP4
Q86YS6	RAB43
Q86YT6	MIB1
Q86YT9	JAML
Q86YV0	RASAL3
Q86YV9	HPS6
Q86Z02	HIPK1
Q8IU60	DCP2
Q8IU68	TMC8
Q8IUC4	RHPN2
Q8IUH3	RBM45
Q8IUH4	ZDHHC13
Q8IUQ4	SIAH1
Q8IUR6	CREBRF
Q8IUR7	ARMC8
Q8IUW3	SPATA2L
Q8IUZ5	PHYKPL
Q8IV04	TBC1D10C
Q8IV20	LACC1
Q8IV32	CCDC71
Q8IV38	ANKMY2
Q8IV50	LYSMD2
Q8IVD9	NUDCD3
Q8IVF7	FMNL3
Q8IVG5	SAMD9L
Q8IVS2	MCAT
Q8IVT5	KSR1
Q8IVU3	HERC6
Q8IVV2	LOXHD1
Q8IVV7	GID4
Q8IW19	APLF
Q8IW45	NAXD
Q8IWA0	WDR75
Q8IWA4	MFN1
Q8IWA5	SLC44A2
Q8IWB1	ITPRIP
Q8IWB9	TEX2
Q8IWC1	MAP7D3
Q8IWE4	DCUN1D3
Q8IWE5	PLEKHM2
Q8IWJ2	GCC2
Q8IWR0	ZC3H7A
Q8IWT3	CUL9
Q8IWT6	LRRC8A
Q8IWU2	LMTK2
Q8IWW6	ARHGAP12
Q8IWY9	CDAN1
Q8IWZ8	SUGP1
Q8IX03	WWC1
Q8IX04	UEVLD
Q8IX12	CCAR1
Q8IX18	DHX40
Q8IX21	SLF2
Q8IXH6	TP53INP2
Q8IXI1	RHOT2
Q8IXI2	RHOT1
Q8IXJ6	SIRT2
Q8IXN7	RIMKLA
Q8IXQ5	KLHL7
Q8IXQ6	PARP9
Q8IXS8	HYCC2
Q8IXT5	RBM12B
Q8IXZ2	ZC3H3
Q8IY21	DDX60
Q8IY22	CMIP
Q8IY26	PLPP6
Q8IY37	DHX37
Q8IY47	KBTBD2
Q8IY81	FTSJ3
Q8IY92	SLX4
Q8IY95	TMEM192
Q8IYA6	CKAP2L
Q8IYB1	MB21D2
Q8IYB3	SRRM1
Q8IYB7	DIS3L2
Q8IYB8	SUPV3L1
Q8IYD1	GSPT2
Q8IYD8	FANCM
Q8IYH5	ZZZ3
Q8IYI6	EXOC8
Q8IYJ3	SYTL1
Q8IYL2	TRMT44
Q8IYM2	SLFN12
Q8IYM9	TRIM22
Q8IYN0	ZNF100
Q8IYR2	SMYD4
Q8IYS2	KIAA2013
Q8IYT2	CMTR2
Q8IYU2	HACE1
Q8IYU8	MICU2
Q8IYW5	RNF168
Q8IZ20	ZNF683
Q8IZ81	ELMOD2
Q8IZC7	ZNF101
Q8IZD2	KMT2E
Q8IZD4	DCP1B
Q8IZD9	DOCK3
Q8IZE3	SCYL3
Q8IZF4	ADGRG5
Q8IZH2	XRN1
Q8IZL2	MAML2
Q8IZL8	PELP1
Q8IZM8	ZNF654
Q8IZP0	ABI1
Q8IZV5	RDH10
Q8IZY2	ABCA7
Q8J025	APCDD1
Q8N0S6	CENPL
Q8N0U4	FAM185A
Q8N0U8	VKORC1L1
Q8N0V3	RBFA
Q8N0Y2	ZNF444
Q8N0Z3	SPICE1
Q8N0Z8	PUSL1
Q8N103	TAGAP
Q8N108	MIER1
Q8N122	RPTOR
Q8N128	FAM177A1
Q8N137	CNTROB
Q8N141	ZFP82
Q8N184	ZNF567
Q8N1B4	VPS52
Q8N1E6	FBXL14
Q8N1F8	STK11IP
Q8N1G1	REXO1
Q8N1K5	THEMIS
Q8N228	SCML4
Q8N2A8	PLD6
Q8N2F6	ARMC10
Q8N2G8	GHDC
Q8N2I9	STK40
Q8N2K0	ABHD12
Q8N2K1	UBE2J2
Q8N300	SVBP
Q8N371	KDM8
Q8N3A8	PARP8
Q8N3C0	ASCC3
Q8N3C7	CLIP4
Q8N3J3	HROB
Q8N3P4	VPS8
Q8N3Z3	GTPBP8
Q8N3Z6	ZCCHC7
Q8N442	GUF1
Q8N448	LNX2
Q8N465	D2HGDH
Q8N4C6	NIN
Q8N4C8	MINK1
Q8N4J0	CARNMT1
Q8N4Q0	PTGR3
Q8N4S0	CCDC82
Q8N4U5	TCP11L2
Q8N4W9	ZNF808
Q8N531	FBXL6
Q8N543	OGFOD1
Q8N554	ZNF276
Q8N573	OXR1
Q8N584	TTC39C
Q8N594	MPND
Q8N5A5	ZGPAT
Q8N5B7	CERS5
Q8N5C6	SRBD1
Q8N5C8	TAB3
Q8N5D0	WDTC1
Q8N5G2	MACO1
Q8N5H7	SH2D3C
Q8N5I9	NOPCHAP1
Q8N5J2	MINDY1
Q8N5P1	ZC3H8
Q8N5U6	RNF10
Q8N5W9	RFLNB
Q8N5X7	EIF4E3
Q8N5Y2	MSL3
Q8N5Y8	PARP16
Q8N653	LZTR1
Q8N655	LCOR
Q8N697	SLC15A4
Q8N6F7	GCSAM
Q8N6G6	ADAMTSL1
Q8N6H7	ARFGAP2
Q8N6K7	SAMD3
Q8N6M3	FITM2
Q8N6N7	ACBD7
Q8N6Q3	CD177
Q8N6S5	ARL6IP6
Q8N6T3	ARFGAP1
Q8N6T7	SIRT6
Q8N720	ZNF655
Q8N755	SLC66A3
Q8N766	EMC1
Q8N782	ZNF525
Q8N823	ZNF611
Q8N883	ZNF614
Q8N884	CGAS
Q8N8A2	ANKRD44
Q8N8A6	DDX51
Q8N8D1	PDCD7
Q8N8J6	ZNF615
Q8N8N7	PTGR2
Q8N8Q3	ENDOV
Q8N8Q9	NIPA2
Q8N8R7	ARL14EP
Q8N8U2	CDYL2
Q8N8Y5	ZFP41
Q8N954	GPATCH11
Q8N960	CEP120
Q8N972	ZNF709
Q8N988	ZNF557
Q8N9F7	GDPD1
Q8N9I9	DTX3
Q8N9L9	ACOT4
Q8N9M1	C19orf47
Q8N9N5	BANP
Q8N9N7	LRRC57
Q8N9R8	SCAI
Q8N9U0	TC2N
Q8N9V3	WDSUB1
Q8N9Z2	CCDC71L
Q8NA72	POC5
Q8NAA4	ATG16L2
Q8NAN2	MIGA1
Q8NAP3	ZBTB38
Q8NB14	USP38
Q8NB15	ZNF511
Q8NB16	MLKL
Q8NB46	ANKRD52
Q8NB49	ATP11C
Q8NB50	ZFP62
Q8NB78	KDM1B
Q8NB91	FANCB
Q8NBF6	AVL9
Q8NBJ7	SUMF2
Q8NBJ9	SIDT2
Q8NBL1	POGLUT1
Q8NBM8	PCYOX1L
Q8NBN7	RDH13
Q8NBQ5	HSD17B11
Q8NBT2	SPC24
Q8NBU5	ATAD1
Q8NBZ0	INO80E
Q8NBZ7	UXS1
Q8NC42	RNF149
Q8NC44	RETREG2
Q8NC54	KCT2
Q8NC56	LEMD2
Q8NCA5	FAM98A
Q8NCC3	PLA2G15
Q8NCD3	HJURP
Q8NCE2	MTMR14
Q8NCG7	DAGLB
Q8NCH0	CHST14
Q8NCJ5	SPRYD3
Q8NCN4	RNF169
Q8NCN5	PDPR
Q8NCP5	ZBTB44
Q8NCR0	B3GALNT2
Q8ND04	SMG8
Q8ND30	PPFIBP2
Q8ND71	GIMAP8
Q8ND82	ZNF280C
Q8NDA2	HMCN2
Q8NDA8	MROH1
Q8NDD1	C1orf131
Q8NDN9	RCBTB1
Q8NDT2	RBM15B
Q8NDV7	TNRC6A
Q8NDX1	PSD4
Q8NDX5	PHC3
Q8NDZ2	SIMC1
Q8NE00	TMEM104
Q8NE01	CNNM3
Q8NE62	CHDH
Q8NE86	MCU
Q8NEB9	PIK3C3
Q8NEK5	ZNF548
Q8NEL9	DDHD1
Q8NEM0	MCPH1
Q8NEM7	SUPT20H
Q8NEN9	PDZD8
Q8NEU8	APPL2
Q8NEW0	SLC30A7
Q8NEY8	PPHLN1
Q8NEZ2	VPS37A
Q8NEZ4	KMT2C
Q8NF37	LPCAT1
Q8NF64	ZMIZ2
Q8NF91	SYNE1
Q8NF99	ZNF397
Q8NFA0	USP32
Q8NFD5	ARID1B
Q8NFG4	FLCN
Q8NFU5	IPMK
Q8NFZ0	FBH1
Q8NFZ5	TNIP2
Q8NG08	HELB
Q8NG11	TSPAN14
Q8NG27	PJA1
Q8NG31	KNL1
Q8NG48	LINS1
Q8NG68	TTL
Q8NHH9	ATL2
Q8NHM5	KDM2B
Q8NHP6	MOSPD2
Q8NHP8	PLBD2
Q8NHQ1	CEP70
Q8NHQ9	DDX55
Q8NHS4	CLHC1
Q8NHU2	CFAP61
Q8NHU6	TDRD7
Q8NHV1	GIMAP7
Q8NHY2	COP1
Q8NI36	WDR36
Q8NI37	PPTC7
Q8NI60	COQ8A
Q8NI77	KIF18A
Q8TA86	RP9
Q8TAD8	SNIP1
Q8TAE8	GADD45GIP1
Q8TAP6	CEP76
Q8TAP8	PPP1R35
Q8TAT6	NPLOC4
Q8TAW3	ZNF671
Q8TAX9	GSDMB
Q8TB24	RIN3
Q8TB61	SLC35B2
Q8TB72	PUM2
Q8TBC3	SHKBP1
Q8TBE0	BAHD1
Q8TBF2	PRXL2B
Q8TBF4	ZCRB1
Q8TBK2	SETD6
Q8TBM8	DNAJB14
Q8TBP6	SLC25A40
Q8TBX8	PIP4K2C
Q8TBZ3	WDR20
Q8TBZ5	ZNF502
Q8TBZ8	ZNF564
Q8TC05	MDM1
Q8TC12	RDH11
Q8TC44	POC1B
Q8TCA0	LRRC20
Q8TCB0	IFI44
Q8TCB7	METTL6
Q8TCD1	C18orf32
Q8TCF1	ZFAND1
Q8TCG2	PI4K2B
Q8TCJ2	STT3B
Q8TCN5	ZNF507
Q8TCS8	PNPT1
Q8TCT0	CERK
Q8TCT8	SPPL2A
Q8TCU4	ALMS1
Q8TCU6	PREX1
Q8TCY9	URGCP
Q8TCZ2	CD99L2
Q8TD17	ZNF398
Q8TD26	CHD6
Q8TD31	CCHCR1
Q8TD55	PLEKHO2
Q8TDB6	DTX3L
Q8TDF5	NETO1
Q8TDF6	RASGRP4
Q8TDM6	DLG5
Q8TDQ0	HAVCR2
Q8TDQ7	GNPDA2
Q8TDR0	TRAF3IP1
Q8TDW0	LRRC8C
Q8TDY2	RB1CC1
Q8TE77	SSH3
Q8TE96	DQX1
Q8TEA1	NSUN6
Q8TEA7	TBCK
Q8TEB1	DCAF11
Q8TEB9	RHBDD1
Q8TED0	UTP15
Q8TEH3	DENND1A
Q8TEK3	DOT1L
Q8TEP8	CEP192
Q8TEQ0	SNX29
Q8TET4	GANC
Q8TEV9	SMCR8
Q8TF40	FNIP1
Q8TF46	DIS3L
Q8TF47	ZFP90
Q8TF64	GIPC3
Q8TF68	ZNF384
Q8TF76	HASPIN
Q8WTT2	NOC3L
Q8WTW4	NPRL2
Q8WU10	PYROXD1
Q8WU17	RNF139
Q8WU58	FAM222B
Q8WUA2	PPIL4
Q8WUD1	RAB2B
Q8WUD6	CHPT1
Q8WUH1	CHURC1
Q8WUH2	TGFBRAP1
Q8WUK0	PTPMT1
Q8WUQ7	CACTIN
Q8WUR7	C15orf40
Q8WUU5	GATAD1
Q8WUX9	CHMP7
Q8WUY9	DEPDC1B
Q8WUZ0	BCL7C
Q8WV16	DCAF4
Q8WV22	NSMCE1
Q8WV44	TRIM41
Q8WV93	AFG1L
Q8WVC6	DCAKD
Q8WVD3	RNF138
Q8WVE0	EEF1AKMT1
Q8WVK7	SKA2
Q8WVM0	TFB1M
Q8WVM7	STAG1
Q8WVM8	SCFD1
Q8WVR3	TRAPPC14
Q8WVS4	DYNC2I1
Q8WVY7	UBLCP1
Q8WW22	DNAJA4
Q8WW59	SPRYD4
Q8WWH5	TRUB1
Q8WWK9	CKAP2
Q8WWN8	ARAP3
Q8WWN9	IPCEF1
Q8WWP7	GIMAP1
Q8WWQ0	PHIP
Q8WWW0	RASSF5
Q8WWW8	GAB3
Q8WWZ3	EDARADD
Q8WXE0	CASKIN2
Q8WXG1	RSAD2
Q8WXG6	MADD
Q8WXW3	PIBF1
Q8WXX0	DNAH7
Q8WXX5	DNAJC9
Q8WYA6	CTNNBL1
Q8WYB5	KAT6B
Q8WYL5	SSH1
Q8WYQ3	CHCHD10
Q8WYQ5	DGCR8
Q8WYR1	PIK3R5
Q8WZ60	KLHL6
Q8WZ64	ARAP2
Q8WZ73	RFFL
Q92466	DDB2
Q92478	CLEC2B
Q92482	AQP3
Q92506	HSD17B8
Q92520	FAM3C
Q92540	SMG7
Q92543	SNX19
Q92545	TMEM131
Q92547	TOPBP1
Q92551	IP6K1
Q92560	BAP1
Q92562	FIG4
Q92563	SPOCK2
Q92564	DCUN1D4
Q92567	FAM168A
Q92570	NR4A3
Q92574	TSC1
Q92585	MAML1
Q92600	CNOT9
Q92608	DOCK2
Q92610	ZNF592
Q92620	DHX38
Q92622	RUBCN
Q92624	APPBP2
Q92625	ANKS1A
Q92643	PIGK
Q92664	GTF3A
Q92673	SORL1
Q92674	CENPI
Q92685	ALG3
Q92698	RAD54L
Q92750	TAF4B
Q92759	GTF2H4
Q92766	RREB1
Q92783	STAM
Q92784	DPF3
Q92794	KAT6A
Q92800	EZH1
Q92802	N4BP2L2
Q92805	GOLGA1
Q92828	CORO2A
Q92831	KAT2B
Q92833	JARID2
Q92834	RPGR
Q92837	FRAT1
Q92845	KIFAP3
Q92851	CASP10
Q92854	SEMA4D
Q92882	OSTF1
Q92889	ERCC4
Q92896	GLG1
Q92902	HPS1
Q92925	SMARCD2
Q92930	RAB8B
Q92956	TNFRSF14
Q92963	RIT1
Q92966	SNAPC3
Q92968	PEX13
Q92979	EMG1
Q92985	IRF7
Q92993	KAT5
Q92994	BRF1
Q92995	USP13
Q92997	DVL3
Q93015	NAA80
Q93038	TNFRSF25
Q93050	ATP6V0A1
Q93073	SECISBP2L
Q93075	TATDN2
Q93084	ATP2A3
Q969E2	SCAMP4
Q969F1	GTF3C6
Q969F9	HPS3
Q969G3	SMARCE1
Q969G6	RFK
Q969H4	CNKSR1
Q969J3	BORCS5
Q969K3	RNF34
Q969K4	ABTB1
Q969M1	TOMM40L
Q969M7	UBE2F
Q969N2	PIGT
Q969P5	FBXO32
Q969Q6	PPP2R3C
Q969R5	L3MBTL2
Q969S2	NEIL2
Q969S8	HDAC10
Q969T7	NT5C3B
Q969U6	FBXW5
Q969V5	MUL1
Q969X0	RILPL2
Q969X6	UTP4
Q969Z3	MTARC2
Q96A19	CCDC102A
Q96A33	CCDC47
Q96A37	RNF166
Q96A46	SLC25A28
Q96A72	MAGOHB
Q96AA3	RFT1
Q96AB6	NTAN1
Q96AE7	TTC17
Q96AG3	SLC25A46
Q96AG4	LRRC59
Q96AK3	APOBEC3D
Q96AL6	C15orf37
Q96AP0	ACD
Q96AP4	ZUP1
Q96AX2	RAB37
Q96AX9	MIB2
Q96AY2	EME1
Q96AZ6	ISG20
Q96B01	RAD51AP1
Q96B36	AKT1S1
Q96B45	BORCS7
Q96B54	ZNF428
Q96B70	LENG9
Q96B97	SH3KBP1
Q96BF3	TMIGD2
Q96BH1	RNF25
Q96BJ3	AIDA
Q96BK5	PINX1
Q96BP3	PPWD1
Q96BQ5	CCDC127
Q96BR6	ZNF669
Q96BS2	TESC
Q96BT3	CENPT
Q96BT7	ALKBH8
Q96BW1	UPRT
Q96BW5	PTER
Q96BW9	TAMM41
Q96BX8	MOB3A
Q96BY6	DOCK10
Q96BY9	SARAF
Q96C00	ZBTB9
Q96C10	DHX58
Q96C12	ARMC5
Q96C23	GALM
Q96C90	PPP1R14B
Q96C92	ENTR1
Q96CB8	INTS12
Q96CB9	NSUN4
Q96CD0	FBXL8
Q96CK0	ZNF653
Q96CN4	EVI5L
Q96CN5	LRRC45
Q96CP6	GRAMD1A
Q96CQ1	SLC25A36
Q96CS2	HAUS1
Q96CS3	FAF2
Q96CS4	ZNF689
Q96CW1	AP2M1
Q96CW5	TUBGCP3
Q96CX3	ZNF501
Q96D53	COQ8B
Q96D70	R3HDM4
Q96D96	HVCN1
Q96DA2	RAB39B
Q96DB5	RMDN1
Q96DI7	SNRNP40
Q96DN5	TBC1D31
Q96DP5	MTFMT
Q96DR4	STARD4
Q96DT6	ATG4C
Q96DU7	ITPKC
Q96DV4	MRPL38
Q96DX4	RSPRY1
Q96DX8	RTP4
Q96DY7	MTBP
Q96DZ7	TM4SF19
Q96E09	PABIR1
Q96E22	NUS1
Q96E29	MTERF3
Q96E39	RBMXL1
Q96EA4	SPDL1
Q96ED9	HOOK2
Q96EE3	SEH1L
Q96EK5	KIFBP
Q96EK6	GNPNAT1
Q96EK7	FAM120B
Q96EK9	KTI12
Q96EL2	MRPS24
Q96EP1	CHFR
Q96EQ0	SGTB
Q96ER9	CCDC51
Q96ES7	SGF29
Q96EU6	RRP36
Q96EW2	HSPBAP1
Q96EX3	DYNC2I2
Q96EZ8	MCRS1
Q96F15	GIMAP5
Q96F46	IL17RA
Q96F63	CCDC97
Q96FC9	DDX11
Q96FE7	PIK3IP1
Q96FH0	BORCS8
Q96FJ0	STAMBPL1
Q96FK6	WDR89
Q96FV2	SCRN2
Q96FX2	DPH3
Q96FZ7	CHMP6
Q96G04	EEF2KMT
Q96G28	CFAP36
Q96G46	DUS3L
Q96GA3	LTV1
Q96GC6	ZNF274
Q96GD4	AURKB
Q96GE4	CEP95
Q96GE5	ZNF799
Q96GM5	SMARCD1
Q96GN5	CDCA7L
Q96GQ5	RUSF1
Q96GS4	BORCS6
Q96GS6	ABHD17A
Q96GV9	MACIR
Q96GY0	ZC2HC1A
Q96H20	SNF8
Q96H22	CENPN
Q96H55	MYO19
Q96H72	SLC39A13
Q96H79	ZC3HAV1L
Q96HE9	PRR11
Q96HI0	SENP5
Q96HJ3	CCDC34
Q96HJ9	FMC1
Q96HM7	PCED1B
Q96HN2	AHCYL2
Q96HP0	DOCK6
Q96HP4	OXNAD1
Q96HR3	MED30
Q96I23	PYURF
Q96I59	NARS2
Q96IG2	FBXL20
Q96II8	LRCH3
Q96IK5	GMCL1
Q96IR2	ZNF845
Q96IR7	HPDL
Q96IU4	ABHD14B
Q96IW7	SEC22A
Q96IZ5	RBM41
Q96J01	THOC3
Q96J02	ITCH
Q96JC1	VPS39
Q96JC9	EAF1
Q96JG6	VPS50
Q96JI7	SPG11
Q96JJ3	ELMO2
Q96JK2	DCAF5
Q96JN8	NEURL4
Q96JY6	PDLIM2
Q96JZ2	HSH2D
Q96K12	FAR2
Q96K21	ZFYVE19
Q96K30	RITA1
Q96K31	C8orf76
Q96K58	ZNF668
Q96KC8	DNAJC1
Q96KM6	ZNF512B
Q96KR6	FAM210B
Q96KV6	BTN2A3P
Q96L34	MARK4
Q96L50	LRR1
Q96L58	B3GALT6
Q96L73	NSD1
Q96L92	SNX27
Q96L93	KIF16B
Q96LC9	BMF
Q96LI5	CNOT6L
Q96LJ7	DHRS1
Q96LL9	DNAJC30
Q96LT9	RNPC3
Q96LU5	IMMP1L
Q96LW7	CARD19
Q96LX8	ZNF597
Q96MD7	C9orf85
Q96ME7	ZNF512
Q96MF2	STAC3
Q96MF6	COQ10A
Q96MH2	HEXIM2
Q96MT8	CEP63
Q96MU7	YTHDC1
Q96MW5	COG8
Q96MX3	ZNF48
Q96N06	SPATA33
Q96N11	INTS15
Q96N16	JAKMIP1
Q96N46	TTC14
Q96N66	MBOAT7
Q96N76	UROC1
Q96N96	SPATA13
Q96NA8	TSNARE1
Q96NB2	SFXN2
Q96NB3	ZNF830
Q96NL8	CFAP418
Q96NW4	ANKRD27
Q96NY9	MUS81
Q96P50	ACAP3
Q96P70	IPO9
Q96PE7	MCEE
Q96PM5	RCHY1
Q96PP8	GBP5
Q96PP9	GBP4
Q96PQ6	ZNF317
Q96PU4	UHRF2
Q96PY6	NEK1
Q96PZ2	FAM111A
Q96Q05	TRAPPC9
Q96Q06	PLIN4
Q96Q07	BTBD9
Q96Q15	SMG1
Q96Q42	ALS2
Q96Q83	ALKBH3
Q96Q89	KIF20B
Q96QD8	SLC38A2
Q96QD9	FYTTD1
Q96QE3	ATAD5
Q96QE5	TEFM
Q96QF0	RAB3IP
Q96QP1	ALPK1
Q96QT4	TRPM7
Q96QT6	PHF12
Q96QU8	XPO6
Q96RF0	SNX18
Q96RK0	CIC
Q96RL7	VPS13A
Q96RQ1	ERGIC2
Q96RR1	TWNK
Q96RS0	TGS1
Q96RT1	ERBIN
Q96RT7	TUBGCP6
Q96RT8	TUBGCP5
Q96RV3	PCNX1
Q96RY5	CRAMP1
Q96S15	WDR24
Q96S19	METTL26
Q96S38	RPS6KC1
Q96S52	PIGS
Q96S66	CLCC1
Q96S86	HAPLN3
Q96S94	CCNL2
Q96S97	MYADM
Q96S99	PLEKHF1
Q96SB3	PPP1R9B
Q96SB8	SMC6
Q96SD1	DCLRE1C
Q96SI9	STRBP
Q96SK2	TMEM209
Q96SN8	CDK5RAP2
Q96SQ5	ZNF587
Q96ST3	SIN3A
Q96SU4	OSBPL9
Q96SZ6	CDK5RAP1
Q96T21	SECISBP2
Q96T37	RBM15
Q96T58	SPEN
Q96T68	SETDB2
Q96T88	UHRF1
Q96TA2	YME1L1
Q96TC7	RMDN3
Q99435	NELL2
Q99442	SEC62
Q99487	PAFAH2
Q99490	AGAP2
Q99504	EYA3
Q99519	NEU1
Q99541	PLIN2
Q99549	MPHOSPH8
Q99550	MPHOSPH9
Q99571	P2RX4
Q99572	P2RX7
Q99576	TSC22D3
Q99611	SEPHS2
Q99622	C12orf57
Q99633	PRPF18
Q99640	PKMYT1
Q99643	SDHC
Q99675	CGRRF1
Q99676	ZNF184
Q99684	GFI1
Q99685	MGLL
Q99698	LYST
Q99707	MTR
Q99708	RBBP8
Q99728	BARD1
Q99729	HNRNPAB
Q99733	NAP1L4
Q99741	CDC6
Q99747	NAPG
Q99755	PIP5K1A
Q99758	ABCA3
Q99759	MAP3K3
Q99767	APBA2
Q99805	TM9SF2
Q99808	SLC29A1
Q99816	TSG101
Q99828	CIB1
Q99856	ARID3A
Q99871	HAUS7
Q99941	ATF6B
Q99943	AGPAT1
Q99973	TEP1
Q9BPX6	MICU1
Q9BPY8	HOPX
Q9BPZ7	MAPKAP1
Q9BQ24	ZFYVE21
Q9BQ67	GRWD1
Q9BQ70	TCF25
Q9BQ89	FAM110A
Q9BQ95	ECSIT
Q9BQA9	CYBC1
Q9BQE4	SELENOS
Q9BQF6	SENP7
Q9BQG0	MYBBP1A
Q9BQI3	EIF2AK1
Q9BQT9	CLSTN3
Q9BR77	CCDC77
Q9BRB3	PIGQ
Q9BRD0	BUD13
Q9BRJ2	MRPL45
Q9BRJ6	C7orf50
Q9BRR6	ADPGK
Q9BRR9	ARHGAP9
Q9BRS2	RIOK1
Q9BRT2	UQCC2
Q9BRU9	UTP23
Q9BRX8	PRXL2A
Q9BRX9	WDR83
Q9BRZ2	TRIM56
Q9BS16	CENPK
Q9BS26	ERP44
Q9BS31	ZNF649
Q9BSA9	TMEM175
Q9BSF4	TIMM29
Q9BSF8	BTBD10
Q9BSI4	TINF2
Q9BSJ2	TUBGCP2
Q9BSJ5	MTNAP1
Q9BSJ6	PIMREG
Q9BSK1	ZNF577
Q9BSK4	FEM1A
Q9BSM1	PCGF1
Q9BSR8	YIPF4
Q9BSU1	PHAF1
Q9BSY4	CHCHD5
Q9BT23	LIMD2
Q9BT40	INPP5K
Q9BT88	SYT11
Q9BTC8	MTA3
Q9BTD8	RBM42
Q9BTE7	DCUN1D5
Q9BTF0	THUMPD2
Q9BTT4	MED10
Q9BTT6	LRRC1
Q9BTU6	PI4K2A
Q9BTV7	CABLES2
Q9BTX1	NDC1
Q9BTX7	TTPAL
Q9BU02	THTPA
Q9BU19	ZNF692
Q9BU23	LMF2
Q9BU64	CENPO
Q9BU70	TRMO
Q9BU76	MMTAG2
Q9BU89	DOHH
Q9BUA3	SPINDOC
Q9BUB4	ADAT1
Q9BUE0	MED18
Q9BUL5	PHF23
Q9BUM1	G6PC3
Q9BUQ8	DDX23
Q9BUR4	WRAP53
Q9BUT1	BDH2
Q9BUT9	MCRIP2
Q9BV10	ALG12
Q9BV57	ADI1
Q9BV73	CEP250
Q9BV81	EMC6
Q9BVA6	FICD
Q9BVC3	DSCC1
Q9BVC4	MLST8
Q9BVG4	PBDC1
Q9BVI4	NOC4L
Q9BVJ7	DUSP23
Q9BVK2	ALG8
Q9BVK8	TMEM147
Q9BVM4	GGACT
Q9BVQ7	AFG2B
Q9BVS5	TRMT61B
Q9BVV6	KIAA0586
Q9BVV7	TIMM21
Q9BW62	KATNAL1
Q9BW66	CINP
Q9BW72	HIGD2A
Q9BW91	NUDT9
Q9BWC9	CCDC106
Q9BWE0	REPIN1
Q9BWF3	RBM4
Q9BWG4	SSBP4
Q9BWL3	C1orf43
Q9BWN1	PRR14
Q9BWS9	CHID1
Q9BWT1	CDCA7
Q9BWT3	PAPOLG
Q9BWT6	MND1
Q9BWW4	SSBP3
Q9BWW8	APOL6
Q9BX10	GTPBP2
Q9BX59	TAPBPL
Q9BX63	BRIP1
Q9BX69	CARD6
Q9BX95	SGPP1
Q9BXB4	OSBPL11
Q9BXC1	GPR174
Q9BXI6	TBC1D10A
Q9BXK5	BCL2L13
Q9BXL7	CARD11
Q9BXL8	CDCA4
Q9BXM9	FSD1L
Q9BXP2	SLC12A9
Q9BXP8	PAPPA2
Q9BXR0	QTRT1
Q9BXS5	AP1M1
Q9BXS9	SLC26A6
Q9BXY0	MAK16
Q9BY12	SCAPER
Q9BY27	DGCR6L
Q9BY41	HDAC8
Q9BY44	EIF2A
Q9BY49	PECR
Q9BY84	DUSP16
Q9BYC8	MRPL32
Q9BYC9	MRPL20
Q9BYD6	MRPL1
Q9BYJ9	YTHDF1
Q9BYK8	HELZ2
Q9BYM8	RBCK1
Q9BYN0	SRXN1
Q9BYT8	NLN
Q9BYX4	IFIH1
Q9BZ23	PANK2
Q9BZ95	NSD3
Q9BZA5	TXLNGY
Q9BZE2	PUS3
Q9BZE4	GTPBP4
Q9BZF1	OSBPL8
Q9BZF2	OSBPL7
Q9BZJ0	CRNKL1
Q9BZL1	UBL5
Q9BZL4	PPP1R12C
Q9BZM4	ULBP3
Q9BZS1	FOXP3
Q9BZV1	UBXN6
Q9BZW5	TM6SF1
Q9C000	NLRP1
Q9C035	TRIM5
Q9C037	TRIM4
Q9C073	FAM117A
Q9C086	INO80B
Q9C0A6	SETD5
Q9C0B0	UNK
Q9C0B6	BRINP2
Q9C0B7	TANGO6
Q9C0B9	ZCCHC2
Q9C0C7	AMBRA1
Q9C0D2	CEP295
Q9C0D3	ZYG11B
Q9C0D4	ZNF518B
Q9C0E2	XPO4
Q9C0E8	LNPK
Q9C0F1	CEP44
Q9C0G0	ZNF407
Q9C0K0	BCL11B
Q9C0K1	SLC39A8
Q9GZL7	WDR12
Q9GZM8	NDEL1
Q9GZN1	ACTR6
Q9GZN8	ADISSP
Q9GZR1	SENP6
Q9GZS3	SKIC8
Q9GZS9	CHST5
Q9GZT4	SRR
Q9GZT8	NIF3L1
Q9GZX5	ZNF350
Q9GZY6	LAT2
Q9GZY8	MFF
Q9GZZ1	NAA50
Q9H000	MKRN2
Q9H008	LHPP
Q9H013	ADAM19
Q9H019	MTFR1L
Q9H069	DRC3
Q9H082	RAB33B
Q9H089	LSG1
Q9H093	NUAK2
Q9H0A0	NAT10
Q9H0A8	COMMD4
Q9H0E2	TOLLIP
Q9H0E3	SAP130
Q9H0H0	INTS2
Q9H0H3	KLHL25
Q9H0H5	RACGAP1
Q9H0J9	PARP12
Q9H0K1	SIK2
Q9H0M0	WWP1
Q9H0N5	PCBD2
Q9H0Q0	CYRIA
Q9H0R1	AP5M1
Q9H0R5	GBP3
Q9H0U3	MAGT1
Q9H0U6	MRPL18
Q9H0U9	TSPYL1
Q9H0V9	LMAN2L
Q9H0X9	OSBPL5
Q9H0Y0	ATG10
Q9H147	DNTTIP1
Q9H171	ZBP1
Q9H175	CSRNP2
Q9H1A3	METTL9
Q9H1A4	ANAPC1
Q9H1C4	UNC93B1
Q9H1D9	POLR3F
Q9H1E5	TMX4
Q9H1I8	ASCC2
Q9H1J1	UPF3A
Q9H1K0	RBSN
Q9H1K6	TLNRD1
Q9H1P3	OSBPL2
Q9H1Q7	PCED1A
Q9H1Y0	ATG5
Q9H204	MED28
Q9H267	VPS33B
Q9H270	VPS11
Q9H2B2	SYT4
Q9H2C2	ARV1
Q9H2C8	OR51V1
Q9H2D6	TRIOBP
Q9H2F5	EPC1
Q9H2G9	BLZF1
Q9H2H8	PPIL3
Q9H2J4	PDCL3
Q9H2K0	MTIF3
Q9H2K8	TAOK3
Q9H2P0	ADNP
Q9H2S9	IKZF4
Q9H2W6	MRPL46
Q9H2Y7	ZNF106
Q9H300	PARL
Q9H334	FOXP1
Q9H3C7	GGNBP2
Q9H3F6	KCTD10
Q9H3H5	DPAGT1
Q9H3K6	BOLA2
Q9H3K6	BOLA2B
Q9H3L0	MMADHC
Q9H3N1	TMX1
Q9H3R0	KDM4C
Q9H3S1	SEMA4A
Q9H3S4	TPK1
Q9H400	LIME1
Q9H469	FBXL15
Q9H477	RBKS
Q9H488	POFUT1
Q9H497	TOR3A
Q9H4B6	SAV1
Q9H4B7	TUBB1
Q9H4E7	DEF6
Q9H4G4	GLIPR2
Q9H4I3	TRABD
Q9H4Z2	ZNF335
Q9H501	ESF1
Q9H553	ALG2
Q9H582	ZNF644
Q9H583	HEATR1
Q9H5I1	SUV39H2
Q9H5J0	ZBTB3
Q9H5K3	POMK
Q9H5Q4	TFB2M
Q9H5U6	ZCCHC4
Q9H5V7	IKZF5
Q9H5Z1	DHX35
Q9H649	NSUN3
Q9H665	IGFLR1
Q9H6A0	DENND2D
Q9H6A9	PCNX3
Q9H6D7	HAUS4
Q9H6H4	REEP4
Q9H6K4	OPA3
Q9H6L4	ARMC7
Q9H6L5	RETREG1
Q9H6P5	TASP1
Q9H6R0	DHX33
Q9H6R4	NOL6
Q9H6R6	ZDHHC6
Q9H6S0	YTHDC2
Q9H6T0	ESRP2
Q9H6U6	BCAS3
Q9H6V9	LDAH
Q9H6Y7	RNF167
Q9H707	ZNF552
Q9H765	ASB8
Q9H7B2	RPF2
Q9H7C9	AAMDC
Q9H7E2	TDRD3
Q9H7F0	ATP13A3
Q9H7J1	PPP1R3E
Q9H7P6	MVB12B
Q9H7P9	PLEKHG2
Q9H7U1	CCSER2
Q9H7X3	ZNF696
Q9H7X7	IFT22
Q9H816	DCLRE1B
Q9H857	NT5DC2
Q9H869	YY1AP1
Q9H871	RMND5A
Q9H8E8	KAT14
Q9H8G1	ZNF430
Q9H8H0	NOL11
Q9H8H2	DDX31
Q9H8H3	TMT1A
Q9H8K7	PAAT
Q9H8M1	COQ10B
Q9H8N7	ZNF395
Q9H8P0	SRD5A3
Q9H8W3	FAM204A
Q9H8X2	IPPK
Q9H8Y5	ANKZF1
Q9H8Y8	GORASP2
Q9H900	ZWILCH
Q9H930	SP140L
Q9H936	SLC25A22
Q9H939	PSTPIP2
Q9H944	MED20
Q9H967	WDR76
Q9H972	C14orf93
Q9H977	WDR54
Q9H981	ACTR8
Q9H992	MARCHF7
Q9H993	ARMT1
Q9H9B1	EHMT1
Q9H9B4	SFXN1
Q9H9D4	ZNF408
Q9H9F9	ACTR5
Q9H9J4	USP42
Q9H9L3	ISG20L2
Q9H9L4	KANSL2
Q9H9Q4	NHEJ1
Q9H9T3	ELP3
Q9H9Y2	RPF1
Q9H9Y4	GPN2
Q9H9Y6	POLR1B
Q9HA38	ZMAT3
Q9HA65	TBC1D17
Q9HA77	CARS2
Q9HA92	RSAD1
Q9HAD4	WDR41
Q9HAH7	FBRS
Q9HAJ7	SAP30L
Q9HAN9	NMNAT1
Q9HAU5	UPF2
Q9HAU8	RNPEPL1
Q9HAW0	BRF2
Q9HAW4	CLSPN
Q9HAZ1	CLK4
Q9HB07	MYG1
Q9HB21	PLEKHA1
Q9HB58	SP110
Q9HBD1	RC3H2
Q9HBE1	PATZ1
Q9HBF4	ZFYVE1
Q9HBG7	LY9
Q9HBH0	RHOF
Q9HBH1	PDF
Q9HBH5	RDH14
Q9HBH9	MKNK2
Q9HBI0	PARVG
Q9HBM0	VEZT
Q9HBR0	SLC38A10
Q9HBU6	ETNK1
Q9HC16	APOBEC3G
Q9HC21	SLC25A19
Q9HC35	EML4
Q9HC36	MRM3
Q9HC44	GPBP1L1
Q9HC52	CBX8
Q9HC62	SENP2
Q9HC78	ZBTB20
Q9HC98	NEK6
Q9HCC9	ZFYVE28
Q9HCD5	NCOA5
Q9HCE0	EPG5
Q9HCE1	MOV10
Q9HCE3	ZNF532
Q9HCG1	ZNF160
Q9HCG7	GBA2
Q9HCG8	CWC22
Q9HCH0	NCKAP5L
Q9HCH5	SYTL2
Q9HCI7	MSL2
Q9HCJ0	TNRC6C
Q9HCK8	CHD8
Q9HCL2	GPAM
Q9HCL3	ZFP14
Q9HCM1	RESF1
Q9HCM2	PLXNA4
Q9HCN4	GPN1
Q9HCN8	SDF2L1
Q9HCP0	CSNK1G1
Q9HCS7	XAB2
Q9HCU5	PREB
Q9HCU9	BRMS1
Q9HD15	SRA1
Q9HD20	ATP13A1
Q9HD40	SEPSECS
Q9HD45	TM9SF3
Q9HD47	RANGRF
Q9HDC9	APMAP
Q9NNW5	WDR6
Q9NNW7	TXNRD2
Q9NP31	SH2D2A
Q9NP50	SINHCAF
Q9NP77	SSU72
Q9NP79	VTA1
Q9NP80	PNPLA8
Q9NP87	POLM
Q9NP92	MRPS30
Q9NPA2	MMP25
Q9NPB0	SAYSD1
Q9NPC4	A4GALT
Q9NPC7	MYNN
Q9NPE3	NOP10
Q9NPF5	DMAP1
Q9NPG3	UBN1
Q9NPG8	ZDHHC4
Q9NPI7	KRCC1
Q9NPI8	FANCF
Q9NPL8	TIMMDC1
Q9NPQ8	RIC8A
Q9NQ11	ATP13A2
Q9NQ25	SLAMF7
Q9NQ31	AKIP1
Q9NQ75	CASS4
Q9NQC7	CYLD
Q9NQE9	HINT3
Q9NQG6	MIEF1
Q9NQH7	XPNPEP3
Q9NQR1	KMT5A
Q9NQS7	INCENP
Q9NQT4	EXOSC5
Q9NQT8	KIF13B
Q9NQV5	PRDM11
Q9NQV6	PRDM10
Q9NQX6	ZNF331
Q9NQZ2	UTP3
Q9NR11	ZNF302
Q9NR30	DDX21
Q9NR83	SLC2A4RG
Q9NRA0	SPHK2
Q9NRC8	SIRT7
Q9NRF2	SH2B1
Q9NRF8	CTPS2
Q9NRG9	AAAS
Q9NRH1	YAE1
Q9NRH2	SNRK
Q9NRJ4	TULP4
Q9NRL2	BAZ1A
Q9NRM2	ZNF277
Q9NRN7	AASDHPPT
Q9NRP0	OSTC
Q9NRR4	DROSHA
Q9NRS6	SNX15
Q9NRW7	VPS45
Q9NRY5	FAM114A2
Q9NRY6	PLSCR3
Q9NRZ5	AGPAT4
Q9NRZ7	AGPAT3
Q9NS23	RASSF1
Q9NS56	TOPORS
Q9NS73	MBIP
Q9NSB2	KRT84
Q9NSE2	CISH
Q9NSI6	BRWD1
Q9NSI8	SAMSN1
Q9NSK0	KLC4
Q9NSU2	TREX1
Q9NSY0	NRBP2
Q9NTG1	PKDREJ
Q9NTI5	PDS5B
Q9NTJ4	MAN2C1
Q9NTJ5	SACM1L
Q9NTW7	ZFP64
Q9NTX7	RNF146
Q9NU19	TBC1D22B
Q9NUA8	ZBTB40
Q9NUB1	ACSS1
Q9NUE0	ZDHHC18
Q9NUJ1	ABHD10
Q9NUJ3	TCP11L1
Q9NUK0	MBNL3
Q9NUL7	DDX28
Q9NUP1	BLOC1S4
Q9NUP7	TRMT13
Q9NUQ2	AGPAT5
Q9NUQ7	UFSP2
Q9NUS5	AP5S1
Q9NUT2	ABCB8
Q9NUU6	OTULINL
Q9NUV9	GIMAP4
Q9NUX5	POT1
Q9NV06	DCAF13
Q9NV64	TMEM39A
Q9NV66	TYW1
Q9NV70	EXOC1
Q9NV79	PCMTD2
Q9NV96	TMEM30A
Q9NVA1	UQCC1
Q9NVC3	SLC38A7
Q9NVF7	FBXO28
Q9NVH0	EXD2
Q9NVH1	DNAJC11
Q9NVH2	INTS7
Q9NVH6	TMLHE
Q9NVI1	FANCI
Q9NVK5	FGFR1OP2
Q9NVM4	PRMT7
Q9NVM6	DNAJC17
Q9NVN8	GNL3L
Q9NVP1	DDX18
Q9NVR0	KLHL11
Q9NVR2	INTS10
Q9NVU7	SDAD1
Q9NVV4	MTPAP
Q9NVX7	KBTBD4
Q9NVZ3	NECAP2
Q9NW08	POLR3B
Q9NW13	RBM28
Q9NW68	BSDC1
Q9NW75	GPATCH2
Q9NW81	DMAC2
Q9NW82	WDR70
Q9NWD8	TMEM248
Q9NWH9	SLTM
Q9NWN3	FBXO34
Q9NWQ4	GPATCH2L
Q9NWR8	MCUB
Q9NWS0	PIH1D1
Q9NWS1	PARPBP
Q9NWS6	FAM118A
Q9NWS8	RMND1
Q9NWS9	ZNF446
Q9NWT1	PAK1IP1
Q9NWT8	AURKAIP1
Q9NWU5	MRPL22
Q9NWV4	CZIB
Q9NWW6	NMRK1
Q9NWW7	C2orf42
Q9NWX6	THG1L
Q9NWZ5	UCKL1
Q9NWZ8	GEMIN8
Q9NX01	TXNL4B
Q9NX02	NLRP2
Q9NX05	FAM120C
Q9NX07	TRNAU1AP
Q9NX08	COMMD8
Q9NX09	DDIT4
Q9NX14	NDUFB11
Q9NX20	MRPL16
Q9NX31	OSER1
Q9NX40	OCIAD1
Q9NX47	MARCHF5
Q9NX58	LYAR
Q9NX61	TMEM161A
Q9NX63	CHCHD3
Q9NX70	MED29
Q9NX74	DUS2
Q9NXC5	MIOS
Q9NXD2	MTMR10
Q9NXE4	SMPD4
Q9NXE8	CWC25
Q9NXF1	TEX10
Q9NXH8	TOR4A
Q9NXK8	FBXL12
Q9NXL9	MCM9
Q9NXN4	GDAP2
Q9NXR5	ANKRD10
Q9NXR8	ING3
Q9NXU5	ARL15
Q9NY12	GAR1
Q9NY33	DPP3
Q9NY74	ETAA1
Q9NYB0	TERF2IP
Q9NYF0	DACT1
Q9NYF3	FAM53C
Q9NYH9	UTP6
Q9NYJ8	TAB2
Q9NYL4	FKBP11
Q9NYP7	ELOVL5
Q9NYP9	MIS18A
Q9NYR9	NKIRAS2
Q9NYU2	UGGT1
Q9NYY8	FASTKD2
Q9NZ45	CISD1
Q9NZC3	GDE1
Q9NZC9	SMARCAL1
Q9NZD8	SPG21
Q9NZI7	UBP1
Q9NZJ0	DTL
Q9NZJ4	SACS
Q9NZJ5	EIF2AK3
Q9NZJ6	COQ3
Q9NZJ7	MTCH1
Q9NZK5	ADA2
Q9NZM1	MYOF
Q9NZM3	ITSN2
Q9NZM4	BICRA
Q9NZN3	EHD3
Q9NZQ3	NCKIPSD
Q9NZQ7	CD274
Q9NZR2	LRP1B
Q9NZW5	PALS2
Q9P015	MRPL15
Q9P016	THYN1
Q9P021	CRIPT
Q9P0J7	KCMF1
Q9P0K8	FOXJ2
Q9P0M9	MRPL27
Q9P0R6	GSKIP
Q9P0U3	SENP1
Q9P0U4	CXXC1
Q9P0W0	IFNK
Q9P126	CLEC1B
Q9P1Q0	VPS54
Q9P1U1	ACTR3B
Q9P1W9	PIM2
Q9P1Y6	PHRF1
Q9P1Z0	ZBTB4
Q9P1Z2	CALCOCO1
Q9P209	CEP72
Q9P212	PLCE1
Q9P243	ZFAT
Q9P246	STIM2
Q9P260	RELCH
Q9P265	DIP2B
Q9P270	SLAIN2
Q9P275	USP36
Q9P278	FNIP2
Q9P2B7	CFAP97
Q9P2D1	CHD7
Q9P2E3	ZNFX1
Q9P2E5	CHPF2
Q9P2F9	ZNF319
Q9P2G1	ANKIB1
Q9P2G4	MAP10
Q9P2H5	USP35
Q9P2J8	ZNF624
Q9P2M4	TBC1D14
Q9P2R6	RERE
Q9P2S5	WRAP73
Q9P2W1	PSMC3IP
Q9P2W9	STX18
Q9P2X0	DPM3
Q9P2Y5	UVRAG
Q9UBB6	NCDN
Q9UBB9	TFIP11
Q9UBC3	DNMT3B
Q9UBE8	NLK
Q9UBF8	PI4KB
Q9UBG0	MRC2
Q9UBH6	XPR1
Q9UBI1	COMMD3
Q9UBJ2	ABCD2
Q9UBK7	RABL2A
Q9UBM7	DHCR7
Q9UBN6	TNFRSF10D
Q9UBP0	SPAST
Q9UBP6	METTL1
Q9UBS0	RPS6KB2
Q9UBS8	RNF14
Q9UBT6	POLK
Q9UBU6	FAM8A1
Q9UBU8	MORF4L1
Q9UBW5	BIN2
Q9UBX3	SLC25A10
Q9UDV6	ZNF212
Q9UDV7	ZNF282
Q9UEE5	STK17A
Q9UET6	FTSJ1
Q9UFG5	C19orf25
Q9UG22	GIMAP2
Q9UG56	PISD
Q9UGI0	ZRANB1
Q9UGJ1	TUBGCP4
Q9UGK8	SERGEF
Q9UGL1	KDM5B
Q9UGN5	PARP2
Q9UGP5	POLL
Q9UGP8	SEC63
Q9UGR2	ZC3H7B
Q9UH17	APOBEC3B
Q9UH62	ARMCX3
Q9UH92	MLX
Q9UH99	SUN2
Q9UHA4	LAMTOR3
Q9UHC7	MKRN1
Q9UHD2	TBK1
Q9UHG3	PCYOX1
Q9UHJ3	SFMBT1
Q9UHJ6	SHPK
Q9UHK0	NUFIP1
Q9UHK6	AMACR
Q9UHL4	DPP7
Q9UHN1	POLG2
Q9UHN6	CEMIP2
Q9UHP3	USP25
Q9UHP7	CLEC2D
Q9UHQ4	BCAP29
Q9UHV7	MED13
Q9UHW5	GPN3
Q9UHW9	SLC12A6
Q9UI26	IPO11
Q9UIA0	CYTH4
Q9UIC8	LCMT1
Q9UIF7	MUTYH
Q9UIF8	BAZ2B
Q9UIF9	BAZ2A
Q9UIG0	BAZ1B
Q9UII4	HERC5
Q9UIL8	PHF11
Q9UIQ6	LNPEP
Q9UIS9	MBD1
Q9UIV1	CNOT7
Q9UJ41	RABGEF1
Q9UJ72	ANXA10
Q9UJ78	ZMYM5
Q9UJ83	HACL1
Q9UJA2	CRLS1
Q9UJA3	MCM8
Q9UJC3	HOOK1
Q9UJJ7	RPUSD1
Q9UJK0	TSR3
Q9UJS0	SLC25A13
Q9UJT2	TSKS
Q9UJX2	CDC23
Q9UJX5	ANAPC4
Q9UJX6	ANAPC2
Q9UK08	GNG8
Q9UK23	NAGPA
Q9UK53	ING1
Q9UK58	CCNL1
Q9UK61	TASOR
Q9UK73	FEM1B
Q9UK97	FBXO9
Q9UK99	FBXO3
Q9UKA2	FBXL4
Q9UKA4	AKAP11
Q9UKA8	RCAN3
Q9UKB1	FBXW11
Q9UKB3	DNAJC12
Q9UKD1	GMEB2
Q9UKD2	MRTO4
Q9UKE5	TNIK
Q9UKF7	PITPNC1
Q9UKG9	CROT
Q9UKI2	CDC42EP3
Q9UKK3	PARP4
Q9UKM9	RALY
Q9UKT4	FBXO5
Q9UKT5	FBXO4
Q9UKT7	FBXL3
Q9UKT8	FBXW2
Q9UKU0	ACSL6
Q9UKY1	ZHX1
Q9UKY4	POMT2
Q9UL03	INTS6
Q9UL17	TBX21
Q9UL19	PLAAT4
Q9UL26	RAB22A
Q9UL33	TRAPPC2L
Q9UL36	ZNF236
Q9UL54	TAOK2
Q9UL63	MKLN1
Q9ULD4	BRPF3
Q9ULD5	ZNF777
Q9ULE0	WWC3
Q9ULF5	SLC39A10
Q9ULG1	INO80
Q9ULH0	KIDINS220
Q9ULH1	ASAP1
Q9ULI0	ATAD2B
Q9ULK6	RNF150
Q9ULM2	ZNF490
Q9ULM3	YEATS2
Q9ULQ0	STRIP2
Q9ULR0	ISY1
Q9ULU4	ZMYND8
Q9ULV3	CIZ1
Q9ULX3	NOB1
Q9ULX9	MAFF
Q9UM13	ANAPC10
Q9UM19	HPCAL4
Q9UM82	SPATA2
Q9UMN6	KMT2B
Q9UMX1	SUFU
Q9UMY4	SNX12
Q9UMZ2	SYNRG
Q9UN36	NDRG2
Q9UN86	G3BP2
Q9UNA1	ARHGAP26
Q9UNF0	PACSIN2
Q9UNH5	CDC14A
Q9UNN5	FAF1
Q9UNP9	PPIE
Q9UNQ2	DIMT1
Q9UNS2	COPS3
Q9UNX4	WDR3
Q9UNY4	TTF2
Q9UP83	COG5
Q9UPN4	CEP131
Q9UPN6	SCAF8
Q9UPP1	PHF8
Q9UPQ4	TRIM35
Q9UPR3	SMG5
Q9UPS6	SETD1B
Q9UPS8	ANKRD26
Q9UPT5	EXOC7
Q9UPU7	TBC1D2B
Q9UPV0	CEP164
Q9UPV9	TRAK1
Q9UPW0	FOXJ3
Q9UPY3	DICER1
Q9UPZ3	HPS5
Q9UQ16	DNM3
Q9UQ49	NEU3
Q9UQ84	EXO1
Q9UQ90	SPG7
Q9UQC2	GAB2
Q9UQE7	SMC3
Q9UQQ2	SH2B3
Q9Y217	MTMR6
Q9Y221	NIP7
Q9Y228	TRAF3IP3
Q9Y232	CDYL
Q9Y234	LIPT1
Q9Y237	PIN4
Q9Y239	NOD1
Q9Y244	POMP
Q9Y247	FAM50B
Q9Y250	LZTS1
Q9Y253	POLH
Q9Y256	RCE1
Q9Y257	KCNK6
Q9Y259	CHKB
Q9Y276	BCS1L
Q9Y283	INVS
Q9Y287	ITM2B
Q9Y289	SLC5A6
Q9Y295	DRG1
Q9Y2B2	PIGL
Q9Y2D0	CA5B
Q9Y2D4	EXOC6B
Q9Y2D9	ZNF652
Q9Y2F5	ICE1
Q9Y2G2	CARD8
Q9Y2G3	ATP11B
Q9Y2G9	SBNO2
Q9Y2H2	INPP5F
Q9Y2H6	FNDC3A
Q9Y2I1	NISCH
Q9Y2I7	PIKFYVE
Q9Y2I8	WDR37
Q9Y2K1	ZBTB1
Q9Y2K2	SIK3
Q9Y2L6	FRMD4B
Q9Y2L9	LRCH1
Q9Y2M5	KLHL20
Q9Y2P8	RCL1
Q9Y2Q5	LAMTOR2
Q9Y2R2	PTPN22
Q9Y2R4	DDX52
Q9Y2S2	CRYL1
Q9Y2T2	AP3M1
Q9Y2U5	MAP3K2
Q9Y2V2	CARHSP1
Q9Y2W6	TDRKH
Q9Y2X9	ZNF281
Q9Y2Z4	YARS2
Q9Y2Z9	COQ6
Q9Y303	AMDHD2
Q9Y316	MEMO1
Q9Y320	TMX2
Q9Y324	FCF1
Q9Y365	STARD10
Q9Y371	SH3GLB1
Q9Y375	NDUFAF1
Q9Y394	DHRS7
Q9Y399	MRPS2
Q9Y3A0	COQ4
Q9Y3A2	UTP11
Q9Y3A4	RRP7A
Q9Y3A5	SBDS
Q9Y3A6	TMED5
Q9Y3C0	WASHC3
Q9Y3D8	AK6
Q9Y3E2	BOLA1
Q9Y3E5	PTRH2
Q9Y3I1	FBXO7
Q9Y3L5	RAP2C
Q9Y3M9	ZNF337
Q9Y3P4	RHBDD3
Q9Y3P8	SIT1
Q9Y3Q8	TSC22D4
Q9Y3R5	DOP1B
Q9Y3S2	ZNF330
Q9Y3T6	R3HCC1
Q9Y3T9	NOC2L
Q9Y3X0	CCDC9
Q9Y478	PRKAB1
Q9Y483	MTF2
Q9Y484	WDR45
Q9Y487	ATP6V0A2
Q9Y496	KIF3A
Q9Y4A0	JRKL
Q9Y4A5	TRRAP
Q9Y4C4	MFHAS1
Q9Y4C8	RBM19
Q9Y4D7	PLXND1
Q9Y4E1	WASHC2C
Q9Y4E5	ZNF451
Q9Y4F3	MARF1
Q9Y4F9	RIPOR2
Q9Y4H2	IRS2
Q9Y4K1	CRYBG1
Q9Y4K3	TRAF6
Q9Y4K4	MAP4K5
Q9Y4P3	TBL2
Q9Y4W6	AFG3L2
Q9Y4X4	KLF12
Q9Y512	SAMM50
Q9Y519	TMEM184B
Q9Y546	LRRC42
Q9Y573	IPP
Q9Y576	ASB1
Q9Y5A6	ZSCAN21
Q9Y5B0	CTDP1
Q9Y5B6	PAXBP1
Q9Y5B8	NME7
Q9Y5J1	UTP18
Q9Y5K5	UCHL5
Q9Y5P4	CERT1
Q9Y5Q8	GTF3C5
Q9Y5Q9	GTF3C3
Q9Y5R4	HEMK1
Q9Y5S1	TRPV2
Q9Y5U4	INSIG2
Q9Y5U5	TNFRSF18
Q9Y5U8	MPC1
Q9Y5W3	KLF2
Q9Y5W7	SNX14
Q9Y5W9	SNX11
Q9Y5X1	SNX9
Q9Y5X3	SNX5
Q9Y5Y4	PTGDR2
Q9Y5Z7	HCFC2
Q9Y600	CSAD
Q9Y606	PUS1
Q9Y619	SLC25A15
Q9Y620	RAD54B
Q9Y624	F11R
Q9Y672	ALG6
Q9Y673	ALG5
Q9Y675	SNURF
Q9Y6A4	CFAP20
Q9Y6B7	AP4B1
Q9Y6D5	ARFGEF2
Q9Y6D6	ARFGEF1
Q9Y6D9	MAD1L1
Q9Y6G3	MRPL42
Q9Y6H1	CHCHD2
Q9Y6H3	ATP23
Q9Y6I4	USP3
Q9Y6K0	CEPT1
Q9Y6K1	DNMT3A
Q9Y6K5	OAS3
Q9Y6M4	CSNK1G3
Q9Y6M5	SLC30A1
Q9Y6M9	NDUFB9
Q9Y6N5	SQOR
Q9Y6P5	SESN1
Q9Y6Q9	NCOA3
Q9Y6R0	NUMBL
Q9Y6R4	MAP3K4
Q9Y6R9	CCDC61
Q9Y6U7	RNF215
Q9Y6V7	DDX49
Q9Y6W6	DUSP10
Q9Y6X3	MAU2
Q9Y6X4	FAM169A
Q9Y6X9	MORC2
Q9Y6Y0	IVNS1ABP
Q9Y6Y1	CAMTA1
A1KZ92	PXDNL
A6NFI3	ZNF316
A6NHJ4	ZNF860
A6NMK8	INSYN2B
O14514	ADGRB1
O14562	UBFD1
O14653	GOSR2
O14662	STX16
O14841	OPLAH
O14924	RGS12
O15020	SPTBN2
O15496	PLA2G10
O43300	LRRTM2
O43927	CXCL13
O60266	ADCY3
O60291	MGRN1
O60500	NPHS1
O60861	GAS7
O75145	PPFIA3
O75155	CAND2
O75182	SIN3B
O75373	ZNF737
O75443	TECTA
O75494	SRSF10
O75677	RFPL1
O75882	ATRN
O94812	BAIAP3
O94813	SLIT2
O94889	KLHL18
O95208	EPN2
O95631	NTN1
O95718	ESRRB
O95863	SNAI1
P00748	F12
P02671	FGA
P04053	DNTT
P04118	CLPS
P04264	KRT1
P04626	ERBB2
P05164	MPO
P05546	SERPIND1
P05813	CRYBA1
P08865	RPSA
P09488	GSTM1
P0CG38	POTEI
P0CJ78	ZNF865
P10909	CLU
P12980	LYL1
P14210	HGF
P15812	CD1E
P16591	FER
P17026	ZNF22
P17066	HSPA6
P17516	AKR1C4
P17542	TAL1
P21754	ZP3
P22392	NME2
P23677	ITPKA
P26583	HMGB2
P26640	VARS1
P28288	ABCD3
P30043	BLVRB
P31274	HOXC9
P35232	PHB1
P35269	GTF2F1
P35442	THBS2
P35555	FBN1
P35556	FBN2
P36888	FLT3
P37108	SRP14
P46092	CCR10
P46778	RPL21
P48740	MASP1
P51512	MMP16
P51784	USP11
P52298	NCBP2
P52799	EFNB2
P56159	GFRA1
P59998	ARPC4
P60413	KRTAP10-12
P61201	COPS2
P61204	ARF3
P61619	SEC61A1
P62253	UBE2G1
P62834	RAP1A
P62854	RPS26
P62995	TRA2B
P82979	SARNP
P98196	ATP11A
Q00169	PITPNA
Q02153	GUCY1B1
Q06730	ZNF33A
Q09FC8	ZNF415
Q0VDD7	BRME1
Q13064	MKRN3
Q13164	MAPK7
Q13224	GRIN2B
Q13243	SRSF5
Q13360	ZNF177
Q13433	SLC39A6
Q13454	TUSC3
Q13554	CAMK2B
Q13835	PKP1
Q14168	MPP2
Q14956	GPNMB
Q15005	SPCS2
Q15041	ARL6IP1
Q15274	QPRT
Q15717	ELAVL1
Q15782	CHI3L2
Q15911	ZFHX3
Q17R98	ZNF827
Q17RS7	GEN1
Q2I0M5	RSPO4
Q2M3W8	ZNF181
Q2MKA7	RSPO1
Q2TB90	HKDC1
Q2VWP7	PRTG
Q30KQ7	DEFB113
Q32MH5	ATOSA
Q53EL9	SEZ6
Q53LP3	SOWAHC
Q5JUR7	TEX30
Q5JWF2	GNAS
Q5ST30	VARS2
Q5TAQ9	DCAF8
Q5TCQ9	MAGI3
Q5TH74	STPG1
Q5VT25	CDC42BPA
Q5VV52	ZNF691
Q5VXU9	SHOC1
Q6A163	KRT39
Q6FHJ7	SFRP4
Q6NV74	CRACDL
Q6PIF6	MYO7B
Q6UWW8	CES3
Q6ZN55	ZNF574
Q6ZSS3	ZNF621
Q6ZTZ1	MSANTD1
Q6ZV73	FGD6
Q70CQ3	USP30
Q71DI3	H3C13
Q71DI3	H3C14
Q71DI3	H3C15
Q71UM5	RPS27L
Q76KX8	ZNF534
Q7L099	RUFY3
Q7L2R6	ZNF765
Q7RTX9	SLC16A14
Q7Z2E3	APTX
Q7Z3K6	MIER3
Q7Z4L9	PPP1R42
Q7Z6J0	SH3RF1
Q86SP6	GPR149
Q86VQ6	TXNRD3
Q86VS8	HOOK3
Q86WZ6	ZNF227
Q86XX4	FRAS1
Q86YB8	ERO1B
Q86YE8	ZNF573
Q8IUA0	WFDC8
Q8IW41	MAPKAPK5
Q8IY45	AMN1
Q8IYB5	SMAP1
Q8IYT3	CCDC170
Q8IZ26	ZNF34
Q8IZF0	NALCN
Q8N511	TMEM199
Q8N5Z5	KCTD17
Q8N8U9	BMPER
Q8NAF0	ZNF579
Q8NBA8	DTWD2
Q8ND07	BBOF1
Q8ND76	CCNY
Q8NDM7	CFAP43
Q8NE31	FAM13C
Q8NEK8	TENT5D
Q8NFJ8	BHLHE22
Q8NG35	DEFB105A
Q8NG35	DEFB105B
Q8NH64	OR51A7
Q8NI51	CTCFL
Q8TAG9	EXOC6
Q8TBG4	ETNPPL
Q8TC41	RNF217
Q8TDH9	BLOC1S5
Q8TDJ6	DMXL2
Q8TDN2	KCNV2
Q8TE60	ADAMTS18
Q8TER0	SNED1
Q8TEU8	WFIKKN2
Q8WWQ8	STAB2
Q8WXD9	CASKIN1
Q92636	NSMAF
Q92804	TAF15
Q92890	UFD1
Q93097	WNT2B
Q96DT5	DNAH11
Q96GD0	PDXP
Q96HY7	DHTKD1
Q96J94	PIWIL1
Q96LL3	FIMP
Q96LU7	MYRFL
Q96NC0	ZMAT2
Q96PV0	SYNGAP1
Q96QG7	MTMR9
Q99697	PITX2
Q99719	SEPTIN5
Q99807	COQ7
Q99835	SMO
Q99959	PKP2
Q9BQB6	VKORC1
Q9BRH9	ZNF251
Q9BRT9	GINS4
Q9BTY7	HGH1
Q9BUI4	POLR3C
Q9BVW5	TIPIN
Q9BW71	HIRIP3
Q9BXA6	TSSK6
Q9BXC9	BBS2
Q9BYQ6	KRTAP4-11
Q9C0C4	SEMA4C
Q9H2B4	SLC26A1
Q9H2C0	GAN
Q9H2H9	SLC38A1
Q9H4A5	GOLPH3L
Q9H714	RUBCNL
Q9H898	ZMAT4
Q9HB20	PLEKHA3
Q9HBJ0	PLAC1
Q9HBT8	ZNF286A
Q9HBX9	RXFP1
Q9HDC5	JPH1
Q9NQ29	LUC7L
Q9NQ36	SCUBE2
Q9NQ55	PPAN
Q9NQ66	PLCB1
Q9NQ94	A1CF
Q9NRN9	METTL5
Q9NS62	THSD1
Q9NSB4	KRT82
Q9NVF9	ETNK2
Q9NX04	AIRIM
Q9NXX6	NSMCE4A
Q9NYC9	DNAH9
Q9NYJ7	DLL3
Q9NZ01	TECR
Q9NZ20	PLA2G3
Q9NZB8	MOCS1
Q9P013	CWC15
Q9P2K3	RCOR3
Q9P2K5	MYEF2
Q9P2K9	DISP3
Q9UBL0	ARPP21
Q9UBT3	DKK4
Q9UGT4	SUSD2
Q9UH77	KLHL3
Q9UIG8	SLCO3A1
Q9UK10	ZNF225
Q9UKS6	PACSIN3
Q9UL42	PNMA2
Q9UL52	TMPRSS11E
Q9ULH7	MRTFB
Q9ULM6	CNOT6
Q9UPQ7	PDZRN3
Q9UPZ6	THSD7A
Q9Y2G7	ZFP30
Q9Y2M0	FAN1
Q9Y2V7	COG6
Q9Y3M8	STARD13
Q9Y468	L3MBTL1
Q9Y4G2	PLEKHM1
Q9Y4G8	RAPGEF2
Q9Y5N1	HRH3
Q9Y6G5	COMMD10
C9JNR7	SEPTIN10
Q9NP58	ABCB6
Q5T3U5	ABCC10
Q92887	ABCC2
Q8WTS1	ABHD5
Q9BV23	ABHD6
Q9NYB9	ABI2
P42684	ABL2
Q8WXI4	ACOT11
Q03154	ACY1
Q13443	ADAM9
O15072	ADAMTS3
Q9NPF8	ADAP2
Q6ZN18	AEBP2
P02771	AFP
Q9UPQ3	AGAP1
Q9H9G7	AGO3
Q9HCK5	AGO4
Q8N157	AHI1
Q8IVF2	AHNAK2
Q9BQI0	AIF1L
Q9H9L7	AKIRIN1
P31749	AKT1
P47895	ALDH1A3
P43353	ALDH3B1
Q9BT22	ALG1
Q60I27	ALS2CL
Q9UNK9	ANGEL1
Q53RE8	ANKRD39
Q9ULJ7	ANKRD50
Q96BM1	ANKRD9
Q5XXA6	ANO1
Q9NW15	ANO10
P53677	AP3M2
Q92572	AP3S1
H0Y512	APMAP
Q9BUR5	APOO
P15514	AREG
Q5TH69	ARFGEF3
Q5T5U3	ARHGAP21
A6NI28	ARHGAP42
P85298	ARHGAP8
O15013	ARHGEF10
Q9HCE6	ARHGEF10L
Q5VV41	ARHGEF16
Q6ZSZ5	ARHGEF18
Q96DR7	ARHGEF26
Q8N4T4	ARHGEF39
Q8TER5	ARHGEF40
P40616	ARL1
Q3SXY8	ARL13B
Q0P5N6	ARL16
Q96KC2	ARL5B
Q9NVJ2	ARL8B
Q5T2S8	ODAD2
Q7Z3E5	ARMC9
Q6P1M9	ARMCX5
Q8N5I2	ARRDC1
P15848	ARSB
Q96L15	ART5
O43150	ASAP2
Q8TDY4	ASAP3
Q8WXK3	ASB13
Q9NWX5	ASB6
Q9Y294	ASF1A
Q9NR48	ASH1L
E5RHJ2	ASPH
Q12797	ASPH
F5GXE4	ATE1
Q8WYN0	ATG4A
E9PEJ6	ATP11A
Q99766	DMAC2L
P35670	ATP7B
Q8N5M1	ATPAF2
Q9Y2T1	AXIN2
P30530	AXL
Q9H6S1	AZI2
O75752	B3GALNT1
Q9Y2A9	B3GNT3
O60512	B4GALT3
O43286	B4GALT5
Q9P281	BAHCC1
Q9UQB8	BAIAP2
Q9UHR4	BAIAP2L1
Q9BUH8	BEGAIN
Q9NZS9	BFAR
Q9UMX3	BOK
Q9H0C5	BTBD1
Q9BX70	BTBD2
Q5XKL5	BTBD8
Q9Y297	BTRC
Q9UKR5	ERG28
Q9NWQ9	C14orf119
Q9Y2V0	CDIN1
Q9NSG2	FIRRM
Q8NAX2	KDF1
Q9H425	C1orf198
Q9Y426	C2CD2
A6NCS6	C2orf72
P01024	C3
Q8NDZ4	DIPK2A
P0C0L4	C4A
Q0P651	ABHD18
Q0VDI3	TMEM267
Q96MH7	C5orf34
Q5T0Z8	C6orf132
P10643	C7
Q08AD1	CAMSAP2
E9PLX0	CAPN1
Q9BWT7	CARD10
O15234	CASC3
Q9UKL3	CASP8AP2
Q03135	CAV1
O75081	CBFA2T3
Q9BRT8	ZNG1A
Q68D86	CCDC102B
Q96M89	CCDC138
A6NKD9	CCDC85C
P24385	CCND1
P24864	CCNE1
P41002	CCNF
P51959	CCNG1
O60583	CCNT2
P86791	CCZ1
Q9NPF0	CD320
P25942	CD40
P21926	CD9
Q6DT37	CDC42BPG
O14613	CDC42EP2
Q9H5V8	CDCP1
P12830	CDH1
P22223	CDH3
Q5QPR3	CDK11A
P50613	CDK7
Q9H211	CDT1
Q99626	CDX2
Q9Y4F5	CEP170B
E9PF99	CEP192
P05156	CFI
Q8TDI0	CHD5
Q8IZ52	CHPF
Q7LFX5	CHST15
Q70JA7	CHSY3
E7EW49	CLASP2
O95471	CLDN7
P05452	CLEC3B
O14967	CLGN
Q9UDT6	CLIP2
Q96JQ2	CLMN
O15516	CLOCK
O94985	CLSTN1
I3L2B0	CLUH
Q96DG6	CMBL
Q9NRP2	CMC2
Q9H8M5	CNNM2
Q9UFF9	CNOT8
Q9Y2B0	CNPY2
P78357	CNTNAP1
P12109	COL6A1
P12110	COL6A2
R4GMX3	COMMD3-BMI1
Q86VX2	COMMD7
P49747	COMP
Q96H96	COQ2
Q9Y6N1	COX11
Q7KZN9	COX15
O75976	CPD
Q9UBL6	CPNE7
Q86YQ8	CPNE8
P29373	CRABP2
Q92793	CREBBP
Q49AN0	CRY2
Q68DQ2	CRYBG3
P49674	CSNK1E
Q8NEV1	CSNK2A3
P67870	CSNK2B
Q5SRQ3	CSNK2B
Q1MSJ5	CSPP1
Q9UBT7	CTNNAL1
P35222	CTNNB1
P07711	CTSL
O60911	CTSV
Q8WZ74	CTTNBP2
Q9P2B4	CTTNBP2NL
K4DI93	CUL4B
A8MYA2	CXorf49
A8MYA2	CXorf49B
Q07973	CYP24A1
Q9HBI6	CYP4F11
Q9NRR1	CYTL1
Q5VWQ8	DAB2IP
Q14118	DAG1
Q9UBU7	DBF4
Q66K64	DCAF15
Q9NXF7	DCAF16
P0C7V8	DCAF8L2
Q6PJP8	DCLRE1A
Q6PH85	DCUN1D2
Q9H0S4	DDX47
R4GN35	DENND4C
Q5TB30	DEPDC1
Q96QD5	DEPDC7
O75907	DGAT1
P0CG22	DHRS4L1
O95057	DIRAS1
Q09019	DMWD
Q96EY1	DNAJA3
Q9UBS4	DNAJB11
Q9Y2G8	DNAJC16
H0Y8X4	DNPH1
Q14183	DOC2A
Q14185	DOCK1
Q9H7D0	DOCK5
Q9NYP3	DONSON
Q9BVM2	DPCD
Q9BZG8	DPH1
Q9BTV6	DPH7
Q02487	DSC2
Q9UL01	DSE
Q9Y4J8	DTNA
P28562	DUSP1
O95147	DUSP14
Q16690	DUSP5
Q99956	DUSP9
O14640	DVL1
Q13409	DYNC1I2
O00716	E2F3
Q96CJ1	EAF2
P42892	ECE1
Q5VTE0	EEF1A1P5
Q05639	EEF1A2
Q7L9B9	EEPD1
Q12805	EFEMP1
Q9UHF1	EGFL7
P00533	EGFR
O14681	EI24
Q9P2K8	EIF2AK4
C9K0Q7	EIF3L
Q5R3F8	ELFN2
Q9BW60	ELOVL1
Q9H5J4	ELOVL6
A1L3X0	ELOVL7
Q8N8S7	ENAH
O94919	ENDOD1
Q14249	ENDOG
Q16206	ENOX2
Q9H4G0	EPB41L1
J3QLU5	EPB41L3
Q9H329	EPB41L4B
P16422	EPCAM
P29323	EPHB2
P58107	EPPK1
Q12929	EPS8
H0Y3T7	ERCC6L2
O14944	EREG
A8K979	ERI2
Q9H9K5	ERVMER34-1
Q6NXG1	ESRP1
O60447	EVI5
Q92817	EVPL
H7BY36	EWSR1
F2Z3K0	EXOC6
P13726	F3
O00519	FAAH
Q9Y5Q0	FADS3
Q9Y4C2	TCAF1
Q86V87	FHIP2B
Q5VUB5	FAM171A1
Q9BQD7	ANTKMT
Q4G0A6	MINDY4
Q8TCE6	DENND10
Q8TBR7	TLCD3A
Q5TYM5	FAM72A
Q5T0W9	FAM83B
Q9H4H8	FAM83D
Q8NEG4	FAM83F
A6ND36	FAM83G
Q6ZRV2	FAM83H
Q96KN1	LRATD2
A1XBS5	CIBAR1
Q9HB96	FANCE
Q14517	FAT1
Q75N90	FBN3
J3KNZ9	FBRS
Q8N461	FBXL16
Q9UF56	FBXL17
Q6PCT2	FBXL19
Q96EF6	FBXO17
Q9UK22	FBXO2
O94952	FBXO21
H3BUC1	FBXO22
Q8NEZ5	FBXO22
Q8NI29	FBXO27
Q9NRD1	FBXO6
Q5XUX1	FBXW9
Q0JRZ9	FCHO2
Q96JP0	FEM1C
Q9BQL6	FERMT1
P98174	FGD1
Q96M96	FGD4
P09038	FGF2
P22455	FGFR4
P02679	FGG
Q9UIM3	FKBPL
P35916	FLT4
P49356	FNTB
O43524	FOXO3
O14772	FPGT
Q7Z6J6	FRMD5
P02794	FTH1
Q9BTY2	FUCA2
O60353	FZD6
Q6P9A2	GALNT18
Q14435	GALNT3
Q9H706	GAREM1
Q99501	GAS2L1
Q86XJ1	GAS2L3
Q92908	GATA6
A6NNH0	CASTOR2
P28676	GCA
Q7L5L3	GDPD3
O94808	GFPT2
Q9UJ14	GGT7
Q14691	GINS1
O14908	GIPC1
O75712	GJB3
P06280	GLA
P10075	GLI4
P29992	GNA11
P63096	GNAI1
B3KTZ0	GNAI2
O14775	GNB5
Q5T601	ADGRF1
Q8IWK6	ADGRA3
Q86SQ4	ADGRG6
Q9Y653	ADGRG1
Q8NFJ5	GPRC5A
Q8TED1	GPX8
Q13322	GRB10
Q14449	GRB14
Q6ISB3	GRHL2
Q9H4Y5	GSTO2
P0CG29	GSTT2
Q4AE62	GTDC1
Q13888	GTF2H2
O43824	GTPBP6
Q9UBP9	GULP1
Q8N3Y3	LARGE2
Q9H116	GZF1
O00219	HAS3
Q9UBI9	HECA
F8VWT9	HECTD4
P10316	HLA-A
P30481	HLA-B
Q95604	HLA-C
Q32P51	HNRNPA1L2
Q8IX15	HOMEZ
P17481	HOXB8
P84074	HPCA
P56937	HSD17B7
O43301	HSPA12A
Q12891	HYAL2
Q9P2D0	IBTK
Q9BTL4	IER2
P13284	IFI30
Q9H496	TOR1AIP2
Q96RY7	IFT140
Q9P2H3	IFT80
Q8WYA0	IFT81
P08069	IGF1R
Q9Y6M1	IGF2BP2
P18065	IGFBP2
O14732	IMPA2
H0Y4R1	IMPDH2
Q8NI35	PATJ
Q14642	INPP5A
Q9NRR6	INPP5E
P06213	INSR
Q9UHH9	IP6K2
Q86VI3	IQGAP3
O14896	IRF6
Q9BUE6	ISCA1
Q8TB96	ITFG1
P06756	ITGAV
P18084	ITGB5
Q9NQX7	ITM2C
Q3MIP1	ITPRIPL2
Q9NQC1	JADE2
Q92613	JADE3
P78504	JAG1
Q9Y219	JAG2
Q8N9B5	JMY
O75564	JRK
Q7Z3B3	KANSL1
Q92830	KAT2A
Q8IYT4	KATNAL2
Q9H079	KATNBL1
O00180	KCNK1
Q9Y597	KCTD3
Q7L273	KCTD9
Q6UW63	POGLUT2
P33947	KDELR2
Q9UPP5	BTBD8
Q9HCI6	KIAA1586
Q9H1H9	KIF13A
B4E1K0	KIF23
Q99612	KLF6
Q9UJP4	KLHL21
Q8NBE8	KLHL23
Q53HC5	KLHL26
Q9P2G9	KLHL8
Q9P2J3	KLHL9
O15131	KPNA5
P0C7H8	KRTAP2-3
Q53RY4	KRTCAP3
Q9UN81	L1RE1
O00515	LAD1
O15230	LAMA5
P07942	LAMB1
P55268	LAMB2
Q13751	LAMB3
P11047	LAMC1
Q13753	LAMC2
H0Y4V9	LARP4B
O95835	LATS1
A4D1U4	DENND11
O60294	LCMT2
Q8N3X6	LCORL
O75829	CNMD
Q8IVL6	P3H3
Q92791	P3H4
Q3ZCW2	LGALSL
Q9NUN5	LMBRD1
Q7L5N7	LPCAT2
Q6P1A2	LPCAT3
O94898	LRIG2
Q6UXM1	LRIG3
Q7Z4F1	LRP10
O75197	LRP5
Q9BRA0	NAA38
Q86X29	LSR
Q9NS15	LTBP3
Q8N2S1	LTBP4
P36941	LTBR
P02788	LTF
Q9NQ48	LZTFL1
Q9BRK4	LZTS2
Q6ZN28	MACC1
Q9UI95	MAD2L2
P43356	MAGEA2
P43356	MAGEA2B
O15479	MAGEB2
Q96QZ7	MAGI1
P33908	MAN1A1
Q9Y2E5	MAN2B2
P21397	MAOA
P27338	MAOB
Q8IVH8	MAP4K3
P53779	MAPK10
Q9P0L2	MARK1
Q8N4S9	MARVELD2
Q05BQ5	MBTD1
Q9GZU1	MCOLN1
Q8TDD5	MCOLN3
O15151	MDM4
P48163	ME1
Q6P2C8	MED27
O14770	MEIS2
Q5JPI9	EEF1AKMT2
A8MUP2	CSKMT
Q9HCE5	METTL14
Q6P1Q9	METTL2B
Q6UX53	TMT1B
E7ETE0	METTL8
P55082	MFAP3
P08582	MELTF
Q29983	MICA
Q8IY33	MICALL2
O15344	MID1
Q504T8	MIDN
Q8N344	MIER2
Q8IVT2	MISP
Q9UHC1	MLH3
P55197	MLLT10
Q9BV36	MLPH
Q9HAP2	MLXIP
Q9NP71	MLXIPL
Q9Y4U1	MMACHC
P51948	MNAT1
Q70IA8	MOB3C
Q8TE76	MORC4
H0Y2S9	MPRIP
J3KPV7	MPST
A6NGR9	MROH6
D3YTC1	MRPL35
Q8N983	MRPL43
Q9BYD2	MRPL9
P82930	MRPS34
Q96H12	MSANTD3
Q9UJ68	MSRA
Q04912	MST1R
P04732	MT1E
P04733	MT1F
Q93083	MT1L
P02795	MT2A
Q49AM1	MTERF2
Q9BT17	MTG1
P49914	MTHFS
Q9NYA4	MTMR4
Q9ULD2	MTUS1
Q5HYI7	MTX3
Q9Y2K3	MYH15
P14649	MYL6B
Q9HD67	MYO10
Q96JP2	MYO15B
Q9ULV0	MYO5B
Q9NQX4	MYO5C
Q6P582	MZT2A
O15049	N4BP3
Q96BF6	NACC2
F5HFY4	NAP1L4
Q9H115	NAPB
Q8NEY1	NAV1
Q8IVL0	NAV3
Q92542	NCSTN
P17568	NDUFB7
O00217	NDUFS8
Q96PU5	NEDD4L
Q8TAT5	NEIL3
O60524	NEMF
Q7Z628	NET1
Q14494	NFE2L1
Q9Y4A8	NFE2L3
P25963	NFKBIA
Q5SYE7	NHSL1
Q9NYS0	NKIRAS1
Q32Q12	NME1-NME2
Q9UMY1	NOL7
O75052	NOS1AP
O75161	NPHP4
P16083	NQO2
P20393	NR1D1
Q86WQ0	NR2C2AP
P10589	NR2F1
P10588	NR2F6
Q9H7Z3	NRDE2
Q8TCD5	NT5C
E9PAL9	NT5DC2
P30989	NTSR1
Q9BQG2	NUDT12
A8MXV4	NUDT19
O43809	NUDT21
Q8NFH3	NUP43
J3KMX1	NUP88
Q6DKJ4	NXN
Q15646	OASL
O95190	OAZ2
Q01968	OCRL
P11926	ODC1
O43482	OIP5
Q8WWZ8	OIT3
O60890	OPHN1
Q8WV07	LTO1
Q13416	ORC2
Q969R2	OSBP2
Q96DC9	OTUB2
Q5T2D3	OTUD3
O14753	OVOL1
Q9BRP4	PAAF1
Q9BY11	PACSIN1
D6RF62	PAICS
Q9NQU5	PAK6
Q9P286	PAK5
Q96RD7	PANX1
Q8NDF8	TENT4B
Q5XG87	TENT4A
Q8N4S7	PAQR4
Q9BYG4	PARD6G
Q9NVD7	PARVA
P40426	PBX3
Q96AQ6	PBXIP1
F8VRH0	PCBP2
P57723	PCBP4
P35227	PCGF2
Q9BYE7	PCGF6
Q16549	PCSK7
Q8NBP7	PCSK9
Q9UKL6	PCTP
Q07343	PDE4B
O76074	PDE5A
Q9P2J9	PDP2
Q9H792	PEAK1
O15534	PER1
O15055	PER2
Q96FX8	PERP
P28328	PEX2
O00628	PEX7
Q6P3X8	PGBD2
Q5T6S3	PHF19
Q9BVI0	PHF20
E9PGF6	PHLDB2
Q6ZVD8	PHLPP2
A6PVV8	PI4KB
Q9Y6X2	PIAS3
Q9NRD5	PICK1
Q92508	PIEZO1
A2A3N6	PIPSL
P78337	PITX1
Q6P5Z2	PKN3
Q9Y446	PKP3
Q99569	PKP4
P47712	PLA2G4A
Q9UPG8	PLAGL2
Q8N3E9	PLCD3
Q4KWH8	PLCH1
O14939	PLD2
Q9NYT0	PLEK2
Q5VTI5	PLEKHA6
Q7Z736	PLEKHH3
Q494U1	PLEKHN1
Q2M2Z5	KIZ
Q04941	PLP2
Q9UIW2	PLXNA1
Q68D20	PMS2CL
M0QZR8	POLD1
P56282	POLE2
Q9UNA4	POLI
Q15063	POSTN
Q13136	PPFIA1
Q86W92	PPFIBP1
O60927	PPP1R11
Q5SWA1	PPP1R15B
H7C003	PPP1R7
H0YDK9	PPP6R3
Q5VV67	PPRC1
P50897	PPT1
P78395	PRAME
H0YL53	PRC1
Q9UKN5	PRDM4
Q96LW4	PRIMPOL
Q05513	PRKCZ
H7C2N3	PRPF40A
Q6NWY9	PRPF40B
O14668	PRRG1
P35030	PRSS3
Q9NYI0	PSD3
O75127	PTCD1
Q8WV60	PTCD2
O14684	PTGES
E7ESA6	PTK2
Q15678	PTPN14
P26045	PTPN3
Q13332	PTPRS
Q03393	PTS
P53801	PTTG1IP
Q92692	NECTIN2
Q9BRQ0	PYGO2
Q2KHR3	QSER1
Q6ZRP7	QSOX2
Q92928	RAB1C
Q9NX57	RAB20
P61019	RAB2A
Q13636	RAB31
O95755	RAB36
P20337	RAB3B
Q8TBN0	RAB3IL1
Q9UI14	RABAC1
O75943	RAD17
Q86X27	RALGPS2
A8MQ07	RAPGEF5
P10826	RARB
Q9NYW8	RBAK
Q5JP01	RBBP7
Q86U06	RBM23
A0AV96	RBM47
Q9Y388	RBMX2
P09455	RBP1
P02753	RBP4
Q96R05	RBP7
Q96D71	REPS1
P48378	RFX2
O94955	RHOBTB3
P57078	RIPK4
Q96G75	RMND5B
Q8WVD5	RNF141
Q96PX1	RNF157
Q8N4F7	RNF175
Q96GF1	RNF185
E9PN76	RNF214
P78317	RNF4
Q99942	RNF5
Q96EX2	RNFT2
Q9GZN7	ROGDI
Q01974	ROR2
O75695	RP2
Q68CZ1	RPGRIP1L
P83881	RPL36A
Q5JNZ5	RPS26P11
Q96CM3	RPUSD4
Q7L523	RRAGA
Q5VZM2	RRAGB
Q9NQL2	RRAGD
Q9NYV6	RRN3
Q9UHA3	RSL24D1
Q9BST9	RTKN
Q96C34	RUNDC1
P57060	RWDD2B
P19793	RXRA
P48443	RXRG
Q9HCY8	S100A14
A6NKF1	SAC3D1
Q6SPF0	SAMD1
Q9UPU9	SAMD4A
J3QQJ0	SAP30BP
Q86UD0	SAPCD2
Q9Y6B6	SAR1B
Q9UPW6	SATB2
Q86WG5	SBF2
O15127	SCAMP2
Q6AZY7	SCARA3
Q14108	SCARB2
Q86SK9	SCD5
Q96GD3	SCMH1
Q96GA7	SDSL
Q9UDX3	SEC14L4
Q96BR5	COA7
Q9NPR2	SEMA4B
Q96JX3	SERAC1
P36952	SERPINB5
P08697	SERPINF2
Q86VW0	SESTD1
Q86TU7	SETD3
Q8WTS6	SETD7
H7C561	SF1
Q8WV19	SFT2D1
P51688	SGSH
Q6ZV89	SH2D5
Q15464	SHB
Q6S5L8	SHC4
Q6PI26	SHQ1
Q2M3G4	SHROOM1
Q9HAT2	SIAE
Q9P2F8	SIPA1L2
Q15475	SIX1
Q9UIU6	SIX4
Q13309	SKP2
Q96EP9	SLC10A4
P55011	SLC12A2
P53985	SLC16A1
O15427	SLC16A3
Q9NRA2	SLC17A5
Q8WUM9	SLC20A1
Q9BQT8	SLC25A21
Q8N8R3	SLC25A29
Q9BSK2	SLC25A33
Q9BZJ4	SLC25A39
Q9Y2P4	SLC27A6
O15431	SLC31A1
O00400	SLC33A1
P78382	SLC35A1
Q8N357	SLC35F6
Q6P5W5	SLC39A4
Q96JW4	SLC41A2
E7EQD2	SLC43A3
Q8NBS3	SLC4A11
Q9HAB3	SLC52A2
Q9H2J7	SLC6A15
P48029	SLC6A8
Q01650	SLC7A5
Q96BD0	SLCO4A1
Q15797	SMAD1
Q99717	SMAD5
P28370	SMARCA1
Q6STE5	SMARCD3
Q6IN85	PPP4R3A
Q5MIZ7	PPP4R3B
P17405	SMPD1
Q92485	SMPDL3B
Q9NRG4	SMYD2
Q5SQN1	SNAP47
Q16533	SNAPC1
Q5SXM2	SNAPC4
O14544	SOCS6
Q9Y4B5	MTCL1
Q99523	SORT1
Q02447	SP3
Q69YQ0	SPECC1L
Q14159	SPIDR
Q9Y657	SPIN1
O43278	SPINT1
O43291	SPINT2
Q8TCT6	SPPL3
Q7Z699	SPRED1
Q9C004	SPRY4
Q9H254	SPTBN4
Q14534	SQLE
Q8N9Q2	SREK1IP1
Q7Z6B7	SRGAP1
Q9Y2D8	SSX2IP
Q9Y5Y6	ST14
P78524	DENND2B
Q9NRC1	ST7
Q9NSY2	STARD5
O76061	STC2
Q9UHE8	STEAP1
Q13188	STK3
Q9BYT3	STK33
Q8TDR2	STK35
Q9NRP7	STK36
Q9Y2H1	STK38L
Q9P2F5	STOX2
H0YH33	STRAP
O60499	STX10
Q8WUJ0	STYX
P63272	SUPT4H1
Q6ZW31	SYDE1
P43405	SYK
O43760	SYNGR2
Q96C24	SYTL4
Q86TM6	SYVN1
Q96BN2	TADA1
Q16594	TAF9
Q9C0D5	TANC1
O60347	TBC1D12
Q9Y2I9	TBC1D30
Q9P0N9	TBC1D7
O95759	TBC1D8
Q0IIM8	TBC1D8B
Q6ZT07	TBC1D9
Q6SJ96	TBPL2
H3BQ53	TCF25
Q9NQB0	TCF7L2
Q6NUS6	TCTN3
Q15583	TGIF1
Q8WY91	THAP4
Q9BT49	THAP7
P35443	THBS4
Q53EQ6	TIGD5
Q99595	TIMM17A
Q9Y584	TIMM22
O43615	TIMM44
H0Y3R8	TJP1
Q96CP7	TLCD1
O76062	TM7SF2
O15321	TM9SF1
Q92544	TM9SF4
Q9BVK6	TMED9
Q96IK0	TMEM101
Q8N9M5	TMEM102
Q9NUM4	TMEM106B
Q9H061	TMEM126A
A0AVI4	TMEM129
Q8NDZ6	TMEM161B
Q9HC07	TMEM165
Q9H0V1	TMEM168
Q53S58	TMEM177
Q8IXX5	TMEM183A
Q6ZMB5	TMEM184A
Q8WV15	TMEM255B
Q9GZU3	TMEM39B
P56557	TMEM50B
Q5T3F8	TMEM63B
Q8NBN3	TMEM87A
Q96K49	TMEM87B
Q9NQ34	TMEM9B
O00220	TNFRSF10A
Q9NP84	TNFRSF12A
O95407	TNFRSF6B
Q13470	TNK1
O95271	TNKS
Q9H2K2	TNKS2
Q8IZW8	TNS4
Q969P6	TOP1MT
O14656	TOR1A
O94842	TOX4
Q9H3D4	TP63
Q6ZTW0	TPGS1
P07951	TPM2
Q15628	TRADD
Q9BUZ4	TRAF4
Q6Q0C0	TRAF7
Q96RU8	TRIB1
Q96RU7	TRIB3
Q96F44	TRIM11
O95361	TRIM16
P36406	TRIM23
O75382	TRIM3
Q9NQ86	TRIM36
Q8IWR1	TRIM59
Q9C029	TRIM7
Q6ZMU5	TRIM72
Q9BZR9	TRIM8
B7Z6J6	TRIML2
Q15642	TRIP10
Q9H3H1	TRIT1
Q32P41	TRMT5
Q12815	TROAP
Q8TEL6	TRPC4AP
Q8TD43	TRPM4
O95900	TRUB2
Q15714	TSC22D1
Q8NCE0	TSEN2
O95857	TSPAN13
Q12999	TSPAN31
O14817	TSPAN4
H3BQD4	TSR3
Q5T7W7	TSTD2
Q7Z4L5	TTC21B
Q5TAA0	TTC22
Q86WT1	IFT70A
Q5SRH9	TTC39A
Q8TAM2	TTC8
O43156	TTI1
Q13885	TUBB2A
Q9UJT1	TUBD1
Q6PKC3	TXNDC11
Q96J42	TXNDC15
B7Z904	TXNRD1
Q06418	TYRO3
Q9BSL1	UBAC1
Q8NBM4	UBAC2
F8W726	UBAP2L
P63146	UBE2B
Q9Y385	UBE2J1
Q9Y5Z9	UBIAD1
Q5LJA9	UCHL5
Q16739	UGCG
Q6BDS2	BLTP3A
Q6PHR2	ULK3
Q13432	UNC119
O14795	UNC13B
Q8NB66	UNC13C
Q8IZJ1	UNC5B
Q9H9P5	UNKL
Q9NZ43	USE1
Q9Y2K6	USP20
A6NNY8	USP27X
Q8TEY7	USP33
Q70EL4	USP43
Q70EK9	USP51
Q70EL1	USP54
Q5W0Q7	USPL1
J3QLC3	VAC14
P52735	VAV2
P13611	VCAN
J9JIC7	VEZF1
Q96GC9	VMP1
Q96AX1	VPS33A
P62760	VSNL1
Q8N398	VWA5B2
Q8N2E2	VWDE
Q92558	WASF1
O75554	WBP4
Q96P53	WDFY2
Q8IZQ1	WDFY3
Q8NEZ3	WDR19
Q96HA8	NTAQ1
O76024	WFS1
Q8TF30	WHAMM
Q9Y3S1	WNK2
Q9UBV4	WNT16
Q8NBI6	XXYLT1
Q9H1B5	XYLT2
O15498	YKT6
Q7Z739	YTHDF3
Q49AG3	ZBED5
Q8IZ13	FAM200C
Q96DT7	ZBTB10
H0YEM9	ZBTB44
Q9C0D7	ZC3H12C
Q86VM9	ZC3H18
Q9NUD5	ZCCHC3
Q8IUH5	ZDHHC17
Q9NPA5	ZFP64
O95405	ZFYVE9
Q15326	ZMYND11
Q96E35	ZMYND19
P52746	ZNF142
Q15072	ZNF146
O14628	ZNF195
Q9NZL3	ZNF224
Q16600	ZNF239
O75312	ZPR1
O14978	ZNF263
Q14587	ZNF268
E7EV44	ZNF268
Q14593	ZNF273
Q9NSD4	ZNF275
Q9HCX3	ZNF304
A2RRD8	ZNF320
O60765	ZNF354A
E9PHB3	ZNF384
Q569K4	ZNF385B
Q8TF32	ZNF431
Q14592	ZNF460
Q8TF39	ZNF483
Q96F45	ZNF503
Q8N8E2	ZNF513
Q92618	ZNF516
J3KR51	ZNF525
Q6NX49	ZNF544
Q7Z340	ZNF551
Q8NEP9	ZNF555
Q8N587	ZNF561
Q6V9R5	ZNF562
Q68EA5	ZNF57
Q9P0T4	ZNF581
Q5T7W0	ZNF618
Q6ZNG0	ZNF620
Q969S3	ZNF622
O75123	ZNF623
Q9UEG4	ZNF629
Q9UID6	ZNF639
Q5TYW1	ZNF658
Q8N3J9	ZNF664
Q9BS34	ZNF670
Q9NV72	ZNF701
Q9Y5V0	ZNF706
Q96N38	ZNF714
A8MTY0	ZNF724
Q8NDX6	ZNF740
Q86XN6	ZNF761
Q9H5H4	ZNF768
Q68DI1	ZNF776
Q6DD87	ZNF787
Q5CZA5	ZNF805
B7Z6K7	ZNF814
Q5FWF4	ZRANB3
Q15696	ZRSR2
Q16670	ZSCAN26
Q9H788	SH2D4A
P02675	FGB
B3V0L1	ARL6IP4
P09132	SRP19
Q9NVV5	AIG1
Q03181	PPARD
E9PQB7	CFL1
P35790	CHKA
P09496	CLTA
Q8IUS5	EPHX4
P80365	HSD11B2
Q53GA4	PHLDA2
Q9H3Y8	PPDPF
Q8NFT2	STEAP2
O14763	TNFRSF10B
O43306	ADCY6
P17707	AMD1
P61966	AP1S1
E7EV07	ARHGEF4
Q92903	CDS1
B1AK53	ESPN
Q05DH4	FHIP1A
C9JZG2	GART
F8WCR9	GRM7
Q9P0M6	MACROH2A2
B4DY08	HNRNPC
Q5T953	IER5L
Q9NV31	IMP3
P08519	LPA
Q9BU61	NDUFAF3
P40424	PBX1
Q2KHR2	RFX7
P01008	SERPINC1
Q16585	SGCB
Q9NTG7	SIRT3
Q9Y2W3	SLC45A1
Q3SY56	SP6
O43805	SSNA1
Q9Y6J8	STYXL1
Q8TBP0	TBC1D16
P01135	TGFA
Q9BXJ8	TMEM120A
Q86VY9	TMEM200A
Q6DKK2	TTC19
E9PMB6	VPS51
Q96KV7	WDR90
M0QXA7	WIZ
Q9UQR1	ZNF148
Q8TAU3	ZNF417
Q8NEM1	ZNF680
Q9Y625	GPC6
P47928	ID4
K7EQD6	NSF
Q9P2E2	KIF17
Q969J2	ZKSCAN4
Q07954	LRP1
Q96AY4	TTC28
Q12948	FOXC1
O43597	SPRY2
O00468	AGRN
P48382	RFX5
Q7L2K0	TEDC2
P14543	NID1
Q7Z494	NPHP3
Q9UG01	IFT172
P28300	LOX
P19022	CDH2
Q9UHI8	ADAMTS1
Q12840	KIF5A
Q9BRR0	ZKSCAN3
Q9HBK9	AS3MT
A1L020	MEX3A
S4R3N1	HSPE1-MOB4
Q49B96	COX19
Q9NRX4	PHPT1
Q14964	RAB39A
P98155	VLDLR
Q8N196	SIX5
Q6ZWT7	MBOAT2
Q68D85	NCR3LG1
Q9H7S9	ZNF703
P17302	GJA1
O94864	SUPT7L
Q1L5Z9	LONRF2
Q6NSI4	RADX
Q8IV42	PSTK
Q96D09	GPRASP2
O75094	SLIT3
P27544	CERS1
Q8N1A0	KRT222
O60613	SELENOF
Q96GP6	SCARF2
Q86WW8	COA5
Q969Q5	RAB24
P51843	NR0B1
O75970	MPDZ
Q86VQ0	LCA5
O95415	BRI3
Q9BRP7	FDXACB1
P21127	CDK11B
A7MCY6	TBKBP1
A4D1S0	KLRG2
Q9UPW8	UNC13A
Q49A88	CCDC14
P35453	HOXD13
Q96JA3	PLEKHA8
Q5JSJ4	INTS6L
Q13637	RAB32
Q8IWF6	DENND6A
Q6N022	TENM4
Q8N998	CCDC89
P21741	MDK
Q9NWL6	ASNSD1
P10275	AR
E7EVA0	MAP4
Q8TC92	ENOX1
Q6B0I6	KDM4D
P10092	CALCB
Q9HAZ2	PRDM16
Q9C026	TRIM9
O43715	TRIAP1
Q8IVL1	NAV2
Q8N7R7	CCNYL1
Q5T481	RBM20
P31260	HOXA10
Q13228	SELENBP1
Q02930	CREB5
Q9H3E2	SNX25
Q9NZU5	LMCD1
Q9HCK1	ZDBF2
Q63HK3	ZKSCAN2
Q96JB3	HIC2
Q15699	ALX1
Q6ZQX7	LIAT1
Q15139	PRKD1
Q96PV7	FAM193B
Q96T25	ZIC5
P07196	NEFL
Q8WUP2	FBLIM1
Q96S82	UBL7
Q9UM47	NOTCH3
Q8N488	RYBP
P28330	ACADL
Q8NFU7	TET1
Q7Z6I8	C5orf24
P0C5J1	FAM86B2
Q9BXF3	CECR2
Q02156	PRKCE
Q3ZCT1	ZNF260
Q5SQQ9	VAX1
O75417	POLQ
Q8IV08	PLD3
P47813	EIF1AX
P61129	ZC3H6
Q9NPC8	SIX2
O00623	PEX12
O60658	PDE8A
A6NIZ1	RAP1BL
H7C3M7	FARP2
P53675	CLTCL1
Q6ZN17	LIN28B
Q9UM63	PLAGL1
Q96S90	LYSMD1
P43251	BTD
H7C0J3	CHD3
Q5TA31	RNF187
Q96DN6	MBD6
Q5HYK7	SH3D19
P35625	TIMP3
Q53SF7	COBLL1
Q9P2K2	TXNDC16
Q96A47	ISL2
Q96K83	ZNF521
P22413	ENPP1
Q8N726	CDKN2A
O60503	ADCY9
P05549	TFAP2A
Q8N328	PGBD3
Q9H8W5	TRIM45
Q01484	ANK2
O00763	ACACB
P48066	SLC6A11
P17010	ZFX
Q8IWY8	ZSCAN29
Q9H040	SPRTN
P31270	HOXA11
O15119	TBX3
Q8NCN2	ZBTB34
O75147	OBSL1
Q8N567	ZCCHC9
Q10469	MGAT2
Q8TBA6	GOLGA5
Q9BXW6	OSBPL1A
Q8N6N6	NATD1
Q9UKV5	AMFR
A8K855	EFCAB7
Q9UPA5	BSN
S4R435	RPS10-NUDT3
Q9P2L0	WDR35
E7ERJ7	PABPC1
P23468	PTPRD
Q17RU2	REL
Q15561	TEAD4
Q6ZPD9	DPY19L3
P07320	CRYGD
P50443	SLC26A2
Q6PI77	GPRASP3
Q9BYE4	SPRR2G
Q709F0	ACAD11
J3QKP5	ALDOC
Q86YJ7	ANKRD13B
Q9BQI6	SLF1
Q6ZW76	ANKS3
Q9C0F0	ASXL3
F8WB05	ATXN2
Q7L3V2	RTL10
E9PE19	BPTF
Q9Y2F9	BTBD3
Q7KYR7	BTN2A1
P57076	CFAP298
Q8TDN4	CABLES1
P54289	CACNA2D1
P49069	CAMLG
Q9ULV8	CBLC
J3KNF4	CCS
E9PM09	CCT3
Q8N8E3	CEP112
O15078	CEP290
P00751	CFB
Q9NS84	CHST7
H0YHI0	CHURC1-FNTB
Q96AJ1	CLUAP1
Q96MX0	CMTM3
Q17RY0	CPEB4
Q9UHQ9	CYB5R1
F8VRV7	DCTN2
P98153	DGCR2
Q6XUX3	DSTYK
Q8WUB2	FAM216A
P98173	FAM3A
Q8N3Y1	FBXW8
Q9Y6R7	FCGBP
Q9H9S5	FKRP
Q68CQ7	GLT8D1
Q9C091	GREB1L
P98160	HSPG2
Q13099	IFT88
P26012	ITGB8
Q96SI1	KCTD15
Q9Y2U9	KLHDC2
Q8IXV7	KLHDC8B
Q96M94	KLHL15
Q6TFL4	KLHL24
Q92539	LPIN2
Q9Y608	LRRFIP2
Q7Z7M0	MEGF8
Q6UB28	METAP1D
Q5TCX8	MAP3K21
H0Y948	AFDN
U3KQ28	MPHOSPH9
Q9BWK5	CYREN
P82914	MRPS15
P26927	MST1
Q9UBK8	MTRR
Q8NFP9	NBEA
P54368	OAZ1
P78364	PHC1
Q6NSJ2	PHLDB3
Q5H8A4	PIGG
Q9NUJ7	PLCXD1
Q9Y2G5	POFUT2
Q86WQ9	POLM
Q9H237	PORCN
Q96KQ4	PPP1R13B
Q86XI6	PPP1R3B
Q06190	PPP2R3A
Q9Y5P8	PPP2R3B
Q9Y255	PRELID1
H0YDK2	RBBP4
Q15493	RGN
Q9ULI2	RIMKLB
Q9H4P4	RNF41
Q8N2Y8	RUSC2
Q12770	SCAP
Q96NL6	SCLT1
Q9BWG6	SCNM1
Q9NRX5	SERINC1
Q9H173	SIL1
O14863	SLC30A4
Q5VT97	SYDE2
Q9BRN9	TM2D3
Q12893	TMEM115
Q86UB9	TMEM135
Q5JU69	TOR2A
Q9BWF2	TRAIP
O43657	TSPAN6
C9JLR4	UBXN4
P41221	WNT5A
Q9NZC7	WWOX
Q5T750	KPLCE
P62699	YPEL5
O15062	ZBTB5
Q9UDW3	ZMAT5
Q5MCW4	ZNF569
Q68DY9	ZNF772
P36894	BMPR1A
P00740	F9
Q9H9V9	JMJD4
Q8TE57	ADAMTS16
Q5BKT4	ALG10
P02760	AMBP
Q9P227	ARHGAP23
Q96FN4	CPNE2
Q9NZV1	CRIM1
E9PJD7	ZFTRAF1
O77932	DXO
P41161	ETV5
Q7L622	G2E3
Q6ZS86	GK5
J3KPF0	HECTD4
A4D126	CRPPA
Q8WVZ9	KBTBD7
P26572	MGAT1
P52848	NDST1
Q96P20	NLRP3
O00408	PDE2A
P00749	PLAU
O00391	QSOX1
Q15434	RBMS2
Q9NV58	RNF19A
Q5PRF9	SAMD4B
Q08357	SLC20A2
Q9Y5W8	SNX13
Q8WV41	SNX33
Q9H4F1	ST6GALNAC4
Q9NPI0	TMEM138
Q9H1J7	WNT5B
Q8IVQ6	ZDHHC21
Q7Z7L7	ZER1
Q5JVG8	ZNF506
Q9Y243	AKT3
Q9BT30	ALKBH7
O60513	B4GALT4
Q9NRB3	CHST12
F8VW18	DCTN2
Q5T013	HYI
Q9P055	JKAMP
Q9UQ07	MOK
Q15800	MSMO1
Q9Y2J8	PADI2
Q9UPY5	SLC7A11
Q96T83	SLC9A7
E9PM90	VPS28
Q06278	AOX1
P13994	YJU2B
O95302	FKBP9
P58012	FOXL2
Q9HCM3	KIAA1549
O75352	MPDU1
Q96AH0	NABP1
P40425	PBX2
Q8TCX5	RHPN1
B5MDQ4	CNOT9
Q969T3	SNX21
Q9NY57	STK32B
Q9BRG1	VPS25
Q9P2E8	MARCHF4
Q9P291	ARMCX1
Q9P203	BTBD7
Q15131	CDK10
P54762	EPHB1
Q9UM11	FZR1
Q6ZNW5	GDPGP1
Q4G148	GXYLT1
P48723	HSPA13
P43121	MCAM
Q08AE8	SPIRE1
A0AVF1	IFT56
A8MQ14	ZNF850
Q6UY14	ADAMTSL4
O15320	MIA2
Q9HCM4	EPB41L5
Q7Z6M2	FBXO33
P55899	FCGRT
Q8NA19	L3MBTL4
P00403	MT-CO2
Q96F10	SAT2
C9JID5	TMEM40
Q96NI8	ZNF570
Q8N0V5	GCNT2
Q9UQV4	LAMP3
Q7RTP0	NIPA1
O75886	STAM2
P10646	TFPI
Q96DX7	TRIM44
Q6EMK4	VASN
Q3MIX3	ADCK5
Q9UKZ1	CNOT11
Q9Y4K0	LOXL2
Q96GZ6	SLC41A3
Q8WU67	ABHD3
Q96QU6	ACCS
Q86TA1	MOB3B
Q14524	SCN5A
Q9Y343	SNX24
Q7Z6G8	ANKS1B
O43520	ATP8B1
Q8N7W2	BEND7
Q9H8M2	BRD9
Q9UBI6	GNG12
K7ESM5	TUBB6
Q3KNS6	ZNF829
Q9NPB6	PARD6A
O14828	SCAMP3
Q00266	MAT1A
Q53FA7	TP53I3
Q68D06	SLFN13
O15439	ABCC4
Q9BVG8	KIFC3
P03915	MT-ND5
H0Y6C3	PYCR3
O95674	CDS2
Q99470	SDF2
Q96GX1	TCTN2
P54803	GALC
P06865	HEXA
Q9NNX1	TUFT1
Q9P2Q2	FRMD4A
Q8WTR2	DUSP19
Q6P1Q0	LETMD1
Q86XR2	NIBAN3
P63092	GNAS
Q96LC7	SIGLEC10
Q02548	PAX5
Q86WX3	RPS19BP1
Q5SQI0	ATAT1
Q9C0B5	ZDHHC5
Q68D91	MBLAC2
O75865	TRAPPC6A
Q9ULJ1	ODF2L
Q5VTQ0	TTC39B
P56134	ATP5MF
P09917	ALOX5
Q86Y01	DTX1
Q96FI4	NEIL1
Q6NSW5	DENND10P1
Q8NC51	SERBP1
P50542	PEX5
Q8IUW5	RELL1
Q6PID8	KLHDC10
O43716	GATC
P11836	MS4A1
Q8WUY8	NAT14
P26842	CD27
P20273	CD22
P31641	SLC6A6
Q92738	USP6NL
Q8WV92	MITD1
Q8N0S2	SYCE1
P48067	SLC6A9
Q6ZMZ0	RNF19B
Q6P589	TNFAIP8L2
Q6PEX3	KRTAP26-1
Q86Y38	XYLT1
Q86VE9	SERINC5
Q9H999	PANK3
Q9H920	RNF121
Q9GZX7	AICDA
Q96DR5	BPIFA2
Q96ES6	MFSD3
Q9Y3V2	RWDD3
P60059	SEC61G
Q0P6D2	DIPK1C
Q9Y605	MRFAP1
Q9BYN8	MRPS26
Q01118	SCN7A
Q8IV61	RASGRP3
P47914	RPL29
Q96EH3	MALSU1
Q8NA29	MFSD2A
Q8WUX1	SLC38A5
O14593	RFXANK
Q9NW38	FANCL
Q7Z6M3	MILR1
P52434	POLR2H
Q14542	SLC29A2
Q14677	CLINT1
O15504	NUP42
Q8TAP4	LMO3
A1Z1Q3	MACROD2
P51826	AFF3
Q68CJ6	NUGGC
O75061	DNAJC6
Q9H5L6	THAP9
P20160	AZU1
P23942	PRPH2
Q92870	APBB2
Q9NZ42	PSENEN
Q6IAN0	DHRS7B
Q6P4H8	ATPSCKMT
Q9HCU8	POLD4
O96000	NDUFB10
P03928	MT-ATP8
Q7Z698	SPRED2
P17081	RHOQ
O43766	LIAS
Q96A56	TP53INP1
Q8TDM0	BCAS4
Q13480	GAB1
Q9UL41	PNMA3
P40259	CD79B
Q9BRT6	LLPH
Q9UBM1	PEMT
Q8NBR6	MINDY2
Q9H2D1	SLC25A32
Q8TDG4	HELQ
Q9NV92	NDFIP2
Q8WWV3	RTN4IP1
Q93096	PTP4A1
Q13323	BIK
A4UGR9	XIRP2
P04233	CD74
Q8N3J5	PPM1K
Q8N370	SLC43A2
Q7Z5G4	GOLGA7
Q0P6H9	TMEM62
Q96JA1	LRIG1
Q6NZ36	FAAP20
Q6ZUT9	DENND5B
P42081	CD86
Q9H825	METTL8
Q8IZC4	RTKN2
O14921	RGS13
P56945	BCAR1
P78383	SLC35B1
Q9H609	ZNF576
Q9BQ04	RBM4B
P35613	BSG
Q99551	MTERF1
Q8WWC4	MAIP1
Q9NZI8	IGF2BP1
Q96NJ6	ZFP3
P60602	ROMO1
Q14CB8	ARHGAP19
Q3KNV8	PCGF3
O95136	S1PR2
Q9NRC6	SPTBN5
P00374	DHFR
Q587I9	SFT2D3
Q15035	TRAM2
P62380	TBPL1
Q8N4T8	CBR4
Q8TB05	UBALD1
P48058	GRIA4
Q8IYN6	UBALD2
O75438	NDUFB1
P22732	SLC2A5
Q02363	ID2
Q6ZNG2	DBX2
Q9UBV2	SEL1L
Q6ZU67	BEND4
Q96B33	CLDN23
P28072	PSMB6
Q8NBI5	SLC43A3
P04080	CSTB
Q8NCM8	DYNC2H1
P30536	TSPO
Q8WUD4	CCDC12
Q8TCT9	HM13
Q8N490	PNKD
Q8WWH4	ASZ1
P0CZ25	DNAH10OS
A8CG34	POM121C
P15884	TCF4
Q86VR2	RETREG3
P20648	ATP4A
Q562R1	ACTBL2
P62736	ACTA2
P68133	ACTA1
P04920	SLC4A2
P78381	SLC35A2
Q9BYD3	MRPL4
A6NHL2	TUBAL3
P63218	GNG5
Q8IXQ3	C9orf40
Q8TCV5	WFDC5
Q02080	MEF2B
P56270	MAZ
