Molecule,Canonical SMILES,Formula,MW,#Heavy atoms,#Aromatic heavy atoms,Fraction Csp3,#Rotatable bonds,#H-bond acceptors,#H-bond donors,MR,TPSA,iLOGP,XLOGP3,WLOGP,MLOGP,Silicos-IT Log P,Consensus Log P,ESOL Log S,ESOL Solubility (mg/ml),ESOL Solubility (mol/l),ESOL Class,Ali Log S,Ali Solubility (mg/ml),Ali Solubility (mol/l),Ali Class,Silicos-IT LogSw,Silicos-IT Solubility (mg/ml),Silicos-IT Solubility (mol/l),Silicos-IT class,GI absorption,BBB permeant,Pgp substrate,CYP1A2 inhibitor,CYP2C19 inhibitor,CYP2C9 inhibitor,CYP2D6 inhibitor,CYP3A4 inhibitor,log Kp (cm/s),Lipinski #violations,Ghose #violations,Veber #violations,Egan #violations,Muegge #violations,Bioavailability Score,PAINS #alerts,Brenk #alerts,Leadlikeness #violations,Synthetic Accessibility
Molecule 1,ClCC(=O)N1CCCc2c1ccc(c2)OC,C12H14ClNO2,239.7,16,6,0.42,3,2,0,67.54,29.54,2.35,2.27,1.83,1.99,2.65,2.22,-2.84,3.50e-01,1.46e-03,Soluble,-2.53,7.12e-01,2.97e-03,Soluble,-3.67,5.15e-02,2.15e-04,Soluble,High,Yes,No,Yes,No,No,No,No,-6.15,0,0,0,0,0,0.55,0,1,1,1.96
Molecule 2,C=CC(=O)N(c1ccccc1)c1ccc(cc1)Br,C15H12BrNO,302.17,18,12,0,4,1,0,77.93,20.31,3.07,4.29,4.3,4.09,3.54,3.86,-4.65,6.84e-03,2.26e-05,Moderately soluble,-4.43,1.12e-02,3.72e-05,Moderately soluble,-5.49,9.87e-04,3.27e-06,Moderately soluble,High,Yes,No,Yes,Yes,Yes,Yes,No,-5.1,0,0,0,0,0,0.55,0,1,1,2.11
Molecule 3,ClCC(=O)NCCOCCC(C)C,C9H18ClNO2,207.7,13,0,0.89,8,2,1,54.26,38.33,2.28,1.7,1.4,1.29,2.06,1.75,-1.67,4.43e+00,2.13e-02,Very soluble,-2.12,1.57e+00,7.58e-03,Soluble,-3.09,1.69e-01,8.13e-04,Soluble,High,Yes,No,No,No,No,No,No,-6.36,0,0,0,0,0,0.55,0,1,2,2.13
Molecule 4,C=CC(=O)N1CC(C1)c1ccccc1,C12H13NO,187.24,14,6,0.25,3,1,0,59.87,20.31,2.38,1.84,1.42,1.97,2.33,1.99,-2.28,9.84e-01,5.26e-03,Soluble,-1.89,2.43e+00,1.30e-02,Very soluble,-2.73,3.49e-01,1.87e-03,Soluble,High,Yes,No,No,Yes,No,No,No,-6.14,0,0,0,0,1,0.55,0,1,1,1.28
Molecule 5,C=CC(=O)N1CC(C1)n1cccn1,C9H11N3O,177.2,13,5,0.33,3,2,0,51.95,38.13,1.83,0.06,0.07,0.22,0.28,0.49,-1.06,1.53e+01,8.65e-02,Very soluble,-0.41,6.83e+01,3.85e-01,Very soluble,-0.74,3.24e+01,1.83e-01,Soluble,High,No,No,No,No,No,No,No,-7.34,0,0,0,0,1,0.55,0,1,1,1.8
Molecule 6,C=CC(=O)N1CC2(C1c1ccccc1)CCOCC2,C16H19NO2,257.33,19,6,0.44,3,2,0,77.8,29.54,2.62,2.07,1.85,2.13,2.92,2.32,-2.78,4.32e-01,1.68e-03,Soluble,-2.32,1.23e+00,4.79e-03,Soluble,-3.57,6.93e-02,2.69e-04,Soluble,High,Yes,No,No,No,Yes,Yes,No,-6.4,0,0,0,0,0,0.55,0,1,0,2.82
Molecule 7,C=CC(=O)N1Cc2c(C1)cccn2,C10H10N2O,174.2,13,6,0.2,2,2,0,53.01,33.2,1.72,0.35,0.43,0.52,1.7,0.94,-1.35,7.78e+00,4.47e-02,Very soluble,-0.61,4.26e+01,2.45e-01,Very soluble,-2.3,8.67e-01,4.98e-03,Soluble,High,No,No,No,No,No,No,No,-7.11,0,0,0,0,1,0.55,0,1,1,1.78
Molecule 8,C=CC(=O)N1CCC(CC1)c1nocc1,C11H14N2O2,206.24,15,5,0.45,3,3,0,59.54,46.34,2.16,1.03,1.19,0.82,1.68,1.37,-1.82,3.15e+00,1.53e-02,Very soluble,-1.59,5.26e+00,2.55e-02,Very soluble,-2.13,1.52e+00,7.36e-03,Soluble,High,Yes,No,No,No,No,No,No,-6.83,0,0,0,0,0,0.55,0,1,1,2.44
Molecule 9,C=CC(=O)N1CCC2(CC1)OCCc1c2cccc1,C16H19NO2,257.33,19,6,0.44,2,2,0,78.11,29.54,2.79,2.04,1.77,2.13,3.09,2.37,-2.82,3.87e-01,1.51e-03,Soluble,-2.29,1.32e+00,5.15e-03,Soluble,-3.8,4.08e-02,1.58e-04,Soluble,High,Yes,No,No,No,Yes,Yes,No,-6.42,0,0,0,0,0,0.55,0,1,0,2.91
Molecule 10,C=CC(=O)N1CCCC(C1)c1ccccn1,C13H16N2O,216.28,16,6,0.38,3,2,0,67.28,33.2,2.34,1.52,1.59,1.37,2.28,1.82,-2.22,1.31e+00,6.05e-03,Soluble,-1.83,3.23e+00,1.49e-02,Very soluble,-2.92,2.59e-01,1.20e-03,Soluble,High,Yes,No,No,No,No,No,No,-6.54,0,0,0,0,0,0.55,0,1,1,2.41
Molecule 11,C=CC(=O)N1CCCC(C1)n1nncc1,C10H14N4O,206.24,15,5,0.5,3,3,0,59.36,51.02,1.96,0.23,0.25,0.51,0.24,0.64,-1.31,1.00e+01,4.87e-02,Very soluble,-0.86,2.84e+01,1.38e-01,Very soluble,-0.93,2.41e+01,1.17e-01,Soluble,High,No,No,No,No,No,No,No,-7.39,0,0,0,0,0,0.55,0,1,1,2.69
Molecule 12,C=CC(=O)N1CCCC(CC1)n1nncc1,C11H16N4O,220.27,16,5,0.55,3,3,0,64.16,51.02,1.94,0.59,0.64,0.8,0.47,0.89,-1.61,5.40e+00,2.45e-02,Very soluble,-1.23,1.28e+01,5.82e-02,Very soluble,-1.21,1.35e+01,6.12e-02,Soluble,High,Yes,No,No,No,No,No,No,-7.22,0,0,0,0,0,0.55,0,1,1,2.77
Molecule 13,C=CC(=O)N1CCN(c2c1cccc2)C1CC1,C14H16N2O,228.29,17,6,0.36,3,1,0,75.45,23.55,2.59,2.32,1.36,2.17,1.98,2.08,-2.78,3.79e-01,1.66e-03,Soluble,-2.45,8.04e-01,3.52e-03,Soluble,-2.62,5.44e-01,2.38e-03,Soluble,High,Yes,No,Yes,Yes,No,Yes,No,-6.05,0,0,0,0,0,0.55,0,1,1,2.26
Molecule 14,C=CC(=O)N1CCN(CC1)C(=O)CCOc1ccccc1,C16H20N2O3,288.34,21,6,0.38,7,3,0,87.63,49.85,2.82,1.19,0.55,1.05,1.91,1.5,-2.13,2.15e+00,7.47e-03,Soluble,-1.83,4.24e+00,1.47e-02,Very soluble,-3.07,2.47e-01,8.57e-04,Soluble,High,Yes,No,No,No,No,No,No,-7.21,0,0,0,0,0,0.55,0,1,0,2.18
Molecule 15,C=CC(=O)N1CCN(CC1)C(=O)NC1CCCCC1,C14H23N3O2,265.35,19,0,0.71,5,2,1,81.92,52.65,2.66,1.22,0.6,1.34,0.93,1.35,-1.92,3.16e+00,1.19e-02,Very soluble,-1.92,3.17e+00,1.19e-02,Very soluble,-1.5,8.47e+00,3.19e-02,Soluble,High,Yes,No,Yes,No,No,No,No,-7.05,0,0,0,0,0,0.55,0,1,0,2.6
Molecule 16,C=CC(=O)N1CCn2c(C1)cc1c2cccc1,C14H14N2O,226.27,17,9,0.21,2,1,0,71.82,25.24,2.41,1.63,1.64,1.73,2.04,1.89,-2.53,6.68e-01,2.95e-03,Soluble,-1.77,3.82e+00,1.69e-02,Very soluble,-3.03,2.13e-01,9.40e-04,Soluble,High,Yes,No,Yes,Yes,No,No,No,-6.52,0,0,0,0,0,0.55,0,1,1,2.23
Molecule 17,C=CC(=O)N1CC(Cn2ccnn2)OCC1,C10H14N4O2,222.24,16,5,0.5,4,4,0,60.44,60.25,1.94,-0.6,-0.69,-0.31,-0.01,0.07,-0.81,3.46e+01,1.56e-01,Very soluble,-0.19,1.42e+02,6.40e-01,Very soluble,-0.8,3.52e+01,1.58e-01,Soluble,High,No,No,No,No,No,No,No,-8.08,0,1,0,0,0,0.55,0,1,1,2.97
Molecule 18,C=CC(=O)N1CCS(=O)(=O)c2c(C1)cccc2,C12H13NO3S,251.3,17,6,0.25,2,3,0,68.15,62.83,1.69,0.82,1.54,1.16,1.4,1.32,-2.04,2.27e+00,9.04e-03,Soluble,-1.72,4.77e+00,1.90e-02,Very soluble,-2.89,3.24e-01,1.29e-03,Soluble,High,Yes,No,No,No,No,No,No,-7.25,0,0,0,0,0,0.55,0,1,0,2.72
Molecule 19,C=CC(=O)N1C[C@@H]2NC(=O)OC[C@H]2CC1,C10H14N2O3,210.23,15,0,0.6,2,3,1,60.88,58.64,1.65,0.26,-0.63,0.24,0.33,0.37,-1.18,1.40e+01,6.68e-02,Very soluble,-1.05,1.86e+01,8.86e-02,Very soluble,-0.78,3.51e+01,1.67e-01,Soluble,High,No,No,No,No,No,No,No,-7.4,0,1,0,0,0,0.55,0,1,1,3.19
Molecule 20,C=CC(=O)N1CN(C(=O)C1)Cc1ccccc1,C13H14N2O2,230.26,17,6,0.23,4,2,0,71.68,40.62,2.28,1.21,0.09,1.24,1.52,1.27,-2.03,2.16e+00,9.39e-03,Soluble,-1.66,5.04e+00,2.19e-02,Very soluble,-2.6,5.84e-01,2.54e-03,Soluble,High,No,No,Yes,Yes,No,No,No,-6.85,0,0,0,0,0,0.55,0,1,1,1.93
Molecule 21,C=CC(=O)NC(c1ccccn1)C1CCC1,C13H16N2O,216.28,16,6,0.38,5,2,1,63.27,41.99,2.05,1.91,1.9,1.37,2.55,1.96,-2.33,1.01e+00,4.66e-03,Soluble,-2.41,8.32e-01,3.85e-03,Soluble,-3.4,8.51e-02,3.94e-04,Soluble,High,Yes,No,No,No,No,No,No,-6.26,0,0,0,0,0,0.55,0,1,1,2.46
Molecule 22,C=CC(=O)NC(c1ncccn1)CC1CCCCC1,C15H21N3O,259.35,19,6,0.53,6,3,1,75.48,54.88,2.41,3.07,2.47,1.44,2.88,2.45,-3.22,1.56e-01,6.03e-04,Soluble,-3.89,3.35e-02,1.29e-04,Soluble,-3.99,2.64e-02,1.02e-04,Soluble,High,Yes,No,No,Yes,No,No,No,-5.7,0,0,0,0,0,0.55,0,1,0,2.87
Molecule 23,C=CC(=O)NC(c1ncco1)Cc1ccccc1,C14H14N2O2,242.27,18,11,0.14,6,3,1,67.71,55.13,2.43,2.07,1.94,0.98,2.71,2.03,-2.7,4.81e-01,1.98e-03,Soluble,-2.86,3.37e-01,1.39e-03,Soluble,-4.66,5.28e-03,2.18e-05,Moderately soluble,High,Yes,No,No,Yes,No,No,No,-6.31,0,0,0,0,0,0.55,0,1,1,2.98
Molecule 24,C=CC(=O)NC1(CCOCC1)c1ccccc1,C14H17NO2,231.29,17,6,0.36,4,2,1,66.44,38.33,2.2,1.82,1.89,1.63,2.9,2.09,-2.42,8.84e-01,3.82e-03,Soluble,-2.24,1.32e+00,5.69e-03,Soluble,-3.97,2.49e-02,1.08e-04,Soluble,High,Yes,No,No,No,No,No,No,-6.42,0,0,0,0,0,0.55,0,1,1,1.81
Molecule 25,C=CC(=O)NC1CC21CCCc1c2cccc1,C15H17NO,227.3,17,6,0.4,3,1,1,68.21,29.1,2.34,3.02,2.34,2.77,3.29,2.75,-3.22,1.39e-01,6.09e-04,Soluble,-3.3,1.15e-01,5.06e-04,Soluble,-4.27,1.22e-02,5.38e-05,Moderately soluble,High,Yes,No,No,No,Yes,Yes,No,-5.54,0,0,0,0,0,0.55,0,1,1,3.12
Molecule 26,C=CC(=O)NC1CCC2(CC1)OCCO2,C11H17NO3,211.26,15,0,0.73,3,3,1,55.5,47.56,2.3,0.86,0.97,0.64,1.65,1.28,-1.49,6.78e+00,3.21e-02,Very soluble,-1.44,7.63e+00,3.61e-02,Very soluble,-1.79,3.42e+00,1.62e-02,Soluble,High,Yes,No,No,No,No,No,No,-6.98,0,0,0,0,0,0.55,0,1,1,2.65
Molecule 27,C=CC(=O)NC1CCCN(C1)c1ccccc1,C14H18N2O,230.31,17,6,0.36,4,1,1,72.84,32.34,2.4,2.5,1.58,1.9,2.03,2.08,-2.84,3.33e-01,1.45e-03,Soluble,-2.82,3.45e-01,1.50e-03,Soluble,-3.35,1.04e-01,4.52e-04,Soluble,High,Yes,No,Yes,No,No,No,No,-5.93,0,0,0,0,0,0.55,0,1,1,2.31
Molecule 28,C=CC(=O)NC1CCCNC1=O,C8H12N2O2,168.19,12,0,0.5,3,2,2,47.9,58.2,1.38,0,-0.81,-0.37,0.59,0.16,-0.68,3.48e+01,2.07e-01,Very soluble,-0.77,2.83e+01,1.69e-01,Very soluble,-1.42,6.42e+00,3.82e-02,Soluble,High,No,No,No,No,No,No,No,-7.33,0,1,0,0,1,0.55,0,1,1,2.16
Molecule 29,C=CC(=O)NC1CCCOc2c1cccc2,C13H15NO2,217.26,16,6,0.31,3,2,1,62.35,38.33,2.38,2.12,1.88,1.63,2.43,2.09,-2.6,5.43e-01,2.50e-03,Soluble,-2.56,6.04e-01,2.78e-03,Soluble,-3.47,7.36e-02,3.39e-04,Soluble,High,Yes,No,Yes,No,No,No,No,-6.12,0,0,0,0,0,0.55,0,1,1,2.75
Molecule 30,C=CC(=O)NC1CCN(C1)c1ccccc1,C13H16N2O,216.28,16,6,0.31,4,1,1,68.03,32.34,2.19,2.15,1.19,1.63,1.78,1.79,-2.55,6.11e-01,2.83e-03,Soluble,-2.46,7.48e-01,3.46e-03,Soluble,-3.07,1.86e-01,8.59e-04,Soluble,High,Yes,No,Yes,No,No,No,No,-6.09,0,0,0,0,0,0.55,0,1,1,2.29
Molecule 31,C=CC(=O)NC1CCN(C1=O)c1ccccc1,C13H14N2O2,230.26,17,6,0.23,4,2,1,68.23,49.41,1.84,1.38,0.71,1.11,1.46,1.3,-2.13,1.69e+00,7.34e-03,Soluble,-2.02,2.19e+00,9.53e-03,Soluble,-2.96,2.55e-01,1.11e-03,Soluble,High,Yes,No,No,No,No,No,No,-6.72,0,0,0,0,0,0.55,0,1,1,2.36
Molecule 32,C=CC(=O)NC1CCN(CC1)C(=O)c1ccco1,C13H16N2O3,248.28,18,5,0.38,5,3,1,69.78,62.55,2.28,1.24,0.81,0.32,1.32,1.19,-2.04,2.28e+00,9.20e-03,Soluble,-2.15,1.75e+00,7.06e-03,Soluble,-2.51,7.74e-01,3.12e-03,Soluble,High,No,No,Yes,No,No,No,No,-6.93,0,0,0,0,0,0.55,0,1,1,2.31
Molecule 33,C=CC(=O)NC1CCN(C1=O)Cc1ccccc1,C14H16N2O2,244.29,18,6,0.29,5,2,1,72.48,49.41,2.18,1.32,0.56,1.1,1.83,1.4,-2.1,1.93e+00,7.89e-03,Soluble,-1.96,2.69e+00,1.10e-02,Very soluble,-3.36,1.07e-01,4.39e-04,Soluble,High,Yes,No,No,No,No,No,No,-6.85,0,0,0,0,0,0.55,0,1,1,2.27
Molecule 34,C=CC(=O)NC1CCOC2(C1)CSCC2,C11H17NO2S,227.32,15,0,0.73,3,2,1,62,63.63,2.12,1.2,1.34,1.09,2.21,1.59,-1.81,3.54e+00,1.56e-02,Very soluble,-2.13,1.67e+00,7.37e-03,Soluble,-2.16,1.57e+00,6.90e-03,Soluble,High,Yes,No,No,No,No,No,No,-6.83,0,0,0,0,0,0.55,0,1,1,3.95
Molecule 35,C=CC(=O)NC1CCOc2c1cccc2,C12H13NO2,203.24,15,6,0.25,3,2,1,57.54,38.33,2.17,1.76,1.49,1.36,2.17,1.79,-2.31,1.00e+00,4.93e-03,Soluble,-2.18,1.34e+00,6.57e-03,Soluble,-3.19,1.32e-01,6.47e-04,Soluble,High,Yes,No,Yes,No,No,No,No,-6.29,0,0,0,0,0,0.55,0,1,1,2.48
Molecule 36,C=CC(=O)NC1CS(=O)(=O)Cc2c1cccc2,C12H13NO3S,251.3,17,6,0.25,3,3,1,64.98,71.62,1.27,0.61,1.56,0.89,1.46,1.16,-1.85,3.59e+00,1.43e-02,Very soluble,-1.69,5.15e+00,2.05e-02,Very soluble,-3.37,1.06e-01,4.23e-04,Soluble,High,Yes,No,No,No,No,No,No,-7.4,0,0,0,0,0,0.55,0,1,0,3.2
Molecule 37,C=CC(=O)Nc1ccc(cc1)C1CC1,C12H13NO,187.24,14,6,0.25,4,1,1,57.55,29.1,2.24,2.6,2.43,2.24,2.78,2.46,-2.69,3.81e-01,2.03e-03,Soluble,-2.86,2.58e-01,1.38e-03,Soluble,-3.44,6.74e-02,3.60e-04,Soluble,High,Yes,No,Yes,Yes,No,No,No,-5.6,0,0,0,0,1,0.55,0,1,1,1.37
Molecule 38,C=CC(=O)Nc1ccc2c(c1)COC2,C11H11NO2,189.21,14,6,0.18,3,2,1,53.99,38.33,1.94,0.91,1.35,1.08,2.33,1.52,-1.71,3.73e+00,1.97e-02,Very soluble,-1.3,9.47e+00,5.01e-02,Very soluble,-3.14,1.38e-01,7.29e-04,Soluble,High,Yes,No,Yes,No,No,No,No,-6.81,0,0,0,0,1,0.55,0,1,1,1.81
Molecule 39,C=CC(=O)Nc1ccc2c(c1)CCC(=O)N2CC1CC1,C16H18N2O2,270.33,20,6,0.38,5,2,1,82.4,49.41,2.54,1.76,1.87,2.14,2.76,2.21,-2.52,8.22e-01,3.04e-03,Soluble,-2.42,1.04e+00,3.84e-03,Soluble,-3.9,3.37e-02,1.25e-04,Soluble,High,Yes,Yes,Yes,Yes,No,No,No,-6.7,0,0,0,0,0,0.55,0,1,0,2.25
Molecule 40,C=CC(=O)Nc1ccc2c(c1)oc(n2)N1CCOCC1,C14H15N3O3,273.29,20,9,0.29,4,4,1,78.38,67.6,2.44,1.61,1.22,0.86,1.72,1.57,-2.62,6.59e-01,2.41e-03,Soluble,-2.64,6.24e-01,2.28e-03,Soluble,-3.55,7.76e-02,2.84e-04,Soluble,High,Yes,No,Yes,No,No,No,No,-6.82,0,0,0,0,0,0.55,0,1,0,2.99
Molecule 41,C=CC(=O)Nc1ccc2c(c1)CC(=O)N2,C11H10N2O2,202.21,15,6,0.09,3,2,2,60.38,58.2,1.45,0.54,0.54,0.82,1.7,1.01,-1.53,5.94e+00,2.94e-02,Very soluble,-1.33,9.38e+00,4.64e-02,Very soluble,-3.34,9.22e-02,4.56e-04,Soluble,High,No,No,Yes,No,No,No,No,-7.15,0,0,0,0,0,0.55,0,1,1,1.77
Molecule 42,C=CC(=O)Nc1ccc2c(n1)OCCO2,C10H10N2O3,206.2,15,6,0.2,3,4,1,53.75,60.45,1.23,1,0.79,0.46,1.46,0.99,-1.85,2.94e+00,1.42e-02,Very soluble,-1.86,2.86e+00,1.39e-02,Very soluble,-2.51,6.37e-01,3.09e-03,Soluble,High,Yes,No,No,No,No,No,No,-6.85,0,0,0,0,0,0.55,0,1,1,2.77
Molecule 43,C=CC(=O)Nc1ccccc1C1CCC(=O)N1,C13H14N2O2,230.26,17,6,0.23,4,2,2,69.28,58.2,1.87,0.9,0.87,1.11,2.04,1.36,-1.83,3.39e+00,1.47e-02,Very soluble,-1.71,4.52e+00,1.96e-02,Very soluble,-3.67,4.92e-02,2.14e-04,Soluble,High,Yes,No,No,No,No,No,No,-7.07,0,0,0,0,0,0.55,0,1,1,2.37
Molecule 44,C=CC(=O)NCC(=O)Nc1ccc2c(c1)OCCO2,C13H14N2O4,262.26,19,6,0.23,6,4,2,68.57,76.66,2.1,0.75,0.51,0,1.48,0.97,-1.78,4.39e+00,1.67e-02,Very soluble,-1.94,3.02e+00,1.15e-02,Very soluble,-3.28,1.36e-01,5.20e-04,Soluble,High,No,No,No,No,No,No,No,-7.37,0,0,0,0,0,0.55,0,1,0,2.5
Molecule 45,C=CC(=O)NCC1(CCCC1)N1CCSCC1,C13H22N2OS,254.39,17,0,0.77,5,2,1,77.34,57.64,2.55,1.68,1.27,1.64,2.58,1.94,-2.15,1.82e+00,7.15e-03,Soluble,-2.5,7.95e-01,3.13e-03,Soluble,-2.67,5.45e-01,2.14e-03,Soluble,High,Yes,No,No,No,No,No,No,-6.66,0,0,0,0,0,0.55,0,1,0,2.42
Molecule 46,C=CC(=O)NCC1(CCOCC1)c1ccccc1,C15H19NO2,245.32,18,6,0.4,5,2,1,71.25,38.33,2.49,2.23,2.04,1.89,3.27,2.38,-2.68,5.10e-01,2.08e-03,Soluble,-2.67,5.24e-01,2.14e-03,Soluble,-4.37,1.04e-02,4.25e-05,Moderately soluble,High,Yes,No,No,Yes,No,No,No,-6.21,0,0,0,0,0,0.55,0,1,1,1.92
Molecule 47,C=CC(=O)NCc1ccno1,C7H8N2O2,152.15,11,5,0.14,4,3,1,38.42,55.13,1.48,0.11,0.32,-0.43,0.93,0.48,-0.92,1.81e+01,1.19e-01,Very soluble,-0.82,2.29e+01,1.50e-01,Very soluble,-2.07,1.29e+00,8.45e-03,Soluble,High,No,No,No,No,No,No,No,-7.15,0,3,0,0,1,0.55,0,1,1,2.22
Molecule 48,C=CC(=O)NCc1nc2n(c1)cccc2,C11H11N3O,201.22,15,9,0.09,4,2,1,57.11,46.4,2.08,0.97,0.98,0.47,1.11,1.12,-1.88,2.66e+00,1.32e-02,Very soluble,-1.53,5.91e+00,2.94e-02,Very soluble,-2.94,2.30e-01,1.14e-03,Soluble,High,Yes,No,Yes,No,No,No,No,-6.84,0,0,0,0,0,0.55,0,1,1,2.03
Molecule 49,C=CC(=O)NCc1cnc(s1)N1CCOCC1,C11H15N3O2S,253.32,17,5,0.45,5,3,1,69.76,82.7,2.18,0.77,0.25,-0.15,2.3,1.07,-1.78,4.17e+00,1.65e-02,Very soluble,-2.09,2.07e+00,8.19e-03,Soluble,-2.34,1.17e+00,4.61e-03,Soluble,High,No,No,No,No,No,No,No,-7.3,0,0,0,0,0,0.55,0,1,0,3.07
Molecule 50,C=CC(=O)NCc1coc(n1)c1ccccc1,C13H12N2O2,228.25,17,11,0.08,5,3,1,63.85,55.13,2.39,1.74,1.99,0.99,2.64,1.95,-2.5,7.22e-01,3.16e-03,Soluble,-2.51,6.98e-01,3.06e-03,Soluble,-4.61,5.55e-03,2.43e-05,Moderately soluble,High,Yes,No,Yes,Yes,No,No,No,-6.46,0,0,0,0,0,0.55,0,1,1,2.63
Molecule 51,C=CC(=O)NCc1coc2c1cccc2,C12H11NO2,201.22,15,9,0.08,4,2,1,58.13,42.24,2.11,2.03,2.08,1.2,2.6,2,-2.55,5.72e-01,2.84e-03,Soluble,-2.54,5.74e-01,2.85e-03,Soluble,-4.14,1.45e-02,7.19e-05,Moderately soluble,High,Yes,No,Yes,Yes,No,No,No,-6.09,0,0,0,0,0,0.55,0,1,1,2.37
Molecule 52,C=CC(=O)NCc1[nH]cc(n1)c1cccc(c1)C#N,C14H12N4O,252.27,19,11,0.07,5,3,2,70.65,81.57,1.28,1.18,1.6,0.08,2.79,1.39,-2.25,1.43e+00,5.68e-03,Soluble,-2.49,8.19e-01,3.25e-03,Soluble,-4.7,5.09e-03,2.02e-05,Moderately soluble,High,No,No,Yes,No,No,No,No,-7,0,0,0,0,0,0.55,0,1,0,2.54
Molecule 53,C=CC(=O)NCc1nn(c2c1CCC2)c1ccccc1,C16H17N3O,267.33,20,11,0.25,5,2,1,78.1,46.92,2.79,2.32,2.01,2.16,2.9,2.44,-3.04,2.46e-01,9.20e-04,Soluble,-2.94,3.04e-01,1.14e-03,Soluble,-4.61,6.56e-03,2.45e-05,Moderately soluble,High,Yes,No,Yes,Yes,No,Yes,No,-6.28,0,0,0,0,0,0.55,0,1,0,2.83
Molecule 54,C=CC(=O)NCc1nnc(o1)C1CC1,C9H11N3O2,193.2,14,5,0.44,5,4,1,48.68,68.02,1.95,0.07,0.53,0.2,1.47,0.84,-1.02,1.86e+01,9.63e-02,Very soluble,-1.05,1.71e+01,8.87e-02,Very soluble,-2.32,9.25e-01,4.79e-03,Soluble,High,No,No,No,No,No,No,No,-7.43,0,0,0,0,1,0.55,0,1,1,2.78
Molecule 55,C=CC(=O)NCc1nnc2n1cccc2,C10H10N4O,202.21,15,9,0.1,4,3,1,54.9,59.29,1.55,0.91,0.38,0.57,0.58,0.8,-1.85,2.88e+00,1.42e-02,Very soluble,-1.74,3.67e+00,1.82e-02,Very soluble,-2.57,5.44e-01,2.69e-03,Soluble,High,No,No,No,No,No,No,No,-6.89,0,0,0,0,0,0.55,0,1,1,2.19
Molecule 56,C=CC(=O)NCc1nsc2c1cccc2,C11H10N2OS,218.27,15,9,0.09,4,2,1,61.53,70.23,2.08,2.06,1.95,0.92,3.31,2.06,-2.67,4.65e-01,2.13e-03,Soluble,-3.16,1.50e-01,6.86e-04,Soluble,-3.83,3.24e-02,1.49e-04,Soluble,High,Yes,No,Yes,Yes,No,No,No,-6.17,0,0,0,0,0,0.55,0,1,1,2.15
Molecule 57,C=CC(=O)NCC1CCCCS1,C9H15NOS,185.29,12,0,0.67,4,1,1,53.38,54.4,2.11,1.69,1.57,1.37,2.11,1.77,-1.79,3.01e+00,1.62e-02,Very soluble,-2.45,6.62e-01,3.57e-03,Soluble,-2,1.85e+00,1.00e-02,Soluble,High,Yes,No,No,No,No,No,No,-6.23,0,0,0,0,1,0.55,0,1,1,2.7
Molecule 58,C=CC(=O)NCC1CCSCC1,C9H15NOS,185.29,12,0,0.67,4,1,1,53.38,54.4,2.01,1.53,1.43,1.37,2.11,1.69,-1.69,3.79e+00,2.05e-02,Very soluble,-2.28,9.70e-01,5.23e-03,Soluble,-2,1.85e+00,1.00e-02,Soluble,High,Yes,No,No,No,No,No,No,-6.34,0,0,0,0,1,0.55,0,1,1,2.11
Molecule 59,C=CC(=O)NCC1CSc2c1cccc2,C12H13NOS,219.3,15,6,0.25,4,1,1,62.77,54.4,2.06,2.16,2.18,2.24,2.83,2.3,-2.59,5.60e-01,2.56e-03,Soluble,-2.94,2.55e-01,1.16e-03,Soluble,-3.69,4.51e-02,2.06e-04,Soluble,High,Yes,No,Yes,No,No,No,No,-6.1,0,0,0,0,0,0.55,0,1,1,2.91
Molecule 60,C=CC(=O)NCc1ccc(cc1)Cn1ccccc1=O,C16H16N2O2,268.31,20,12,0.12,6,2,1,78.37,51.1,2.53,1.59,1.55,1.78,2.74,2.04,-2.55,7.51e-01,2.80e-03,Soluble,-2.27,1.43e+00,5.32e-03,Soluble,-4.88,3.53e-03,1.32e-05,Moderately soluble,High,Yes,No,No,Yes,No,No,No,-6.81,0,0,0,0,0,0.55,0,1,0,1.93
Molecule 61,C=CC(=O)NCc1ccc(cc1)Cn1cccn1,C14H15N3O,241.29,18,11,0.14,6,2,1,69.89,46.92,2.11,1.48,1.58,1.39,2.1,1.73,-2.32,1.14e+00,4.74e-03,Soluble,-2.07,2.04e+00,8.47e-03,Soluble,-4.19,1.56e-02,6.46e-05,Moderately soluble,High,Yes,No,Yes,No,No,No,No,-6.72,0,0,0,0,0,0.55,0,1,1,1.81
Molecule 62,C=CC(=O)NCc1ccc2c(c1)CCS2(=O)=O,C12H13NO3S,251.3,17,6,0.25,4,3,1,64.3,71.62,1.42,0.9,1.75,1.16,1.99,1.44,-1.96,2.74e+00,1.09e-02,Very soluble,-1.99,2.58e+00,1.03e-02,Very soluble,-3.73,4.68e-02,1.86e-04,Soluble,High,Yes,No,Yes,No,No,No,No,-7.19,0,0,0,0,0,0.55,0,1,0,2.51
Molecule 63,C=CC(=O)NCc1ccc2c(c1)C(=O)NCC2,C13H14N2O2,230.26,17,6,0.23,4,2,2,68.12,58.2,1.93,0.94,0.24,1.11,2.32,1.31,-1.86,3.20e+00,1.39e-02,Very soluble,-1.75,4.11e+00,1.78e-02,Very soluble,-4.03,2.16e-02,9.40e-05,Moderately soluble,High,No,No,Yes,No,No,No,No,-7.04,0,0,0,0,0,0.55,0,1,1,1.92
Molecule 64,C=CC(=O)NCc1ccc2c(c1)OCO2,C11H11NO3,205.21,15,6,0.18,4,3,1,54.42,47.56,2.11,1.64,1.07,0.9,2.08,1.56,-2.18,1.36e+00,6.65e-03,Soluble,-2.25,1.15e+00,5.60e-03,Soluble,-3.01,2.02e-01,9.84e-04,Soluble,High,Yes,No,Yes,No,No,No,No,-6.39,0,0,0,0,0,0.55,0,1,1,1.97
Molecule 65,C=CC(=O)NCc1cccc(c1)c1cnco1,C13H12N2O2,228.25,17,11,0.08,5,3,1,63.85,55.13,2.3,1.7,1.99,0.72,2.64,1.87,-2.47,7.65e-01,3.35e-03,Soluble,-2.47,7.68e-01,3.36e-03,Soluble,-4.61,5.55e-03,2.43e-05,Moderately soluble,High,Yes,No,Yes,Yes,No,No,No,-6.49,0,0,0,0,0,0.55,0,1,1,2.35
Molecule 66,C=CC(=O)NCc1ccccc1,C10H11NO,161.2,12,6,0.1,4,1,1,48.36,29.1,1.98,1.54,1.34,1.79,2.05,1.74,-1.92,1.96e+00,1.21e-02,Very soluble,-1.76,2.80e+00,1.74e-02,Very soluble,-3.24,9.34e-02,5.79e-04,Soluble,High,Yes,No,Yes,No,No,No,No,-6.19,0,0,0,0,1,0.55,0,1,1,1.03
Molecule 67,C=CC(=O)NCc1cccnc1N1CCOCC1,C13H17N3O2,247.29,18,6,0.38,5,3,1,71.88,54.46,2.28,0.64,0.19,0.36,1.64,1.02,-1.69,5.01e+00,2.03e-02,Very soluble,-1.36,1.08e+01,4.38e-02,Very soluble,-3.07,2.11e-01,8.55e-04,Soluble,High,No,No,No,No,No,No,No,-7.35,0,0,0,0,0,0.55,0,1,1,2.34
Molecule 68,C=CC(=O)NCc1ccon1,C7H8N2O2,152.15,11,5,0.14,4,3,1,38.42,55.13,1.21,0.11,0.32,-0.43,0.93,0.43,-0.92,1.81e+01,1.19e-01,Very soluble,-0.82,2.29e+01,1.50e-01,Very soluble,-2.07,1.29e+00,8.45e-03,Soluble,High,No,No,No,No,No,No,No,-7.15,0,3,0,0,1,0.55,0,1,1,2.21
Molecule 69,C=CC(=O)NCCc1nc2c(s1)CCCC2,C12H16N2OS,236.33,16,5,0.5,5,2,1,66.27,70.23,2.41,2.23,1.87,1.14,4.02,2.33,-2.61,5.78e-01,2.45e-03,Soluble,-3.34,1.08e-01,4.57e-04,Soluble,-3.67,5.10e-02,2.16e-04,Soluble,High,Yes,No,Yes,Yes,No,No,No,-6.16,0,0,0,0,0,0.55,0,1,1,3.03
Molecule 70,C=CC(=O)NCCc1nnnn1c1ccccc1,C12H13N5O,243.26,18,11,0.17,6,4,1,65.88,72.7,2,1.42,0.51,1.51,1.02,1.29,-2.3,1.22e+00,5.02e-03,Soluble,-2.55,6.83e-01,2.81e-03,Soluble,-3.44,8.73e-02,3.59e-04,Soluble,High,No,No,No,No,No,No,No,-6.78,0,0,0,0,0,0.55,0,1,1,2.35
Molecule 71,C=CC(=O)NCCc1ccc2c(c1)COC2,C13H15NO2,217.26,16,6,0.31,5,2,1,62.07,38.33,2.34,1.31,1.26,1.37,3.06,1.87,-1.96,2.38e+00,1.10e-02,Very soluble,-1.72,4.18e+00,1.93e-02,Very soluble,-3.95,2.43e-02,1.12e-04,Soluble,High,Yes,No,Yes,No,No,No,No,-6.7,0,0,0,0,0,0.55,0,1,1,1.92
Molecule 72,C=CC(=O)Nc1ccc2c(c1)N(CCS2)C(=O)C,C13H14N2O2S,262.33,18,6,0.23,4,2,1,76.84,74.71,2.19,1.33,1.7,1.64,2.04,1.78,-2.29,1.35e+00,5.16e-03,Soluble,-2.5,8.29e-01,3.16e-03,Soluble,-3.18,1.73e-01,6.59e-04,Soluble,High,No,No,Yes,Yes,No,No,No,-6.96,0,0,0,0,0,0.55,0,1,0,2.82
Molecule 73,C=CC(=O)N1CCCC(C1)NC(=O)C,C10H16N2O2,196.25,14,0,0.6,4,2,1,57.61,49.41,1.81,0.18,-0.08,0.25,0.71,0.57,-0.91,2.44e+01,1.24e-01,Very soluble,-0.78,3.29e+01,1.68e-01,Very soluble,-1.16,1.35e+01,6.90e-02,Soluble,High,No,No,No,No,No,No,No,-7.37,0,0,0,0,1,0.55,0,1,1,2.25
Molecule 74,ClCC(=O)Nc1ccc(cc1)NC(=O)C,C10H11ClN2O2,226.66,15,6,0.2,5,2,2,59.86,58.2,1.19,0.81,1.44,1.3,1.51,1.25,-1.72,4.30e+00,1.90e-02,Very soluble,-1.61,5.51e+00,2.43e-02,Very soluble,-3.81,3.48e-02,1.53e-04,Soluble,High,Yes,No,No,No,No,No,No,-7.11,0,0,0,0,0,0.55,0,1,1,1.35
Molecule 75,ClCC(=O)Nc1onc(c1)C(C)(C)C,C9H13ClN2O2,216.66,14,5,0.56,4,3,1,54.88,55.13,1.38,2.21,1.96,1.29,1.98,1.76,-2.58,5.75e-01,2.66e-03,Soluble,-3,2.16e-01,9.95e-04,Soluble,-3.48,7.22e-02,3.33e-04,Soluble,High,Yes,No,Yes,No,No,No,No,-6.05,0,0,0,0,0,0.55,0,1,1,2.73
Molecule 76,C=CC(=O)NCc1cccc(n1)OC(C)(C)C,C13H18N2O2,234.29,17,6,0.38,6,3,1,67.1,51.22,2.57,1.88,1.91,1.19,2.39,1.99,-2.34,1.07e+00,4.55e-03,Soluble,-2.58,6.20e-01,2.64e-03,Soluble,-3.83,3.43e-02,1.47e-04,Soluble,High,Yes,No,Yes,No,No,No,No,-6.39,0,0,0,0,0,0.55,0,1,1,2.33
Molecule 77,C=CC(=O)N[C@@H]1CCC(=O)N[C@H]1C(C)(C)C,C12H20N2O2,224.3,16,0,0.67,4,2,2,66.87,58.2,1.93,1.37,0.6,0.83,1.45,1.24,-1.83,3.32e+00,1.48e-02,Very soluble,-2.2,1.43e+00,6.38e-03,Soluble,-2.41,8.69e-01,3.87e-03,Soluble,High,No,No,No,No,No,No,No,-6.7,0,0,0,0,0,0.55,0,1,1,2.89
Molecule 78,C=CC(=O)NC(c1onc(n1)C1CC1)C(C)C,C12H17N3O2,235.28,17,5,0.58,6,4,1,63.1,68.02,2.59,1.82,1.56,0.67,2.2,1.77,-2.27,1.27e+00,5.41e-03,Soluble,-2.87,3.19e-01,1.35e-03,Soluble,-2.79,3.81e-01,1.62e-03,Soluble,High,Yes,No,No,Yes,No,No,No,-6.44,0,0,0,0,0,0.55,0,1,1,3.74
Molecule 79,C=CC(=O)N1C2CCC1c1c(C2)nc(nc1)C(C)C,C15H19N3O,257.33,19,6,0.53,3,3,0,77.7,46.09,2.67,1.91,1.67,1.44,2.55,2.05,-2.67,5.45e-01,2.12e-03,Soluble,-2.5,8.12e-01,3.15e-03,Soluble,-3.13,1.90e-01,7.40e-04,Soluble,High,Yes,No,No,No,No,No,No,-6.51,0,0,0,0,0,0.55,0,1,0,3.9
Molecule 80,ClCC(=O)N(C1CC1)CC(C)C,C9H16ClNO,189.68,12,0,0.89,5,1,0,51.15,20.31,2.31,2.23,1.81,1.78,1.91,2.01,-2.09,1.54e+00,8.11e-03,Soluble,-2.29,9.69e-01,5.11e-03,Soluble,-2.02,1.83e+00,9.66e-03,Soluble,High,Yes,No,No,No,No,No,No,-5.87,0,0,0,0,1,0.55,0,1,1,1.6
Molecule 81,ClCC(=O)N=c1cc[nH]n1CC(C)C,C9H14ClN3O,215.68,14,5,0.56,4,2,1,55.7,50.15,2.24,1.93,1.14,1.34,2.32,1.79,-2.39,8.72e-01,4.04e-03,Soluble,-2.61,5.33e-01,2.47e-03,Soluble,-2.67,4.65e-01,2.16e-03,Soluble,High,Yes,No,Yes,No,No,No,No,-6.25,0,0,0,0,0,0.55,0,1,1,2.77
Molecule 82,ClCC(=O)Nc1ccnn1C(C)C,C8H12ClN3O,201.65,13,5,0.5,4,2,1,52.21,46.92,1.4,1.07,1.45,0.98,0.86,1.15,-1.78,3.31e+00,1.64e-02,Very soluble,-1.65,4.55e+00,2.25e-02,Very soluble,-2.26,1.11e+00,5.51e-03,Soluble,High,Yes,No,No,No,No,No,No,-6.77,0,0,0,0,0,0.55,0,1,1,2.06
Molecule 83,C=CC(=O)N[C@H](C(=O)N1CCCC1)C(C)C,C12H20N2O2,224.3,16,0,0.67,6,2,1,67.22,49.41,2.57,1.51,0.55,0.83,1.51,1.39,-1.79,3.67e+00,1.64e-02,Very soluble,-2.16,1.57e+00,6.99e-03,Soluble,-1.6,5.63e+00,2.51e-02,Soluble,High,Yes,No,No,No,No,No,No,-6.6,0,0,0,0,0,0.55,0,1,1,2.51
Molecule 84,C=CC(=O)NC(Cc1cc(nn1c1ccccc1)C)C,C16H19N3O,269.34,20,11,0.25,6,2,1,80.06,46.92,2.88,2.93,2.41,2.16,2.82,2.64,-3.37,1.16e-01,4.30e-04,Soluble,-3.58,7.13e-02,2.65e-04,Soluble,-4.6,6.73e-03,2.50e-05,Moderately soluble,High,Yes,No,Yes,Yes,Yes,No,No,-5.86,0,0,0,0,0,0.55,0,1,0,2.97
Molecule 85,C=CC(=O)NC(CCc1ccc2c(c1)OCO2)C,C14H17NO3,247.29,18,6,0.36,6,3,1,68.84,47.56,2.77,2.84,2.04,1.72,3.02,2.48,-3.01,2.40e-01,9.70e-04,Soluble,-3.5,7.87e-02,3.18e-04,Soluble,-3.85,3.51e-02,1.42e-04,Soluble,High,Yes,No,Yes,Yes,No,No,No,-5.79,0,0,0,0,0,0.55,0,1,1,2.67
Molecule 86,ClCC(=O)N(C(c1ccccc1)C)C,C11H14ClNO,211.69,14,6,0.36,4,1,0,58.53,20.31,2.17,2.24,2.12,2.45,2.33,2.26,-2.62,5.12e-01,2.42e-03,Soluble,-2.3,1.06e+00,4.99e-03,Soluble,-3.53,6.20e-02,2.93e-04,Soluble,High,Yes,No,Yes,No,No,No,No,-6,0,0,0,0,0,0.55,0,1,1,1.68
Molecule 87,CC(C(n1cncn1)C)NC(=O)C=C,C9H14N4O,194.23,14,5,0.44,5,3,1,52.65,59.81,1.43,0.68,0.53,0.2,0.23,0.61,-1.41,7.61e+00,3.92e-02,Very soluble,-1.51,5.96e+00,3.07e-02,Very soluble,-1.36,8.50e+00,4.38e-02,Soluble,High,No,No,No,No,No,No,No,-7,0,0,0,0,1,0.55,0,1,1,2.77
Molecule 88,C=CC(=O)NC(c1cc2c(o1)c(F)ccc2)C,C13H12FNO2,233.24,17,9,0.15,4,3,1,62.89,42.24,2.45,2.57,3.03,1.87,3.22,2.63,-3.03,2.16e-01,9.27e-04,Soluble,-3.11,1.83e-01,7.85e-04,Soluble,-4.46,8.16e-03,3.50e-05,Moderately soluble,High,Yes,No,Yes,Yes,No,No,No,-5.9,0,0,0,0,0,0.55,0,1,1,2.81
Molecule 89,C=CC(=O)NC(c1onc(n1)Cc1ccccc1)C,C14H15N3O2,257.29,19,11,0.21,6,4,1,70.47,68.02,2.64,2.24,1.7,0.97,2.67,2.04,-2.88,3.40e-01,1.32e-03,Soluble,-3.3,1.28e-01,4.97e-04,Soluble,-4.67,5.45e-03,2.12e-05,Moderately soluble,High,Yes,No,No,Yes,No,No,No,-6.28,0,0,0,0,0,0.55,0,1,0,3.41
Molecule 90,C=CC(=O)NC(c1cccc(c1)N1CCCC1)C,C15H20N2O,244.33,18,6,0.4,5,1,1,77.81,32.34,2.47,2.64,1.94,2.15,2.76,2.39,-2.93,2.84e-01,1.16e-03,Soluble,-2.97,2.62e-01,1.07e-03,Soluble,-3.73,4.54e-02,1.86e-04,Soluble,High,Yes,No,No,Yes,No,No,No,-5.92,0,0,0,0,0,0.55,0,1,1,2.29
Molecule 91,ClCC(=O)NC(c1cccs1)C,C8H10ClNOS,203.69,12,5,0.38,4,1,1,51.5,57.34,1.86,1.77,1.84,1.23,3.04,1.95,-2.26,1.11e+00,5.47e-03,Soluble,-2.59,5.21e-01,2.56e-03,Soluble,-3.13,1.51e-01,7.43e-04,Soluble,High,Yes,No,Yes,No,No,No,No,-6.29,0,0,0,0,0,0.55,0,1,1,2.47
Molecule 92,ClCC(=O)NC(c1cccc(c1)Cl)C,C10H11Cl2NO,232.11,14,6,0.3,4,1,1,58.64,29.1,2.09,2.69,2.43,2.72,3.06,2.6,-3.03,2.18e-01,9.40e-04,Soluble,-2.95,2.58e-01,1.11e-03,Soluble,-4.48,7.74e-03,3.33e-05,Moderately soluble,High,Yes,No,Yes,No,No,No,No,-5.81,0,0,0,0,0,0.55,0,1,1,1.89
Molecule 93,ClCC(=O)NC(c1cccc2c1cccc2)C,C14H14ClNO,247.72,17,10,0.21,4,1,1,71.13,29.1,2.26,3.31,2.93,3.03,3.57,3.02,-3.63,5.77e-02,2.33e-04,Soluble,-3.6,6.26e-02,2.53e-04,Soluble,-5.54,7.23e-04,2.92e-06,Moderately soluble,High,Yes,No,No,No,No,Yes,No,-5.46,0,0,0,0,0,0.55,0,1,1,1.82
Molecule 94,C=CC(=O)Nc1ccc2c(c1)CCC(O2)(C)C,C14H17NO2,231.29,17,6,0.36,3,2,1,68.89,38.33,2.55,2.67,2.72,2.17,3.15,2.65,-3.02,2.21e-01,9.57e-04,Soluble,-3.13,1.73e-01,7.47e-04,Soluble,-4.18,1.51e-02,6.53e-05,Moderately soluble,High,Yes,No,Yes,Yes,No,No,No,-5.82,0,0,0,0,0,0.55,0,1,1,2.24
Molecule 95,C=CC(=O)NC1C(=O)NCC1(C)C,C9H14N2O2,182.22,13,0,0.56,3,2,2,52.45,58.2,1.43,0.47,-0.57,-0.05,0.85,0.43,-1.07,1.56e+01,8.55e-02,Very soluble,-1.26,9.99e+00,5.48e-02,Very soluble,-1.91,2.25e+00,1.23e-02,Soluble,High,No,No,No,No,No,No,No,-7.08,0,1,0,0,1,0.55,0,1,1,2.34
Molecule 96,C=CC(=O)N1CC(=O)NCC1(C)C,C9H14N2O2,182.22,13,0,0.56,2,2,1,56.75,49.41,1.66,0.05,-0.85,-0.05,0.82,0.33,-0.87,2.46e+01,1.35e-01,Very soluble,-0.64,4.17e+01,2.29e-01,Very soluble,-1.42,6.86e+00,3.77e-02,Soluble,High,No,No,No,No,No,No,No,-7.38,0,1,0,0,1,0.55,0,1,1,1.83
Molecule 97,C=CC(=O)N1CCC(C1)(C)C(=O)N,C9H14N2O2,182.22,13,0,0.56,3,2,1,52.45,63.4,1.41,-0.31,-0.48,-0.05,0.47,0.21,-0.58,4.83e+01,2.65e-01,Very soluble,-0.56,5.01e+01,2.75e-01,Very soluble,-0.69,3.75e+01,2.06e-01,Soluble,High,No,No,No,No,No,No,No,-7.63,0,1,0,0,1,0.55,0,1,1,2.31
Molecule 98,ClCC(=O)NC1(C)CCS(=O)(=O)C1,C7H12ClNO3S,225.69,13,0,0.86,3,3,1,50.45,71.62,0.7,-0.08,1,0.04,0.94,0.52,-0.99,2.30e+01,1.02e-01,Very soluble,-0.97,2.41e+01,1.07e-01,Very soluble,-2.32,1.08e+00,4.80e-03,Soluble,High,No,No,No,No,No,No,No,-7.73,0,0,0,0,0,0.55,0,1,1,2.94
Molecule 99,ClCC(=O)Nc1n(Cc2ccco2)c(c(c1C#N)C)C,C14H14ClN3O2,291.73,20,10,0.29,5,3,1,76.2,70.96,1.84,2.52,2.6,0.72,2.85,2.1,-3.28,1.54e-01,5.29e-04,Soluble,-3.66,6.44e-02,2.21e-04,Soluble,-4.79,4.70e-03,1.61e-05,Moderately soluble,High,Yes,No,Yes,Yes,No,No,No,-6.29,0,0,0,0,0,0.55,0,1,0,2.95
Molecule 100,ClCC(=O)Nc1c(C)n(n(c1=O)c1ccccc1)C,C13H14ClN3O2,279.72,19,11,0.23,4,2,1,75.37,56.03,1.67,0.1,1.47,1.91,1.61,1.35,-1.8,4.42e+00,1.58e-02,Very soluble,-0.83,4.12e+01,1.47e-01,Very soluble,-3.8,4.41e-02,1.58e-04,Soluble,High,Yes,No,No,No,No,No,No,-7.94,0,0,0,0,0,0.55,0,1,0,2.48
Molecule 101,Cc1cc(no1)NC(=O)CCl,C6H7ClN2O2,174.58,11,5,0.33,3,3,1,40.58,55.13,0.69,0.9,0.97,-0.07,1.3,0.76,-1.63,4.11e+00,2.36e-02,Very soluble,-1.64,3.97e+00,2.28e-02,Very soluble,-2.64,3.97e-01,2.28e-03,Soluble,High,Yes,No,No,No,No,No,No,-6.73,0,1,0,0,1,0.55,0,1,1,2.39
Molecule 102,C=CC(=O)NC1(CCOCC1)c1scc(n1)C,C12H16N2O2S,252.33,17,5,0.5,4,3,1,67.08,79.46,2.38,1.29,1.65,0.29,3.49,1.82,-2.17,1.70e+00,6.75e-03,Soluble,-2.56,6.97e-01,2.76e-03,Soluble,-3.25,1.42e-01,5.62e-04,Soluble,High,No,No,Yes,Yes,No,No,No,-6.92,0,0,0,0,0,0.55,0,1,0,2.93
Molecule 103,ClCC(=O)Nc1cccc(c1)c1csc(n1)C,C12H11ClN2OS,266.75,17,11,0.17,4,2,1,71.62,70.23,1.96,2.81,3.11,1.51,4.18,2.71,-3.48,8.85e-02,3.32e-04,Soluble,-3.94,3.05e-02,1.14e-04,Soluble,-5.22,1.60e-03,6.01e-06,Moderately soluble,High,Yes,No,Yes,Yes,Yes,No,No,-5.93,0,0,0,0,0,0.55,0,1,0,2.33
Molecule 104,C=CC(=O)NCCc1csc(n1)C,C9H12N2OS,196.27,13,5,0.33,5,2,1,53.8,70.23,2.16,1.55,1.3,0.26,3,1.65,-1.99,2.02e+00,1.03e-02,Very soluble,-2.63,4.55e-01,2.32e-03,Soluble,-2.94,2.24e-01,1.14e-03,Soluble,High,No,No,Yes,No,No,No,No,-6.4,0,0,0,0,1,0.55,0,1,1,2.31
Molecule 105,ClCC(=O)N1CCN(CC1)Cc1csc(n1)C,C11H16ClN3OS,273.78,17,5,0.64,4,3,0,77.39,64.68,2.51,1.12,0.42,0.37,2.83,1.45,-2.2,1.74e+00,6.36e-03,Soluble,-2.07,2.32e+00,8.48e-03,Soluble,-2.84,3.98e-01,1.46e-03,Soluble,High,No,No,No,Yes,No,No,No,-7.17,0,0,0,0,0,0.55,0,1,0,2.69
Molecule 106,ClCC(=O)Nc1cc(C)ccc1c1nnc([nH]1)C,C12H13ClN4O,264.71,18,11,0.25,4,3,2,70.86,70.67,1.69,1.7,2.08,1.72,3.02,2.04,-2.74,4.81e-01,1.82e-03,Soluble,-2.8,4.20e-01,1.59e-03,Soluble,-5.18,1.76e-03,6.64e-06,Moderately soluble,High,Yes,No,Yes,No,No,No,No,-6.71,0,0,0,0,0,0.55,0,1,0,2.34
Molecule 107,Cc1nnc(s1)NC(=O)CCl,C5H6ClN3OS,191.64,11,5,0.4,3,3,1,43.98,83.12,0.62,0.9,0.83,-0.02,2.14,0.89,-1.73,3.54e+00,1.85e-02,Very soluble,-2.23,1.13e+00,5.88e-03,Soluble,-2.33,8.90e-01,4.65e-03,Soluble,High,No,No,No,No,No,No,No,-6.83,0,1,0,0,1,0.55,0,1,1,2.85
Molecule 108,ClCC(=O)NCc1c(C)noc1C,C8H11ClN2O2,202.64,13,5,0.5,4,3,1,48.81,55.13,1.68,0.9,0.99,0.31,2.08,1.19,-1.68,4.20e+00,2.07e-02,Very soluble,-1.64,4.61e+00,2.28e-02,Very soluble,-3.44,7.27e-02,3.59e-04,Soluble,High,Yes,No,No,No,No,No,No,-6.9,0,0,0,0,0,0.55,0,1,1,2.56
Molecule 109,ClCC(=O)N1C(C)Cc2c1cccc2,C11H12ClNO,209.67,14,6,0.36,2,1,0,61.05,20.31,2.08,2.37,1.82,2.33,2.45,2.21,-2.82,3.19e-01,1.52e-03,Soluble,-2.44,7.66e-01,3.66e-03,Soluble,-3.42,8.03e-02,3.83e-04,Soluble,High,Yes,No,Yes,No,No,No,No,-5.9,0,0,0,0,0,0.55,0,1,1,2.2
Molecule 110,ClCC(=O)NC1CCCCC1C,C9H16ClNO,189.68,12,0,0.89,3,1,1,51.06,29.1,1.98,3.04,1.92,1.78,2.03,2.15,-2.73,3.51e-01,1.85e-03,Soluble,-3.32,9.14e-02,4.82e-04,Soluble,-2.5,6.04e-01,3.18e-03,Soluble,High,Yes,No,No,No,No,No,No,-5.3,0,0,0,0,1,0.55,0,1,1,2.35
Molecule 111,ClCC(=O)N1CCCCC1C,C8H14ClNO,175.66,11,0,0.88,2,1,0,50.26,20.31,2.02,1.62,1.25,1.48,1.75,1.62,-1.82,2.67e+00,1.52e-02,Very soluble,-1.66,3.85e+00,2.19e-02,Very soluble,-1.73,3.29e+00,1.87e-02,Soluble,High,Yes,No,No,No,No,No,No,-6.22,0,0,0,0,1,0.55,0,1,1,1.9
Molecule 112,ClCC(=O)N1CC(C)OC(C1)C,C8H14ClNO2,191.66,12,0,0.88,2,2,0,51.35,29.54,2.06,0.84,0.48,0.6,1.22,1.04,-1.43,7.20e+00,3.75e-02,Very soluble,-1.04,1.74e+01,9.05e-02,Very soluble,-1.35,8.52e+00,4.45e-02,Soluble,High,No,No,No,No,No,No,No,-6.87,0,0,0,0,1,0.55,0,1,1,2.58
Molecule 113,ClCC(=O)Nc1ccc(cc1)N1CC(C)OC(C1)C,C14H19ClN2O2,282.77,19,6,0.5,4,2,1,80.89,41.57,2.28,2.34,1.91,1.66,2.13,2.06,-3.04,2.60e-01,9.18e-04,Soluble,-2.85,3.97e-01,1.40e-03,Soluble,-3.91,3.45e-02,1.22e-04,Soluble,High,Yes,No,No,No,No,Yes,No,-6.36,0,0,0,0,0,0.55,1,1,0,2.72
Molecule 114,ClCC(=O)Nc1ccc(cc1C)Cl,C9H9Cl2NO,218.08,13,6,0.22,3,1,1,55.53,29.1,1.99,2.59,2.63,2.71,3,2.58,-2.97,2.35e-01,1.08e-03,Soluble,-2.85,3.08e-01,1.41e-03,Soluble,-4.43,8.12e-03,3.72e-05,Moderately soluble,High,Yes,No,Yes,No,No,No,No,-5.79,0,0,0,0,0,0.55,0,1,1,1.42
Molecule 115,C=CC(=O)NC1CCCN(C1)c1ccc(cc1C)F,C15H19FN2O,262.32,19,6,0.4,4,2,1,77.76,32.34,2.64,2.97,2.44,2.55,2.94,2.71,-3.31,1.29e-01,4.93e-04,Soluble,-3.31,1.28e-01,4.87e-04,Soluble,-4.01,2.58e-02,9.84e-05,Moderately soluble,High,Yes,No,No,No,No,No,No,-5.79,0,0,0,0,0,0.55,0,1,0,2.53
Molecule 116,Cn1nc(cc1NC(=O)CCl)C,C7H10ClN3O,187.63,12,5,0.43,3,2,1,47.56,46.92,1.1,0.76,0.71,0.26,0.83,0.73,-1.59,4.80e+00,2.56e-02,Very soluble,-1.33,8.87e+00,4.73e-02,Very soluble,-2.21,1.16e+00,6.21e-03,Soluble,High,Yes,No,No,No,No,No,No,-6.9,0,0,0,0,1,0.55,0,1,1,1.94
Molecule 117,ClCC(=O)Nc1cc(nn1c1ccccc1)C,C12H12ClN3O,249.7,17,11,0.17,4,2,1,67.64,46.92,1.97,2.42,2.17,1.74,2.01,2.06,-3.13,1.86e-01,7.46e-04,Soluble,-3.05,2.24e-01,8.96e-04,Soluble,-4.34,1.14e-02,4.56e-05,Moderately soluble,High,Yes,No,Yes,Yes,No,No,No,-6.1,0,0,0,0,0,0.55,0,1,1,2.19
Molecule 118,ClCC(=O)N(c1ccc(cc1)C)C1C=CS(=O)(=O)C1,C13H14ClNO3S,299.77,19,6,0.31,4,3,0,76.22,62.83,1.93,1.68,2.96,1.7,1.63,1.98,-2.73,5.62e-01,1.88e-03,Soluble,-2.61,7.29e-01,2.43e-03,Soluble,-3.42,1.15e-01,3.85e-04,Soluble,High,Yes,No,No,Yes,No,No,No,-6.94,0,0,0,0,0,0.55,0,1,0,3.52
Molecule 119,ClCC(=O)NS(=O)(=O)c1ccc(cc1)C,C9H10ClNO3S,247.7,15,6,0.22,4,3,1,57.11,71.62,1.44,1.74,2.12,1.06,1.24,1.52,-2.5,7.76e-01,3.13e-03,Soluble,-2.86,3.41e-01,1.38e-03,Soluble,-3.74,4.54e-02,1.83e-04,Soluble,High,Yes,No,Yes,No,No,No,No,-6.58,0,0,0,0,0,0.55,0,1,1,2.21
Molecule 120,N#CCCN(c1ccc(c(c1)C)C)C(=O)CCl,C13H15ClN2O,250.72,17,6,0.38,5,2,0,69.75,44.1,2.29,2.32,2.79,2.29,3.07,2.55,-2.79,4.09e-01,1.63e-03,Soluble,-2.88,3.27e-01,1.30e-03,Soluble,-4.38,1.05e-02,4.18e-05,Moderately soluble,High,Yes,No,Yes,Yes,No,No,No,-6.18,0,0,0,0,0,0.55,0,1,0,1.83
Molecule 121,Cc1ccc(cc1NC(=O)CCl)C,C10H12ClNO,197.66,13,6,0.3,3,1,1,55.48,29.1,1.99,2.09,2.29,2.44,2.84,2.33,-2.53,5.89e-01,2.98e-03,Soluble,-2.33,9.22e-01,4.67e-03,Soluble,-4.2,1.26e-02,6.35e-05,Moderately soluble,High,Yes,No,Yes,No,No,No,No,-6.02,0,0,0,0,1,0.55,0,1,1,1.45
Molecule 122,C=CC(=O)Nc1ccc(c(c1)F)C,C10H10FNO,179.19,13,6,0.1,3,2,1,50.01,29.1,1.97,2.75,2.49,2.48,2.61,2.46,-2.83,2.67e-01,1.49e-03,Soluble,-3.02,1.73e-01,9.64e-04,Soluble,-3.51,5.55e-02,3.10e-04,Soluble,High,Yes,No,Yes,No,No,No,No,-5.44,0,0,0,0,1,0.55,0,1,1,1.45
Molecule 123,ClCC(=O)Nc1c(C)cccc1C,C10H12ClNO,197.66,13,6,0.3,3,1,1,55.48,29.1,1.85,1.94,2.29,2.44,2.84,2.27,-2.43,7.32e-01,3.70e-03,Soluble,-2.18,1.32e+00,6.68e-03,Soluble,-4.2,1.26e-02,6.35e-05,Moderately soluble,High,Yes,No,Yes,No,No,No,No,-6.13,0,0,0,0,1,0.55,0,1,1,1.36
Molecule 124,C=CC(=O)N[C@@H]1C[C@H](C1)c1cccc(c1)C,C14H17NO,215.29,16,6,0.36,4,1,1,65.63,29.1,2.6,2.8,2.54,2.51,3.12,2.72,-2.95,2.40e-01,1.12e-03,Soluble,-3.07,1.84e-01,8.55e-04,Soluble,-3.89,2.80e-02,1.30e-04,Soluble,High,Yes,No,No,Yes,No,No,No,-5.63,0,0,0,0,0,0.55,0,1,1,2.26
Molecule 125,N#CCCN(c1cccc(c1C)C)C(=O)CCl,C13H15ClN2O,250.72,17,6,0.38,5,2,0,69.75,44.1,2.24,2.32,2.79,2.29,3.07,2.54,-2.79,4.09e-01,1.63e-03,Soluble,-2.88,3.27e-01,1.30e-03,Soluble,-4.38,1.05e-02,4.18e-05,Moderately soluble,High,Yes,No,Yes,Yes,No,No,No,-6.18,0,0,0,0,0,0.55,0,1,0,1.93
Molecule 126,ClCC(=O)Nc1cccc(c1)C,C9H10ClNO,183.63,12,6,0.22,3,1,1,50.52,29.1,1.6,2.3,1.98,2.15,2.35,2.07,-2.6,4.62e-01,2.51e-03,Soluble,-2.55,5.19e-01,2.82e-03,Soluble,-3.81,2.87e-02,1.56e-04,Soluble,High,Yes,No,Yes,No,No,No,No,-5.79,0,0,0,0,1,0.55,0,1,1,1.23
Molecule 127,Cc1c(NC(=O)CCl)cccc1C,C10H12ClNO,197.66,13,6,0.3,3,1,1,55.48,29.1,1.93,1.97,2.29,2.44,2.84,2.29,-2.45,7.01e-01,3.55e-03,Soluble,-2.21,1.23e+00,6.21e-03,Soluble,-4.2,1.26e-02,6.35e-05,Moderately soluble,High,Yes,No,Yes,No,No,No,No,-6.11,0,0,0,0,1,0.55,0,1,1,1.46
Molecule 128,C=CC(=O)NCCc1oc2c(n1)c(C)ccc2,C13H14N2O2,230.26,17,9,0.23,5,3,1,65.7,55.13,2.52,2.33,1.98,1.29,2.93,2.21,-2.8,3.67e-01,1.59e-03,Soluble,-3.13,1.72e-01,7.47e-04,Soluble,-4.57,6.27e-03,2.72e-05,Moderately soluble,High,Yes,No,Yes,Yes,No,No,No,-6.05,0,0,0,0,0,0.55,0,1,1,2.59
Molecule 129,C=CC(=O)N[C@@H]1C[C@H](C1)c1ccccc1C,C14H17NO,215.29,16,6,0.36,4,1,1,65.63,29.1,2.49,2.8,2.54,2.51,3.12,2.69,-2.95,2.40e-01,1.12e-03,Soluble,-3.07,1.84e-01,8.55e-04,Soluble,-3.89,2.80e-02,1.30e-04,Soluble,High,Yes,No,No,No,No,No,No,-5.63,0,0,0,0,0,0.55,0,1,1,2.36
Molecule 130,Cc1cnc(cn1)CCNC(=O)C=C,C10H13N3O,191.23,14,6,0.3,5,3,1,53.72,54.88,1.67,0.09,0.63,-0.33,1.86,0.78,-1.07,1.63e+01,8.52e-02,Very soluble,-0.8,3.05e+01,1.60e-01,Very soluble,-3.3,9.63e-02,5.04e-04,Soluble,High,Yes,No,No,No,No,No,No,-7.4,0,0,0,0,1,0.55,0,1,1,2.14
Molecule 131,C=CC(=O)NCc1nc(C)c2c(n1)cccc2,C13H13N3O,227.26,17,10,0.15,4,3,1,66.42,54.88,2.33,1.68,1.59,0.99,2.63,1.84,-2.48,7.55e-01,3.32e-03,Soluble,-2.45,8.12e-01,3.57e-03,Soluble,-4.57,6.06e-03,2.67e-05,Moderately soluble,High,Yes,No,Yes,No,No,No,No,-6.49,0,0,0,0,0,0.55,0,1,1,1.92
Molecule 132,ClCC(=O)Nc1sc(c(n1)C)C,C7H9ClN2OS,204.68,12,5,0.43,3,2,1,51.15,70.23,1.21,1.89,1.75,0.71,2.99,1.71,-2.41,7.96e-01,3.89e-03,Soluble,-2.99,2.11e-01,1.03e-03,Soluble,-3.1,1.64e-01,8.02e-04,Soluble,High,Yes,No,Yes,No,No,No,No,-6.21,0,0,0,0,0,0.55,0,1,1,2.6
Molecule 133,C=CC(=O)N1CCC(CC1)c1sc(c(n1)C)C,C13H18N2OS,250.36,17,5,0.54,3,2,0,75.08,61.44,2.83,2.42,2.27,1.41,3.9,2.57,-2.94,2.90e-01,1.16e-03,Soluble,-3.35,1.11e-01,4.44e-04,Soluble,-2.96,2.73e-01,1.09e-03,Soluble,High,Yes,No,Yes,Yes,No,No,No,-6.11,0,0,0,0,0,0.55,0,1,0,2.82
Molecule 134,C=CC(=O)NC1CCc2n(C1)nc(n2)C,C10H14N4O,206.24,15,5,0.5,3,3,1,55.66,59.81,1.55,0.74,0.2,0.1,0.68,0.66,-1.63,4.80e+00,2.32e-02,Very soluble,-1.58,5.49e+00,2.66e-02,Very soluble,-1.76,3.62e+00,1.75e-02,Soluble,High,No,No,No,No,No,No,No,-7.03,0,0,0,0,0,0.55,0,1,1,3.14
Molecule 135,ClCC(=O)Nc1oc(c2c1c(=O)[nH]nc2C)C,C10H10ClN3O3,255.66,17,9,0.3,3,4,2,63.67,87.99,1.4,1.17,1.12,0.72,2.49,1.38,-2.36,1.13e+00,4.41e-03,Soluble,-2.61,6.23e-01,2.44e-03,Soluble,-4.25,1.44e-02,5.64e-05,Moderately soluble,High,No,No,Yes,No,No,No,No,-7.03,0,0,0,0,0,0.55,0,1,0,2.85
Molecule 136,CCC(c1ccc(cc1)Cl)NC(=O)CCl,C11H13Cl2NO,246.13,15,6,0.36,5,1,1,63.44,29.1,2.25,3.21,2.82,2.99,3.43,2.94,-3.35,1.09e-01,4.42e-04,Soluble,-3.49,7.90e-02,3.21e-04,Soluble,-4.88,3.24e-03,1.32e-05,Moderately soluble,High,Yes,No,Yes,No,No,Yes,No,-5.52,0,0,0,0,0,0.55,0,1,1,1.9
Molecule 137,CCc1cnc(s1)N1CCN(CC1)C(=O)C=C,C12H17N3OS,251.35,17,5,0.5,4,2,0,77.49,64.68,2.7,2.1,0.78,0.96,2.67,1.84,-2.68,5.31e-01,2.11e-03,Soluble,-3.09,2.05e-01,8.15e-04,Soluble,-2.27,1.36e+00,5.40e-03,Soluble,High,No,No,Yes,Yes,No,No,No,-6.34,0,0,0,0,0,0.55,0,1,0,3.02
Molecule 138,C=CC(=O)NC1(CCCC1)c1noc(n1)CC,C12H17N3O2,235.28,17,5,0.58,5,4,1,62.98,68.02,2.45,1.77,1.6,0.67,2.43,1.78,-2.3,1.18e+00,4.99e-03,Soluble,-2.82,3.59e-01,1.53e-03,Soluble,-3.49,7.63e-02,3.24e-04,Soluble,High,Yes,No,Yes,No,No,No,No,-6.48,0,0,0,0,0,0.55,0,1,1,3.13
Molecule 139,CCC1N(CCc2c1ccs2)C(=O)CCl,C11H14ClNOS,243.75,15,5,0.55,3,1,0,67.98,48.55,2.38,2.52,2.12,2.1,3.7,2.56,-2.99,2.51e-01,1.03e-03,Soluble,-3.19,1.59e-01,6.52e-04,Soluble,-3.37,1.04e-01,4.27e-04,Soluble,High,Yes,No,No,Yes,No,No,No,-6,0,0,0,0,0,0.55,0,1,1,3.09
Molecule 140,CCCn1[nH]ccc1=NC(=O)CCl,C8H12ClN3O,201.65,13,5,0.5,4,2,1,50.89,50.15,2,1.49,0.89,1.03,2.14,1.51,-2.05,1.80e+00,8.92e-03,Soluble,-2.15,1.43e+00,7.07e-03,Soluble,-2.63,4.69e-01,2.33e-03,Soluble,High,Yes,No,Yes,No,No,No,No,-6.47,0,0,0,0,0,0.55,0,1,1,2.67
Molecule 141,CCN(C(=O)CCl)C1CCCCC1,C10H18ClNO,203.71,13,0,0.9,4,1,0,55.96,20.31,2.39,2.52,2.41,2.07,2.23,2.32,-2.43,7.63e-01,3.74e-03,Soluble,-2.59,5.20e-01,2.55e-03,Soluble,-2.42,7.74e-01,3.80e-03,Soluble,High,Yes,No,No,No,No,No,No,-5.75,0,0,0,0,0,0.55,0,1,1,1.68
Molecule 142,CCN(C1CCS(=O)(=O)C1)C(=O)CCl,C8H14ClNO3S,239.72,14,0,0.88,4,3,0,55.31,62.83,1.22,0.28,1.34,0.36,0.73,0.78,-1.24,1.38e+01,5.77e-02,Very soluble,-1.16,1.65e+01,6.90e-02,Very soluble,-1.79,3.90e+00,1.63e-02,Soluble,High,Yes,No,No,No,No,No,No,-7.56,0,0,0,0,0,0.55,0,1,1,3.03
Molecule 143,CCN(C(=O)CCl)Cc1ccc(cc1F)C#N,C12H12ClFN2O,254.69,17,6,0.33,5,3,0,63.2,44.1,2.37,2.02,2.55,2.16,3,2.42,-2.62,6.07e-01,2.38e-03,Soluble,-2.57,6.80e-01,2.67e-03,Soluble,-4.27,1.37e-02,5.37e-05,Moderately soluble,High,Yes,No,Yes,Yes,No,No,No,-6.42,0,0,0,0,0,0.55,0,1,0,2.02
Molecule 144,C=CC(=O)N1CC(C1)S(=O)(=O)CC,C8H13NO3S,203.26,13,0,0.62,4,3,0,53.96,62.83,1.37,-0.1,0.52,-0.05,0.25,0.4,-0.77,3.43e+01,1.69e-01,Very soluble,-0.77,3.48e+01,1.71e-01,Very soluble,-0.93,2.37e+01,1.16e-01,Soluble,High,No,No,Yes,No,No,No,No,-7.61,0,0,0,0,0,0.55,0,1,1,2.26
Molecule 145,ClCC(=O)N(c1nc2c(s1)cccc2)C,C10H9ClN2OS,240.71,15,9,0.2,3,2,0,63.63,61.44,2.39,3.43,2.5,1.53,3.03,2.58,-3.74,4.39e-02,1.82e-04,Soluble,-4.4,9.57e-03,3.97e-05,Moderately soluble,-3.67,5.15e-02,2.14e-04,Soluble,High,Yes,No,Yes,Yes,Yes,No,No,-5.33,0,0,0,0,0,0.55,0,1,1,2.44
Molecule 146,ClCC(=O)NCc1ccc(cc1)C(=O)N(C)C,C12H15ClN2O2,254.71,17,6,0.33,6,2,1,66.72,49.41,1.78,1.12,1.09,1.58,1.82,1.48,-1.99,2.61e+00,1.02e-02,Very soluble,-1.75,4.52e+00,1.77e-02,Very soluble,-3.89,3.30e-02,1.30e-04,Soluble,High,Yes,No,Yes,No,No,No,No,-7.06,0,0,0,0,0,0.55,0,1,0,1.47
Molecule 147,ClCC(=O)Nc1ccc(cc1)C(=O)N(C)C,C11H13ClN2O2,240.69,16,6,0.27,5,2,1,63.45,49.41,1.71,1.18,1.37,1.58,1.44,1.45,-2.02,2.28e+00,9.48e-03,Soluble,-1.81,3.70e+00,1.54e-02,Very soluble,-3.48,7.88e-02,3.27e-04,Soluble,High,Yes,No,Yes,No,No,No,No,-6.93,0,0,0,0,0,0.55,0,1,1,1.41
Molecule 148,ClCC(=O)NCC1(CCCCC1)N(C)C,C11H21ClN2O,232.75,15,0,0.91,5,2,1,63.61,32.34,2.34,1.83,1.61,1.47,1.95,1.84,-2.11,1.82e+00,7.84e-03,Soluble,-2.13,1.73e+00,7.42e-03,Soluble,-3.08,1.94e-01,8.32e-04,Soluble,High,Yes,No,No,No,No,No,No,-6.42,0,0,0,0,0,0.55,0,1,1,2.08
Molecule 149,C=CC(=O)N1CCc2c(C1)cc(nn2)N(C)C,C12H16N4O,232.28,17,6,0.42,3,3,0,69.82,49.33,2.06,0.26,0.08,0.9,1.02,0.86,-1.51,7.23e+00,3.11e-02,Very soluble,-0.86,3.23e+01,1.39e-01,Very soluble,-2.33,1.08e+00,4.66e-03,Soluble,High,No,No,No,No,No,No,No,-7.53,0,0,0,0,0,0.55,0,1,1,2.56
Molecule 150,C=CC(=O)Nc1cc(ccc1Cl)S(=O)(=O)N(C)C,C11H13ClN2O3S,288.75,18,6,0.18,5,4,1,70.89,74.86,2,1.3,2.6,1.26,0.91,1.62,-2.37,1.24e+00,4.31e-03,Soluble,-2.47,9.73e-01,3.37e-03,Soluble,-3.49,9.34e-02,3.24e-04,Soluble,High,Yes,No,No,No,No,No,No,-7.14,0,0,0,0,0,0.55,0,1,0,2.5
Molecule 151,ClCC(=O)NCc1ccccc1S(=O)(=O)N(C)C,C11H15ClN2O3S,290.77,18,6,0.36,6,4,1,69.62,74.86,1.36,0.81,1.72,0.8,0.79,1.1,-2,2.88e+00,9.91e-03,Soluble,-1.96,3.16e+00,1.09e-02,Very soluble,-3.85,4.08e-02,1.40e-04,Soluble,High,No,No,No,No,No,No,No,-7.5,0,0,0,0,0,0.55,0,1,0,2.35
Molecule 152,C=CC(=O)N1C[C@H]([C@@H](C1)S(=O)(=O)N(C)C)C(F)(F)F,C10H15F3N2O3S,300.3,19,0,0.7,5,7,0,66.66,66.07,2.05,0.81,2.41,0.17,0.1,1.11,-1.88,3.94e+00,1.31e-02,Very soluble,-1.78,4.99e+00,1.66e-02,Very soluble,-1.17,2.03e+01,6.75e-02,Soluble,High,Yes,No,No,No,No,No,No,-7.56,0,0,0,0,0,0.55,0,1,0,3.75
Molecule 153,ClCC(=O)N(C1CCCCC1)C,C9H16ClNO,189.68,12,0,0.89,3,1,0,51.15,20.31,2.22,2.16,2.02,1.78,1.87,2.01,-2.18,1.26e+00,6.62e-03,Soluble,-2.22,1.15e+00,6.04e-03,Soluble,-2.01,1.85e+00,9.73e-03,Soluble,High,Yes,No,No,No,No,No,No,-5.92,0,0,0,0,1,0.55,0,1,1,1.58
Molecule 154,CN(C(=O)CCl)Cc1ccc(o1)C,C9H12ClNO2,201.65,13,5,0.44,4,2,0,50.95,33.45,2.14,1.34,1.63,0.65,2,1.55,-1.96,2.24e+00,1.11e-02,Very soluble,-1.64,4.58e+00,2.27e-02,Very soluble,-3.1,1.60e-01,7.93e-04,Soluble,High,Yes,No,Yes,No,No,No,No,-6.58,0,0,0,0,0,0.55,0,1,1,2.24
Molecule 155,ClCC(=O)N(Cc1ccccc1C)C,C11H14ClNO,211.69,14,6,0.36,4,1,0,58.69,20.31,2.16,2.2,2.04,2.45,2.63,2.3,-2.59,5.42e-01,2.56e-03,Soluble,-2.26,1.16e+00,5.49e-03,Soluble,-3.89,2.73e-02,1.29e-04,Soluble,High,Yes,No,Yes,No,No,No,No,-6.03,0,0,0,0,0,0.55,0,1,1,1.36
Molecule 156,ClCC(=O)Nc1ccc2c(c1)C(=O)N(C2=O)C,C11H9ClN2O3,252.65,17,6,0.18,3,3,1,65.83,66.48,1.14,0.7,0.52,0.95,1.48,0.96,-1.91,3.10e+00,1.23e-02,Very soluble,-1.67,5.36e+00,2.12e-02,Very soluble,-3.48,8.44e-02,3.34e-04,Soluble,High,No,No,Yes,No,No,No,No,-7.34,0,0,0,0,0,0.55,0,2,0,1.79
Molecule 157,C=CC(=O)NCCc1nc2c(n1C)cc(cc2)F,C13H14FN3O,247.27,18,9,0.23,5,3,1,67.67,46.92,2.04,1.74,1.98,1.7,2.44,1.98,-2.51,7.65e-01,3.10e-03,Soluble,-2.34,1.12e+00,4.55e-03,Soluble,-4.01,2.39e-02,9.68e-05,Moderately soluble,High,Yes,No,No,No,No,No,No,-6.57,0,0,0,0,0,0.55,0,1,1,2.22
Molecule 158,C=CC(=O)NCC1c2ccccc2C(=O)N1C,C13H14N2O2,230.26,17,6,0.23,4,2,1,68.06,49.41,1.77,0.89,0.41,1.11,1.57,1.15,-1.83,3.44e+00,1.49e-02,Very soluble,-1.51,7.08e+00,3.07e-02,Very soluble,-3.19,1.49e-01,6.47e-04,Soluble,High,No,No,No,No,No,No,No,-7.07,0,0,0,0,0,0.55,0,1,1,2.4
Molecule 159,C=CC(=O)N1CC(=O)N(C1c1ccccc1)C,C13H14N2O2,230.26,17,6,0.23,3,2,0,71.68,40.62,2.17,1.24,0.09,1.11,1.23,1.17,-2.11,1.78e+00,7.73e-03,Soluble,-1.69,4.69e+00,2.04e-02,Very soluble,-2.35,1.03e+00,4.49e-03,Soluble,High,No,No,No,No,No,No,No,-6.82,0,0,0,0,0,0.55,0,1,1,2.37
Molecule 160,C=CC(=O)N1CCN(C2(C1)COCC2)C,C11H18N2O2,210.27,15,0,0.73,2,3,0,65.23,32.78,2.36,-0.01,-0.66,0.24,0.94,0.57,-1.01,2.08e+01,9.88e-02,Very soluble,-0.23,1.24e+02,5.90e-01,Very soluble,-1.01,2.05e+01,9.77e-02,Soluble,High,No,No,No,No,No,No,No,-7.59,0,1,0,0,0,0.55,0,1,1,3.14
Molecule 161,C=CC(=O)NC[C@@H]1OCCN([C@H]1c1ccccc1)C,C15H20N2O2,260.33,19,6,0.4,5,3,1,78.17,41.57,2.61,1.48,0.66,1.03,1.86,1.53,-2.29,1.33e+00,5.13e-03,Soluble,-1.96,2.85e+00,1.10e-02,Very soluble,-3.36,1.13e-01,4.33e-04,Soluble,High,Yes,No,No,No,No,No,No,-6.84,0,0,0,0,0,0.55,0,1,0,2.96
Molecule 162,C=CC(=O)NCc1nn(c2c1cccc2)C,C12H13N3O,215.25,16,9,0.17,4,2,1,62.91,46.92,2,1.31,1.22,1.16,1.64,1.47,-2.15,1.52e+00,7.05e-03,Soluble,-1.9,2.74e+00,1.27e-02,Very soluble,-3.33,1.00e-01,4.67e-04,Soluble,High,Yes,No,Yes,No,No,No,No,-6.68,0,0,0,0,0,0.55,0,1,1,1.92
Molecule 163,C=CC(=O)NCc1n(C)nc2c1CCCC2,C12H17N3O,219.28,16,5,0.5,4,2,1,62.84,46.92,2.14,1.2,0.95,1.1,1.99,1.47,-1.92,2.62e+00,1.19e-02,Very soluble,-1.78,3.62e+00,1.65e-02,Very soluble,-2.77,3.77e-01,1.72e-03,Soluble,High,Yes,No,No,No,No,No,No,-6.79,0,0,0,0,0,0.55,0,1,1,2.65
Molecule 164,C=CC(=O)NCc1c(cnn1C)C1CC1,C11H15N3O,205.26,15,5,0.45,5,2,1,57.87,46.92,1.83,0.88,0.88,0.82,1.55,1.19,-1.58,5.35e+00,2.61e-02,Very soluble,-1.45,7.29e+00,3.55e-02,Very soluble,-2.25,1.14e+00,5.57e-03,Soluble,High,Yes,No,No,No,No,No,No,-6.93,0,0,0,0,0,0.55,0,1,1,2.25
Molecule 165,C=CC(=O)Nc1cnn(c1C(F)F)C,C8H9F2N3O,201.17,14,5,0.25,4,4,1,47.2,46.92,1.32,0.66,1.81,0.76,1.1,1.13,-1.5,6.31e+00,3.14e-02,Very soluble,-1.22,1.21e+01,6.01e-02,Very soluble,-1.86,2.80e+00,1.39e-02,Soluble,High,Yes,No,No,No,No,No,No,-7.06,0,0,0,0,0,0.55,0,1,1,2.17
Molecule 166,C=CC(=O)N1Cc2c(C1)cnn2C,C9H11N3O,177.2,13,5,0.33,2,2,0,52.26,38.13,1.69,-0.27,-0.24,0.22,0.66,0.41,-0.92,2.12e+01,1.20e-01,Very soluble,-0.07,1.50e+02,8.48e-01,Very soluble,-1.08,1.48e+01,8.38e-02,Soluble,High,No,No,No,No,No,No,No,-7.57,0,0,0,0,1,0.55,0,1,1,2.05
Molecule 167,C=CC(=O)N[C@@H]1CC(=O)N([C@H]1c1ccnn1C)C,C12H16N4O2,248.28,18,5,0.42,4,3,1,69.53,67.23,1.61,-0.72,-0.71,-0.22,-0.01,-0.01,-0.87,3.37e+01,1.36e-01,Very soluble,-0.22,1.51e+02,6.08e-01,Very soluble,-1.51,7.67e+00,3.09e-02,Soluble,High,No,No,No,No,No,No,No,-8.33,0,1,0,0,0,0.55,0,1,1,3.21
Molecule 168,CNC(=O)C1CCN(CC1)C(=O)CCl,C9H15ClN2O2,218.68,14,0,0.78,4,2,1,58.07,49.41,1.78,0.12,-0.17,0.35,0.88,0.59,-1.01,2.15e+01,9.83e-02,Very soluble,-0.71,4.23e+01,1.93e-01,Very soluble,-1.74,3.99e+00,1.82e-02,Soluble,High,No,No,No,No,No,No,No,-7.55,0,0,0,0,0,0.55,0,1,1,1.7
Molecule 169,C=CC(=O)N1CCCC(C1)n1ccc(n1)C(=O)NC,C13H18N4O2,262.31,19,5,0.46,5,3,1,74.56,67.23,1.92,0.39,0.21,0.32,0.37,0.64,-1.58,6.95e+00,2.65e-02,Very soluble,-1.37,1.12e+01,4.29e-02,Very soluble,-1.69,5.37e+00,2.05e-02,Soluble,High,No,No,No,No,No,No,No,-7.62,0,0,0,0,0,0.55,0,1,0,2.95
Molecule 170,ClCC(=O)Nc1cnn(c1)CC(=O)NC,C8H11ClN4O2,230.65,15,5,0.38,6,3,2,55.21,76.02,0.74,-0.52,-0.38,-0.75,-0.12,-0.21,-0.79,3.71e+01,1.61e-01,Very soluble,-0.61,5.69e+01,2.47e-01,Very soluble,-2.23,1.36e+00,5.87e-03,Soluble,High,No,No,No,No,No,No,No,-8.08,0,0,0,0,0,0.55,0,1,1,2.32
Molecule 171,ClCC(=O)N1N=C(CC1c1ccc(cc1)OC)c1cccs1,C16H15ClN2O2S,334.82,22,11,0.25,5,3,0,96.2,70.14,3.04,3.31,2.59,2.41,4.7,3.21,-4.04,3.05e-02,9.10e-05,Moderately soluble,-4.46,1.16e-02,3.48e-05,Moderately soluble,-5.22,2.02e-03,6.03e-06,Moderately soluble,High,Yes,No,Yes,Yes,Yes,No,Yes,-5.99,0,0,0,0,0,0.55,0,1,0,3.5
Molecule 172,C=CC(=O)Nc1ccc2c(c1)sc(n2)OC,C11H10N2O2S,234.27,16,9,0.09,4,3,1,64.76,79.46,2.33,2.86,2.24,1.28,2.98,2.34,-3.25,1.33e-01,5.67e-04,Soluble,-4.19,1.52e-02,6.49e-05,Moderately soluble,-3.55,6.59e-02,2.81e-04,Soluble,High,No,No,Yes,Yes,Yes,No,No,-5.7,0,0,0,0,0,0.55,0,1,1,2.63
Molecule 173,ClCC(=O)Nc1cc(C)c(cc1OC)Cl,C10H11Cl2NO2,248.11,15,6,0.3,4,2,1,62.02,38.33,2.4,2.68,2.64,2.38,3.06,2.63,-3.1,1.98e-01,7.97e-04,Soluble,-3.14,1.81e-01,7.29e-04,Soluble,-4.55,6.91e-03,2.79e-05,Moderately soluble,High,Yes,No,Yes,No,No,No,No,-5.91,0,0,0,0,0,0.55,0,1,1,1.77
Molecule 174,C=CC(=O)Nc1ccc(c(c1)OC)N1CCCC1=O,C14H16N2O3,260.29,19,6,0.29,5,3,1,76.42,58.64,2.08,1.08,1.37,1.08,1.92,1.51,-2.04,2.39e+00,9.16e-03,Soluble,-1.9,3.25e+00,1.25e-02,Very soluble,-3.31,1.28e-01,4.91e-04,Soluble,High,Yes,No,No,No,No,No,No,-7.12,0,0,0,0,0,0.55,0,1,0,2.1
Molecule 175,ClCC(=O)Nc1scc(n1)c1ccc(cc1)OC,C12H11ClN2O2S,282.75,18,11,0.17,5,3,1,73.15,79.46,1.77,2.72,2.81,0.93,3.71,2.39,-3.43,1.05e-01,3.73e-04,Soluble,-4.04,2.56e-02,9.07e-05,Moderately soluble,-4.96,3.12e-03,1.10e-05,Moderately soluble,High,No,No,Yes,Yes,Yes,No,No,-6.09,0,0,0,0,0,0.55,0,1,0,2.54
Molecule 176,C=CC(=O)NC1(CCOCC1)c1ccc(c(c1)F)OC,C15H18FNO3,279.31,20,6,0.4,5,4,1,72.89,47.56,2.53,1.89,2.45,1.7,3.36,2.39,-2.65,6.19e-01,2.22e-03,Soluble,-2.51,8.61e-01,3.08e-03,Soluble,-4.37,1.20e-02,4.31e-05,Moderately soluble,High,Yes,No,No,No,No,No,No,-6.66,0,0,0,0,0,0.55,0,1,0,2.21
Molecule 177,C=CC(=O)N[C@@H]1CCO[C@H]1c1ccc(nc1)OC,C13H16N2O3,248.28,18,6,0.38,5,4,1,66.04,60.45,1.97,0.94,0.9,0.36,1.74,1.18,-1.89,3.21e+00,1.29e-02,Very soluble,-1.8,3.97e+00,1.60e-02,Very soluble,-2.99,2.52e-01,1.02e-03,Soluble,High,Yes,No,No,No,No,No,No,-7.15,0,0,0,0,0,0.55,0,1,1,3.12
Molecule 178,ClCC(=O)N1CCCC1c1ccc(cc1OC)OC,C14H18ClNO3,283.75,19,6,0.5,5,3,0,78.12,38.77,2.75,2.3,1.9,1.66,2.78,2.28,-2.95,3.17e-01,1.12e-03,Soluble,-2.75,5.02e-01,1.77e-03,Soluble,-3.83,4.17e-02,1.47e-04,Soluble,High,Yes,No,No,Yes,No,Yes,No,-6.4,0,0,0,0,0,0.55,0,1,0,2.53
Molecule 179,ClCC(=O)N(Cc1ccc(cc1)OC)C,C11H14ClNO2,227.69,15,6,0.36,5,2,0,60.21,29.54,2.31,1.81,1.74,1.84,2.19,1.98,-2.36,9.99e-01,4.39e-03,Soluble,-2.05,2.03e+00,8.92e-03,Soluble,-3.63,5.34e-02,2.34e-04,Soluble,High,Yes,No,Yes,No,No,No,No,-6.4,0,0,0,0,0,0.55,0,1,1,1.36
Molecule 180,ClCC(=O)Nc1cc(Cl)ccc1OC,C9H9Cl2NO2,234.08,14,6,0.22,4,2,1,57.05,38.33,2.15,3.02,2.34,2.09,2.56,2.43,-3.25,1.33e-01,5.66e-04,Soluble,-3.49,7.57e-02,3.24e-04,Soluble,-4.17,1.58e-02,6.76e-05,Moderately soluble,High,Yes,No,Yes,No,No,No,No,-5.58,0,0,0,0,0,0.55,0,1,1,1.66
Molecule 181,C=CC(=O)Nc1ccc(nc1)OC,C9H10N2O2,178.19,13,6,0.11,4,3,1,49.37,51.22,1.83,0.92,1.02,0.31,1.21,1.06,-1.6,4.46e+00,2.50e-02,Very soluble,-1.58,4.67e+00,2.62e-02,Very soluble,-2.6,4.51e-01,2.53e-03,Soluble,High,Yes,No,No,No,No,No,No,-6.73,0,0,0,0,1,0.55,0,1,1,2.09
Molecule 182,ClCC(=O)Nc1ccc(c(c1)OC)OC,C10H12ClNO3,229.66,15,6,0.3,5,3,1,58.53,47.56,1.81,1.98,1.69,1.24,1.95,1.73,-2.48,7.65e-01,3.33e-03,Soluble,-2.6,5.71e-01,2.49e-03,Soluble,-3.68,4.78e-02,2.08e-04,Soluble,High,Yes,No,Yes,No,No,No,No,-6.3,0,0,0,0,0,0.55,0,1,1,1.79
Molecule 183,C=CC(=O)N1CCCc2c(C1)ccc(c2)OC,C14H17NO2,231.29,17,6,0.36,3,2,0,71.32,29.54,2.58,2.17,1.62,1.9,2.76,2.21,-2.7,4.57e-01,1.98e-03,Soluble,-2.42,8.73e-01,3.77e-03,Soluble,-3.37,9.80e-02,4.24e-04,Soluble,High,Yes,No,No,Yes,No,No,No,-6.17,0,0,0,0,0,0.55,0,1,1,2.12
Molecule 184,ClCC(=O)Nc1nc2c(s1)cc(cc2)OC,C10H9ClN2O2S,256.71,16,9,0.2,4,3,1,65.22,79.46,1.6,2.48,2.29,1.36,3.15,2.18,-3.15,1.83e-01,7.14e-04,Soluble,-3.79,4.13e-02,1.61e-04,Soluble,-4.12,1.93e-02,7.53e-05,Moderately soluble,High,No,No,Yes,Yes,No,No,No,-6.11,0,0,0,0,0,0.55,0,1,0,2.46
Molecule 185,C=CC(=O)NC(c1oc2c(c1C)cc(cc2)OC)C,C15H17NO3,259.3,19,9,0.27,5,3,1,74.39,51.47,3.02,2.8,2.79,1.41,3.37,2.68,-3.23,1.52e-01,5.86e-04,Soluble,-3.54,7.52e-02,2.90e-04,Soluble,-4.69,5.32e-03,2.05e-05,Moderately soluble,High,Yes,No,Yes,Yes,Yes,No,No,-5.89,0,0,0,0,0,0.55,0,1,0,3.1
Molecule 186,ClCC(=O)N1CCCC1c1cccc(c1)OC,C13H16ClNO2,253.72,17,6,0.46,4,2,0,71.63,29.54,2.48,2.33,1.89,1.98,2.74,2.28,-2.88,3.36e-01,1.32e-03,Soluble,-2.59,6.53e-01,2.57e-03,Soluble,-3.71,4.90e-02,1.93e-04,Soluble,High,Yes,No,No,Yes,No,No,No,-6.19,0,0,0,0,0,0.55,0,1,0,2.21
Molecule 187,ClCC(=O)N(Cc1cccc(c1)OC)C,C11H14ClNO2,227.69,15,6,0.36,5,2,0,60.21,29.54,2.28,1.81,1.74,1.84,2.19,1.97,-2.36,9.99e-01,4.39e-03,Soluble,-2.05,2.03e+00,8.92e-03,Soluble,-3.63,5.34e-02,2.34e-04,Soluble,High,Yes,No,Yes,No,No,No,No,-6.4,0,0,0,0,0,0.55,0,1,1,1.44
Molecule 188,C=CC(=O)N1CCc2c(CC1)cccc2OC,C14H17NO2,231.29,17,6,0.36,3,2,0,71.32,29.54,2.58,2.28,1.43,1.9,2.76,2.19,-2.77,3.90e-01,1.68e-03,Soluble,-2.54,6.71e-01,2.90e-03,Soluble,-3.37,9.80e-02,4.24e-04,Soluble,High,Yes,No,No,Yes,No,No,No,-6.09,0,0,0,0,0,0.55,0,1,1,2.1
Molecule 189,C=CC(=O)N1CCCCc2c1cccc2OC,C14H17NO2,231.29,17,6,0.36,3,2,0,71.88,29.54,2.63,2.59,2.17,2.17,2.76,2.46,-2.97,2.48e-01,1.07e-03,Soluble,-2.86,3.20e-01,1.38e-03,Soluble,-3.37,9.80e-02,4.24e-04,Soluble,High,Yes,No,Yes,Yes,No,No,No,-5.87,0,0,0,0,0,0.55,0,1,1,2.33
Molecule 190,ClCC(=O)NC(c1ccccc1OC)C,C11H14ClNO2,227.69,15,6,0.36,5,2,1,60.12,38.33,2.11,2.03,1.79,1.84,2.46,2.05,-2.5,7.26e-01,3.19e-03,Soluble,-2.46,7.85e-01,3.45e-03,Soluble,-3.99,2.34e-02,1.03e-04,Soluble,High,Yes,No,Yes,No,No,No,No,-6.25,0,0,0,0,0,0.55,0,1,1,1.96
Molecule 191,COCC1(COCC1)NC(=O)C=C,C9H15NO3,185.22,13,0,0.67,5,3,1,48,47.56,2.04,-0.15,0.09,-0.36,1.29,0.58,-0.56,5.06e+01,2.73e-01,Very soluble,-0.39,7.47e+01,4.03e-01,Very soluble,-1.7,3.71e+00,2.00e-02,Soluble,High,No,No,No,No,No,No,No,-7.54,0,0,0,0,1,0.55,0,1,1,2.64
Molecule 192,COCn1ncc(c1)NC(=O)C=C,C8H11N3O2,181.19,13,5,0.25,5,3,1,48.03,56.15,1.65,-0.12,0.27,-0.25,0.06,0.32,-0.84,2.60e+01,1.44e-01,Very soluble,-0.61,4.49e+01,2.48e-01,Very soluble,-1.39,7.42e+00,4.09e-02,Soluble,High,No,No,No,No,No,No,No,-7.49,0,0,0,0,1,0.55,0,1,1,2.39
Molecule 193,C=CC(=O)N1CC(C1)S(=O)(=O)C,C7H11NO3S,189.23,12,0,0.57,3,3,0,49.15,62.83,1.09,-0.47,0.13,-0.39,-0.1,0.05,-0.52,5.73e+01,3.03e-01,Very soluble,-0.38,7.84e+01,4.14e-01,Very soluble,-0.53,5.64e+01,2.98e-01,Soluble,High,No,No,Yes,No,No,No,No,-7.79,0,0,0,0,1,0.55,0,1,1,2.13
Molecule 194,C=CC(=O)NC1(COCC1)c1ccc(cc1)S(=O)(=O)C,C14H17NO4S,295.35,20,6,0.36,5,4,1,74.73,80.85,1.75,0.7,1.98,0.87,1.99,1.46,-2,2.93e+00,9.90e-03,Soluble,-1.98,3.13e+00,1.06e-02,Very soluble,-3.99,3.05e-02,1.03e-04,Soluble,High,No,No,No,No,No,No,No,-7.6,0,0,0,0,0,0.55,0,1,0,2.76
Molecule 195,ClCC(=O)Nc1ccc(cc1)S(=O)(=O)C,C9H10ClNO3S,247.7,15,6,0.22,4,3,1,58.64,71.62,0.95,1.2,2.16,1.33,1.24,1.37,-2.16,1.70e+00,6.86e-03,Soluble,-2.3,1.24e+00,5.01e-03,Soluble,-3.74,4.54e-02,1.83e-04,Soluble,High,Yes,No,No,No,No,No,No,-6.96,0,0,0,0,0,0.55,0,1,1,1.74
Molecule 196,C=CC(=O)N1CCCc2c1cc(cc2)S(=O)(=O)C,C13H15NO3S,265.33,18,6,0.31,3,3,0,73.68,62.83,1.84,1.5,2.26,1.7,1.8,1.82,-2.48,8.81e-01,3.32e-03,Soluble,-2.43,9.92e-01,3.74e-03,Soluble,-3.27,1.42e-01,5.33e-04,Soluble,High,Yes,No,No,No,No,No,No,-6.85,0,0,0,0,0,0.55,0,1,0,2.33
Molecule 197,ClCC(=O)N1CCN(CC1)Cc1ccccc1.Cl,C13H18Cl2N2O,289.2,18,6,0.46,4,2,0,83.72,23.55,0,2.45,1.46,1.97,2.23,1.62,-3.16,2.00e-01,6.93e-04,Soluble,-2.59,7.47e-01,2.58e-03,Soluble,-3.56,8.00e-02,2.77e-04,Soluble,High,Yes,Yes,No,No,No,No,No,-6.32,0,0,0,0,0,0.55,0,1,0,1.75
Molecule 198,ClCC(=O)NCCN1CCc2c1cccc2.Cl,C12H16Cl2N2O,275.17,17,6,0.42,5,1,1,75.62,32.34,0,2.82,1.83,1.98,2.31,1.79,-3.25,1.53e-01,5.57e-04,Soluble,-3.16,1.92e-01,6.97e-04,Soluble,-4.12,2.08e-02,7.55e-05,Moderately soluble,High,Yes,No,No,No,No,No,No,-5.98,0,0,0,0,0,0.55,0,1,0,1.93
Molecule 199,C=CC(=O)NCC1(CC1)c1ccc(cc1)Cl,C13H14ClNO,235.71,16,6,0.31,5,1,1,65.56,29.1,2.67,3,2.61,2.78,3.75,2.96,-3.14,1.71e-01,7.26e-04,Soluble,-3.28,1.25e-01,5.30e-04,Soluble,-4.69,4.81e-03,2.04e-05,Moderately soluble,High,Yes,No,Yes,Yes,No,No,No,-5.61,0,0,0,0,0,0.55,0,1,1,1.6
Molecule 200,C=CC(=O)NCc1nnc(o1)c1ccc(cc1)Cl,C12H10ClN3O2,263.68,18,11,0.08,5,4,1,66.66,68.02,2.51,1.78,2.04,1.64,2.75,2.14,-2.72,5.04e-01,1.91e-03,Soluble,-2.83,3.93e-01,1.49e-03,Soluble,-4.85,3.70e-03,1.40e-05,Moderately soluble,High,Yes,No,Yes,Yes,No,No,No,-6.64,0,0,0,0,0,0.55,0,1,0,2.59
Molecule 201,C=CC(=O)N1CCCC(C1)Oc1ccc(cn1)Cl,C13H15ClN2O2,266.72,18,6,0.38,4,3,0,73.81,42.43,2.63,2.43,1.91,1.72,2.44,2.22,-3.01,2.62e-01,9.83e-04,Soluble,-2.96,2.90e-01,1.09e-03,Soluble,-3.27,1.43e-01,5.35e-04,Soluble,High,Yes,No,Yes,Yes,No,No,No,-6.2,0,0,0,0,0,0.55,0,1,0,2.76
Molecule 202,Clc1cccc2c1OCC2NC(=O)C=C,C11H10ClNO2,223.66,15,6,0.18,3,2,1,57.74,38.33,2.27,2.03,1.75,1.63,2.55,2.05,-2.6,5.57e-01,2.49e-03,Soluble,-2.46,7.71e-01,3.45e-03,Soluble,-3.53,6.63e-02,2.96e-04,Soluble,High,Yes,No,Yes,No,No,No,No,-6.22,0,0,0,0,0,0.55,0,1,1,2.53
Molecule 203,C=CC(=O)N1Cc2c(C1)cccc2Cl,C11H10ClNO,207.66,14,6,0.18,2,1,0,60.23,20.31,2.36,2.01,1.68,2.24,2.86,2.23,-2.58,5.48e-01,2.64e-03,Soluble,-2.06,1.79e+00,8.64e-03,Soluble,-3.3,1.04e-01,4.99e-04,Soluble,High,Yes,No,Yes,No,No,No,No,-6.14,0,0,0,0,0,0.55,0,1,1,1.79
Molecule 204,C=CC(=O)N1CCC(CC1)n1ncc(c1)Cl,C11H14ClN3O,239.7,16,5,0.45,3,2,0,66.57,38.13,2.3,1.4,1.51,1.37,1.39,1.59,-2.24,1.37e+00,5.74e-03,Soluble,-1.8,3.76e+00,1.57e-02,Very soluble,-1.92,2.88e+00,1.20e-02,Soluble,High,Yes,No,Yes,Yes,No,No,No,-6.77,0,0,0,0,0,0.55,0,1,1,1.98
Molecule 205,C=CC(=O)NCCc1cnc2n(c1)ncc2Cl,C11H11ClN4O,250.68,17,9,0.18,5,3,1,64.72,59.29,1.86,1.12,1.23,1.27,1.59,1.41,-2.16,1.73e+00,6.89e-03,Soluble,-1.96,2.76e+00,1.10e-02,Very soluble,-3.59,6.43e-02,2.56e-04,Soluble,High,Yes,No,Yes,No,No,No,No,-7.03,0,0,0,0,0,0.55,0,1,0,2.2
Molecule 206,ClCC(=O)N(C1=CCCCC1)C1CC1,C11H16ClNO,213.7,14,0,0.73,4,1,0,58.18,20.31,2.49,2.53,2.61,2.25,2.44,2.46,-2.49,6.84e-01,3.20e-03,Soluble,-2.6,5.33e-01,2.49e-03,Soluble,-2.21,1.32e+00,6.17e-03,Soluble,High,Yes,No,No,No,No,No,No,-5.81,0,0,0,0,0,0.55,0,1,1,2.89
Molecule 207,ClCC(=O)N(C1CCS(=O)(=O)C1)C1CCCC1,C11H18ClNO3S,279.78,17,0,0.91,4,3,0,67.62,62.83,1.72,1.19,2.26,1.23,1.4,1.56,-2.06,2.43e+00,8.70e-03,Soluble,-2.11,2.19e+00,7.84e-03,Soluble,-2.15,2.00e+00,7.16e-03,Soluble,High,Yes,No,No,No,No,No,No,-7.16,0,0,0,0,0,0.55,0,1,0,3.19
Molecule 208,ClCC(=O)N(C1CC1)Cc1cscc1,C10H12ClNOS,229.73,14,5,0.5,5,1,0,59.1,48.55,2.16,2.07,2.26,1.82,3.34,2.33,-2.5,7.22e-01,3.14e-03,Soluble,-2.72,4.39e-01,1.91e-03,Soluble,-2.98,2.38e-01,1.04e-03,Soluble,High,Yes,No,Yes,Yes,No,No,No,-6.23,0,0,0,0,0,0.55,0,1,1,2.2
Molecule 209,ClCC(=O)N1c2ccccc2NC(=O)C21CCCC2,C14H15ClN2O2,278.73,19,6,0.43,2,2,1,80.87,49.41,2.17,1.94,1.57,1.98,2.35,2,-2.89,3.57e-01,1.28e-03,Soluble,-2.6,6.97e-01,2.50e-03,Soluble,-4.29,1.43e-02,5.13e-05,Moderately soluble,High,Yes,Yes,Yes,No,Yes,No,No,-6.62,0,0,0,0,0,0.55,0,1,0,2.78
Molecule 210,ClCC(=O)N1CCC(=CC1)c1c[nH]c2c1cccc2,C15H15ClN2O,274.75,19,9,0.27,3,1,1,82.12,36.1,2.08,2.34,2.64,2.24,3.53,2.57,-3.17,1.86e-01,6.76e-04,Soluble,-2.74,5.03e-01,1.83e-03,Soluble,-4.73,5.15e-03,1.87e-05,Moderately soluble,High,Yes,No,Yes,Yes,No,Yes,No,-6.31,0,0,0,0,0,0.55,0,1,0,2.77
Molecule 211,ClCC(=O)N1CCC(CC1)C(=O)N1CCCCCC1,C14H23ClN2O2,286.8,19,0,0.86,4,2,0,84,40.62,2.56,1.5,1.1,1.71,2.11,1.8,-2.3,1.44e+00,5.02e-03,Soluble,-1.96,3.14e+00,1.09e-02,Very soluble,-2.29,1.47e+00,5.12e-03,Soluble,High,Yes,No,No,No,No,No,No,-6.98,0,0,0,0,0,0.55,0,1,0,2.27
Molecule 212,ClCC(=O)N1CCC(CC1)c1nc2c(o1)cccc2,C14H15ClN2O2,278.73,19,9,0.43,3,3,0,77.51,46.34,2.56,2.46,2.39,1.89,2.86,2.43,-3.27,1.50e-01,5.36e-04,Soluble,-3.08,2.33e-01,8.37e-04,Soluble,-4.38,1.18e-02,4.22e-05,Moderately soluble,High,Yes,Yes,Yes,Yes,No,Yes,No,-6.25,0,0,0,0,0,0.55,0,1,0,2.68
Molecule 213,ClCC(=O)N1CCc2c(C1)c1ccccc1[nH]2,C13H13ClN2O,248.71,17,9,0.31,2,1,1,72.34,36.1,1.87,2.04,1.76,1.81,3.23,2.14,-2.93,2.94e-01,1.18e-03,Soluble,-2.43,9.32e-01,3.75e-03,Soluble,-4.42,9.35e-03,3.76e-05,Moderately soluble,High,Yes,Yes,Yes,Yes,No,Yes,No,-6.37,0,0,0,0,0,0.55,1,1,1,2.04
Molecule 214,ClCC(=O)N1CCc2c(C1)ccs2,C9H10ClNOS,215.7,13,5,0.44,2,1,0,58.37,48.55,1.96,1.59,1.34,1.53,3.3,1.95,-2.33,1.01e+00,4.66e-03,Soluble,-2.22,1.30e+00,6.02e-03,Soluble,-2.81,3.35e-01,1.55e-03,Soluble,High,Yes,No,Yes,No,No,No,No,-6.49,0,0,0,0,0,0.55,0,1,1,2.37
Molecule 215,ClCC(=O)N1CCCC1=O,C6H8ClNO2,161.59,10,0,0.67,2,2,0,40.85,37.38,1.47,0.97,-0.01,0.65,1.15,0.85,-1.32,7.72e+00,4.78e-02,Very soluble,-1.34,7.34e+00,4.54e-02,Very soluble,-1.17,1.08e+01,6.71e-02,Soluble,High,No,No,No,No,No,No,No,-6.6,0,1,0,0,1,0.55,0,1,1,1.28
Molecule 216,ClCC(=O)N1CCCC1c1cscc1,C10H12ClNOS,229.73,14,5,0.5,3,1,0,63.01,48.55,2.17,2.04,1.95,1.82,3.38,2.27,-2.62,5.56e-01,2.42e-03,Soluble,-2.69,4.72e-01,2.05e-03,Soluble,-2.86,3.19e-01,1.39e-03,Soluble,High,Yes,No,Yes,Yes,No,No,No,-6.25,0,0,0,0,0,0.55,0,1,1,2.69
Molecule 217,ClCC(=O)N1CCCC2C1CCCC2,C11H18ClNO,215.72,14,0,0.91,2,1,0,62.57,20.31,2.38,2.54,2.03,2.35,2.33,2.33,-2.65,4.88e-01,2.26e-03,Soluble,-2.61,5.25e-01,2.44e-03,Soluble,-2.23,1.27e+00,5.90e-03,Soluble,High,Yes,No,No,No,No,No,No,-5.81,0,0,0,0,0,0.55,0,1,1,2.52
Molecule 218,ClCC(=O)N1CCCCCCC1,C9H16ClNO,189.68,12,0,0.89,2,1,0,55.07,20.31,2.13,2.09,1.64,1.78,2.23,1.98,-2.2,1.19e+00,6.30e-03,Soluble,-2.15,1.35e+00,7.14e-03,Soluble,-2.13,1.39e+00,7.35e-03,Soluble,High,Yes,No,No,No,No,No,No,-5.97,0,0,0,0,1,0.55,0,1,1,1.61
Molecule 219,ClCC(=O)NC(C1CC1)C1CC1,C9H14ClNO,187.67,12,0,0.89,5,1,1,48.95,29.1,1.93,1.72,1.4,1.78,2.27,1.82,-1.76,3.28e+00,1.75e-02,Very soluble,-1.95,2.12e+00,1.13e-02,Very soluble,-2.15,1.33e+00,7.08e-03,Soluble,High,Yes,No,No,No,No,No,No,-6.22,0,0,0,0,1,0.55,0,1,1,1.55
Molecule 220,ClCC(=O)NC1(CCCC1)C#N,C8H11ClN2O,186.64,12,0,0.75,3,2,1,46.04,52.89,1.18,1.01,1.18,0.49,1.68,1.11,-1.44,6.85e+00,3.67e-02,Very soluble,-1.71,3.64e+00,1.95e-02,Very soluble,-2.37,8.05e-01,4.32e-03,Soluble,High,Yes,No,No,No,No,No,No,-6.72,0,0,0,0,1,0.55,0,1,1,1.7
Molecule 221,ClCC(=O)NC1(CCCC1)c1ccc2c(c1)OCCO2,C15H18ClNO3,295.76,20,6,0.53,4,3,1,76.69,47.56,2.45,2.43,2.47,1.91,3.58,2.57,-3.16,2.03e-01,6.88e-04,Soluble,-3.07,2.51e-01,8.48e-04,Soluble,-4.82,4.50e-03,1.52e-05,Moderately soluble,High,Yes,Yes,Yes,Yes,No,Yes,No,-6.38,0,0,0,0,0,0.55,0,1,0,2.41
Molecule 222,ClCC(=O)Nc1c(C#N)cnn1c1ccccc1,C12H9ClN4O,260.68,18,11,0.08,4,3,1,67.39,70.71,1.47,2.29,1.73,1.24,1.53,1.65,-3.09,2.13e-01,8.18e-04,Soluble,-3.41,1.01e-01,3.87e-04,Soluble,-4.04,2.39e-02,9.16e-05,Moderately soluble,High,Yes,No,Yes,No,No,No,No,-6.26,0,0,0,0,0,0.55,0,1,0,2.33
Molecule 223,ClCC(=O)Nc1scc(n1)c1cccs1,C9H7ClN2OS2,258.75,15,10,0.11,4,2,1,64.54,98.47,1.34,2.46,2.86,1.11,4.37,2.43,-3.22,1.55e-01,5.98e-04,Soluble,-4.17,1.74e-02,6.73e-05,Moderately soluble,-4.11,2.03e-02,7.85e-05,Moderately soluble,High,No,No,Yes,Yes,No,No,No,-6.13,0,0,0,0,0,0.55,0,1,0,2.87
Molecule 224,ClCC(=O)NC1CCC2(CC1)OCCO2,C10H16ClNO3,233.69,15,0,0.9,3,3,1,55.96,47.56,2.03,0.89,1.03,0.75,1.81,1.3,-1.65,5.21e+00,2.23e-02,Very soluble,-1.47,7.85e+00,3.36e-02,Very soluble,-2.37,1.01e+00,4.31e-03,Soluble,High,Yes,Yes,No,No,No,No,No,-7.09,0,0,0,0,0,0.55,0,1,1,2.65
Molecule 225,ClCC(=O)NC1CCCCNC1=O,C8H13ClN2O2,204.65,13,0,0.75,3,2,2,53.17,58.2,1.48,0.39,-0.37,0.05,1.05,0.52,-1.16,1.43e+01,6.97e-02,Very soluble,-1.18,1.36e+01,6.64e-02,Very soluble,-2.28,1.06e+00,5.20e-03,Soluble,High,No,No,No,No,No,No,No,-7.27,0,0,0,0,0,0.55,0,1,1,2.33
Molecule 226,ClCC(=O)NC1CCN(CC1)C(=O)C1CCCCC1,C14H23ClN2O2,286.8,19,0,0.86,5,2,1,79.99,49.41,2.41,2.3,1.53,1.71,2.18,2.03,-2.74,5.25e-01,1.83e-03,Soluble,-2.98,3.03e-01,1.06e-03,Soluble,-2.77,4.81e-01,1.68e-03,Soluble,High,Yes,No,No,No,No,No,No,-6.42,0,0,0,0,0,0.55,0,1,0,2.32
Molecule 227,ClCC(=O)NC1CCOc2c1cccc2,C11H12ClNO2,225.67,15,6,0.36,3,2,1,58,38.33,1.88,1.79,1.54,1.45,2.33,1.8,-2.46,7.74e-01,3.43e-03,Soluble,-2.21,1.38e+00,6.11e-03,Soluble,-3.77,3.87e-02,1.71e-04,Soluble,High,Yes,No,Yes,No,No,No,No,-6.41,0,0,0,0,0,0.55,0,1,1,2.47
Molecule 228,ClCC(=O)Nc1cccc(c1)S(=O)(=O)F,C8H7ClFNO3S,251.66,15,6,0.12,4,4,1,53.89,71.62,0.87,1.61,2.83,1.18,1.22,1.54,-2.45,9.00e-01,3.58e-03,Soluble,-2.73,4.73e-01,1.88e-03,Soluble,-3.63,5.93e-02,2.36e-04,Soluble,High,Yes,No,Yes,No,No,No,No,-6.69,0,0,0,0,0,0.55,0,1,0,2.08
Molecule 229,ClCC(=O)Nc1cc(Cl)ccc1C#N,C9H6Cl2N2O,229.06,14,6,0.11,3,2,1,55.28,52.89,1.67,2.93,2.2,1.74,2.54,2.22,-3.23,1.36e-01,5.95e-04,Soluble,-3.7,4.55e-02,1.98e-04,Soluble,-4.13,1.71e-02,7.45e-05,Moderately soluble,High,Yes,No,Yes,No,No,No,No,-5.62,0,0,0,0,0,0.55,0,1,1,1.8
Molecule 230,ClCC(=O)Nc1cc(Cl)ccc1n1cncn1,C10H8Cl2N4O,271.1,17,11,0.1,4,3,1,65.48,59.81,1.99,2.09,1.91,1.72,1.65,1.87,-3.05,2.40e-01,8.86e-04,Soluble,-2.98,2.87e-01,1.06e-03,Soluble,-4.19,1.74e-02,6.43e-05,Moderately soluble,High,Yes,No,Yes,Yes,No,No,No,-6.47,0,0,0,0,0,0.55,0,1,0,2.13
Molecule 231,ClCC(=O)Nc1cc2OCCCOc2cc1Cl,C11H11Cl2NO3,276.12,17,6,0.36,3,3,1,66.24,47.56,2.25,2.42,2.49,1.67,3.03,2.37,-3.14,2.00e-01,7.25e-04,Soluble,-3.06,2.40e-01,8.69e-04,Soluble,-4.34,1.25e-02,4.53e-05,Moderately soluble,High,Yes,No,Yes,No,No,No,No,-6.27,0,0,0,0,0,0.55,0,1,0,2.41
Molecule 232,ClCC(=O)Nc1cc2OCCOc2cc1Cl,C10H9Cl2NO3,262.09,16,6,0.3,3,3,1,61.43,47.56,2.18,2.06,2.1,1.4,2.79,2.1,-2.84,3.77e-01,1.44e-03,Soluble,-2.69,5.38e-01,2.05e-03,Soluble,-4.07,2.24e-02,8.53e-05,Moderately soluble,High,Yes,No,Yes,No,No,No,No,-6.44,0,0,0,0,0,0.55,0,1,0,2.4
Molecule 233,ClCC(=O)Nc1ccc(cc1)N1CCCC1=O,C12H13ClN2O2,252.7,17,6,0.33,4,2,1,70.39,49.41,1.77,1.14,1.42,1.46,2.03,1.56,-2.12,1.91e+00,7.55e-03,Soluble,-1.77,4.27e+00,1.69e-02,Very soluble,-3.76,4.41e-02,1.75e-04,Soluble,High,Yes,No,Yes,No,No,No,No,-7.03,0,0,0,0,0,0.55,0,1,0,1.51
Molecule 234,ClCC(=O)Nc1ccc2c(c1)OCO2,C9H8ClNO3,213.62,14,6,0.22,3,3,1,51.61,47.56,1.52,1.39,1.4,0.97,1.91,1.44,-2.16,1.48e+00,6.93e-03,Soluble,-1.99,2.17e+00,1.02e-02,Very soluble,-3.18,1.42e-01,6.64e-04,Soluble,High,Yes,No,Yes,No,No,No,No,-6.62,0,0,0,0,0,0.55,0,1,1,2.11
Molecule 235,ClCC(=O)Nc1cccc(c1)C#C,C10H8ClNO,193.63,13,6,0.1,3,1,1,53.49,29.1,1.76,2.18,1.73,2.35,2.54,2.11,-2.56,5.36e-01,2.77e-03,Soluble,-2.42,7.29e-01,3.76e-03,Soluble,-3.5,6.05e-02,3.13e-04,Soluble,High,Yes,No,Yes,No,No,No,No,-5.93,0,0,0,0,1,0.55,0,2,1,1.65
Molecule 236,ClCC(=O)Nc1cccc(c1)C(=O)N1CCSCC1,C13H15ClN2O2S,298.79,19,6,0.38,5,2,1,82.45,74.71,1.79,1.6,1.48,1.72,2.44,1.81,-2.6,7.43e-01,2.49e-03,Soluble,-2.78,4.95e-01,1.66e-03,Soluble,-3.91,3.65e-02,1.22e-04,Soluble,High,No,No,No,Yes,No,No,No,-6.99,0,0,0,0,0,0.55,0,1,0,2.14
Molecule 237,ClCC(=O)Nc1cccc(c1)Cl,C8H7Cl2NO,204.05,12,6,0.12,3,1,1,50.56,29.1,1.59,2.77,2.33,2.42,2.52,2.33,-3.02,1.94e-01,9.50e-04,Soluble,-3.04,1.88e-01,9.19e-04,Soluble,-4.04,1.86e-02,9.12e-05,Moderately soluble,High,Yes,No,Yes,No,No,No,No,-5.58,0,1,0,0,0,0.55,0,1,1,1.35
Molecule 238,ClCC(=O)Nc1cccc(c1)NC(=O)c1ccccc1,C15H13ClN2O2,288.73,20,12,0.07,6,2,2,79.76,58.2,1.97,2.42,2.73,2.65,2.71,2.5,-3.2,1.81e-01,6.27e-04,Soluble,-3.28,1.50e-01,5.19e-04,Soluble,-5.93,3.39e-04,1.17e-06,Moderately soluble,High,Yes,No,Yes,Yes,Yes,Yes,No,-6.34,0,0,0,0,0,0.55,0,1,0,1.9
Molecule 239,ClCC(=O)Nc1cccc2c1cccn2,C11H9ClN2O,220.65,15,10,0.09,3,2,1,60.85,41.99,1.55,1.33,2.22,1.51,2.47,1.82,-2.34,1.01e+00,4.56e-03,Soluble,-1.81,3.39e+00,1.54e-02,Very soluble,-4.73,4.12e-03,1.87e-05,Moderately soluble,High,Yes,No,Yes,No,No,No,No,-6.7,0,0,0,0,0,0.55,0,1,1,1.53
Molecule 240,ClCC(=O)NCC(=O)N1CCCC1,C8H13ClN2O2,204.65,13,0,0.75,5,2,1,53.26,49.41,1.81,0.18,-0.42,0.05,0.9,0.5,-0.89,2.62e+01,1.28e-01,Very soluble,-0.78,3.43e+01,1.68e-01,Very soluble,-1.71,4.03e+00,1.97e-02,Soluble,High,No,No,No,No,No,No,No,-7.42,0,1,0,0,0,0.55,0,1,1,1.77
Molecule 241,ClCC(=O)NCC1(CC1)c1ccccc1,C12H14ClNO,223.7,15,6,0.42,5,1,1,61.01,29.1,2.09,2.41,2.01,2.33,3.26,2.42,-2.71,4.35e-01,1.94e-03,Soluble,-2.66,4.86e-01,2.17e-03,Soluble,-4.65,5.02e-03,2.24e-05,Moderately soluble,High,Yes,No,Yes,No,No,Yes,No,-5.95,0,0,0,0,0,0.55,0,1,1,1.46
Molecule 242,ClCC(=O)NCc1ccco1,C7H8ClNO2,173.6,11,5,0.29,4,2,1,41.09,42.24,1.53,0.76,0.98,0.03,1.62,0.99,-1.47,5.92e+00,3.41e-02,Very soluble,-1.23,1.03e+01,5.93e-02,Very soluble,-3.03,1.61e-01,9.27e-04,Soluble,High,Yes,No,No,No,No,No,No,-6.82,0,1,0,0,1,0.55,0,1,1,1.93
Molecule 243,ClCC(=O)NCC1CCC1,C7H12ClNO,161.63,10,0,0.86,4,1,1,41.45,29.1,1.71,1.45,1.14,1.16,1.74,1.44,-1.49,5.21e+00,3.22e-02,Very soluble,-1.67,3.48e+00,2.15e-02,Very soluble,-2.17,1.08e+00,6.70e-03,Soluble,High,Yes,No,No,No,No,No,No,-6.26,0,0,0,0,1,0.55,0,1,1,1.44
Molecule 244,ClCC(=O)NCC1CCCO1,C7H12ClNO2,177.63,11,0,0.86,4,2,1,42.53,38.33,1.73,0.57,0.52,0.28,1.47,0.91,-1.04,1.63e+01,9.20e-02,Very soluble,-0.95,2.00e+01,1.13e-01,Very soluble,-1.92,2.12e+00,1.19e-02,Soluble,High,Yes,No,No,No,No,No,No,-6.98,0,0,0,0,1,0.55,0,1,1,2.16
Molecule 245,ClCC(=O)NCc1ccc(nc1)N1CCOCC1,C12H16ClN3O2,269.73,18,6,0.5,5,3,1,72.34,54.46,1.91,0.67,0.24,0.45,1.8,1.01,-1.85,3.80e+00,1.41e-02,Very soluble,-1.39,1.10e+01,4.07e-02,Very soluble,-3.64,6.21e-02,2.30e-04,Soluble,High,No,Yes,No,No,No,No,No,-7.47,0,0,0,0,0,0.55,0,1,0,2.23
Molecule 246,ClCC(=O)NCc1ccc(cc1)C#N,C10H9ClN2O,208.64,14,6,0.2,4,2,1,53.53,52.89,1.8,1.38,1.26,1.2,2.24,1.58,-2.06,1.83e+00,8.79e-03,Soluble,-2.09,1.68e+00,8.06e-03,Soluble,-3.92,2.53e-02,1.21e-04,Soluble,High,Yes,No,Yes,No,No,No,No,-6.59,0,0,0,0,0,0.55,0,1,1,1.47
Molecule 247,ClCC(=O)NCc1ccc(cc1)Cl,C9H9Cl2NO,218.08,13,6,0.22,4,1,1,53.83,29.1,1.97,2.28,2.04,2.44,2.87,2.32,-2.71,4.29e-01,1.97e-03,Soluble,-2.53,6.46e-01,2.96e-03,Soluble,-4.45,7.81e-03,3.58e-05,Moderately soluble,High,Yes,No,Yes,No,No,No,No,-6.01,0,0,0,0,0,0.55,0,1,1,1.23
Molecule 248,ClCC(=O)NCc1ccc2c(c1)OCO2,C10H10ClNO3,227.64,15,6,0.3,4,3,1,54.88,47.56,1.97,1.67,1.12,0.99,2.25,1.6,-2.34,1.05e+00,4.62e-03,Soluble,-2.28,1.19e+00,5.21e-03,Soluble,-3.58,5.93e-02,2.61e-04,Soluble,High,Yes,No,Yes,No,No,No,No,-6.5,0,0,0,0,0,0.55,0,1,1,1.95
Molecule 249,ClCC(=O)NCc1cccc(c1)N1CCCC1=O,C13H15ClN2O2,266.72,18,6,0.38,5,2,1,73.66,49.41,1.68,1.08,1.14,1.45,2.4,1.55,-2.09,2.16e+00,8.11e-03,Soluble,-1.71,5.21e+00,1.95e-02,Very soluble,-4.16,1.85e-02,6.93e-05,Moderately soluble,High,Yes,No,No,No,No,No,No,-7.16,0,0,0,0,0,0.55,0,1,0,1.72
Molecule 250,ClCC(=O)NCCC1=CCCCC1,C10H16ClNO,201.69,13,0,0.7,5,1,1,55.39,29.1,2.16,2.21,2.23,1.97,2.66,2.25,-2.15,1.42e+00,7.03e-03,Soluble,-2.46,7.06e-01,3.50e-03,Soluble,-3.13,1.48e-01,7.35e-04,Soluble,High,Yes,No,No,No,No,No,No,-5.96,0,0,0,0,0,0.55,0,2,1,2.61
Molecule 251,ClCC(=O)NCCc1ccc2c(c1)OCCO2,C12H14ClNO3,255.7,17,6,0.42,5,3,1,64.5,47.56,2.18,0.97,1.36,1.14,2.85,1.7,-1.97,2.76e+00,1.08e-02,Very soluble,-1.56,7.10e+00,2.78e-02,Very soluble,-4.26,1.39e-02,5.45e-05,Moderately soluble,High,Yes,No,Yes,No,No,No,No,-7.17,0,0,0,0,0,0.55,0,1,0,2.24
Molecule 252,ClCC(=O)NCCc1cccc2c1cccc2,C14H14ClNO,247.72,17,10,0.21,5,1,1,71.13,29.1,1.73,3.8,2.74,3.03,3.74,3.01,-3.88,3.30e-02,1.33e-04,Soluble,-4.11,1.94e-02,7.84e-05,Moderately soluble,-5.91,3.05e-04,1.23e-06,Moderately soluble,High,Yes,No,Yes,Yes,No,Yes,No,-5.11,0,0,0,0,0,0.55,0,1,2,1.5
Molecule 253,C=CC(=O)NCC1CCCCN1C(=O)C(F)(F)F,C11H15F3N2O2,264.24,18,0,0.64,6,5,1,62.61,49.41,1.96,1.66,2.11,0.96,1.71,1.68,-2.13,1.97e+00,7.45e-03,Soluble,-2.31,1.29e+00,4.88e-03,Soluble,-2.06,2.29e+00,8.65e-03,Soluble,High,Yes,No,No,No,No,No,No,-6.73,0,0,0,0,0,0.55,0,1,0,2.58
Molecule 254,ClCC(=O)NC1CCC(CC1)C(F)(F)F,C9H13ClF3NO,243.65,15,0,0.89,4,4,1,51.25,29.1,1.85,2.8,3.72,2.22,2.64,2.65,-2.85,3.44e-01,1.41e-03,Soluble,-3.07,2.08e-01,8.55e-04,Soluble,-3,2.44e-01,1.00e-03,Soluble,High,Yes,No,No,No,No,No,No,-5.8,0,0,0,0,0,0.55,0,1,1,2.7
Molecule 255,C=CC(=O)NC1CCN(C1)c1ccc(cc1)C(F)(F)F,C14H15F3N2O,284.28,20,6,0.36,5,4,1,73.03,32.34,2.5,3.03,3.36,2.55,2.82,2.85,-3.4,1.12e-01,3.95e-04,Soluble,-3.37,1.20e-01,4.22e-04,Soluble,-3.94,3.26e-02,1.15e-04,Soluble,High,Yes,No,No,No,No,No,No,-5.88,0,0,0,0,0,0.55,0,1,0,2.44
Molecule 256,C=CC(=O)NC(c1cccc(c1)C(F)(F)F)c1nnc[nH]1,C13H11F3N4O,296.25,21,11,0.15,6,6,2,67.79,70.67,1.02,1.79,3.04,1.77,3,2.13,-2.8,4.74e-01,1.60e-03,Soluble,-2.89,3.79e-01,1.28e-03,Soluble,-4.75,5.24e-03,1.77e-05,Moderately soluble,High,Yes,No,No,No,No,No,No,-6.84,0,0,0,0,0,0.55,0,1,0,2.91
Molecule 257,C=CC(=O)NC1CCN(CC1)c1cccc(c1)C(F)(F)F,C15H17F3N2O,298.3,21,6,0.4,5,4,1,77.84,32.34,2.67,3.39,3.75,2.79,3.07,3.14,-3.71,5.86e-02,1.97e-04,Soluble,-3.75,5.33e-02,1.79e-04,Soluble,-4.21,1.82e-02,6.11e-05,Moderately soluble,High,Yes,No,Yes,Yes,No,No,No,-5.71,0,0,0,0,0,0.55,0,1,0,2.03
Molecule 258,ClCC(=O)Nc1ccccc1C(F)(F)F,C9H7ClF3NO,237.61,15,6,0.22,4,4,1,50.55,29.1,1.93,1.79,3.84,2.85,2.96,2.67,-2.47,8.00e-01,3.37e-03,Soluble,-2.02,2.27e+00,9.55e-03,Soluble,-4.31,1.16e-02,4.88e-05,Moderately soluble,High,Yes,No,Yes,No,No,No,No,-6.48,0,0,0,0,0,0.55,0,1,1,1.66
Molecule 259,ClCC(=O)Nc1nnc(o1)CC(F)(F)F,C6H5ClF3N3O2,243.57,15,5,0.5,5,7,1,43.37,68.02,1.13,1.29,2.42,0.4,1.89,1.43,-2.08,2.03e+00,8.33e-03,Soluble,-2.32,1.17e+00,4.81e-03,Soluble,-3.19,1.59e-01,6.53e-04,Soluble,High,Yes,No,No,No,No,No,No,-6.87,0,0,0,0,0,0.55,0,1,1,2.77
Molecule 260,C=CC(=O)NC1(CCC1)c1noc(n1)C(F)F,C10H11F2N3O2,243.21,17,5,0.5,5,6,1,53.47,68.02,1.91,1.24,2.1,0.66,2.25,1.63,-2.02,2.34e+00,9.62e-03,Soluble,-2.27,1.32e+00,5.42e-03,Soluble,-3.02,2.30e-01,9.46e-04,Soluble,High,Yes,No,No,No,No,No,No,-6.9,0,0,0,0,0,0.55,0,1,1,2.88
Molecule 261,C=CC(=O)Nc1ccc2c(c1)cnn2C(F)F,C11H9F2N3O,237.21,17,9,0.09,4,4,1,59.74,46.92,1.77,2.19,2.88,1.7,1.7,2.05,-2.82,3.61e-01,1.52e-03,Soluble,-2.81,3.68e-01,1.55e-03,Soluble,-3.15,1.69e-01,7.14e-04,Soluble,High,Yes,No,No,No,No,No,No,-6.19,0,0,0,0,0,0.55,0,1,1,1.89
Molecule 262,C=CC(=O)Nc1cccc(c1)OC(F)F,C10H9F2NO2,213.18,15,6,0.1,5,4,1,51.68,38.33,1.86,2.84,3.06,1.74,2.17,2.34,-2.92,2.58e-01,1.21e-03,Soluble,-3.3,1.06e-01,4.98e-04,Soluble,-3.2,1.35e-01,6.34e-04,Soluble,High,Yes,No,Yes,No,No,No,No,-5.58,0,0,0,0,0,0.55,0,1,1,1.83
Molecule 263,ClCC(=O)Nc1ccc2c(c1)OC(O2)(F)F,C9H6ClF2NO3,249.6,16,6,0.22,3,5,1,51.75,47.56,1.67,2.3,2.84,1.26,2.33,2.08,-2.92,3.03e-01,1.21e-03,Soluble,-2.94,2.89e-01,1.16e-03,Soluble,-3.72,4.71e-02,1.89e-04,Soluble,High,Yes,No,Yes,No,No,No,No,-6.19,0,0,0,0,0,0.55,0,1,1,2.29
Molecule 264,C=CC(=O)NCCc1cc(F)cc2c1OCOC2,C13H14FNO3,251.25,18,6,0.31,5,4,1,63.55,47.56,2.5,1.68,1.81,1.59,3.13,2.14,-2.37,1.06e+00,4.24e-03,Soluble,-2.29,1.28e+00,5.09e-03,Soluble,-3.97,2.69e-02,1.07e-04,Soluble,High,Yes,No,Yes,No,No,No,No,-6.64,0,0,0,0,0,0.55,0,1,0,2.67
Molecule 265,C=CC(=O)NCc1cnc(c(c1)F)N1CCOCC1,C13H16FN3O2,265.28,19,6,0.38,5,4,1,71.84,54.46,2.35,0.74,0.75,0.76,2.06,1.33,-1.85,3.71e+00,1.40e-02,Very soluble,-1.46,9.14e+00,3.45e-02,Very soluble,-3.34,1.20e-01,4.53e-04,Soluble,High,Yes,No,No,No,No,No,No,-7.39,0,0,0,0,0,0.55,0,1,0,2.46
Molecule 266,ClCC(=O)Nc1ccc(c(c1)F)Cl,C8H6Cl2FNO,222.04,13,6,0.12,3,2,1,50.52,29.1,1.64,2.76,2.89,2.83,2.96,2.62,-3.1,1.77e-01,7.96e-04,Soluble,-3.03,2.09e-01,9.41e-04,Soluble,-4.32,1.06e-02,4.78e-05,Moderately soluble,High,Yes,No,Yes,No,No,No,No,-5.69,0,1,0,0,0,0.55,0,1,1,1.58
Molecule 267,C=CC(=O)N1Cc2c(C1)cc(c(c2)F)F,C11H9F2NO,209.19,15,6,0.18,2,3,0,55.13,20.31,2.22,1.58,2.15,2.51,3.06,2.3,-2.3,1.06e+00,5.05e-03,Soluble,-1.62,5.05e+00,2.41e-02,Very soluble,-3.25,1.19e-01,5.69e-04,Soluble,High,Yes,No,No,No,No,No,No,-6.45,0,0,0,0,0,0.55,0,1,1,1.66
Molecule 268,C=CC(=O)NC1(CCC1)c1ccc(cc1F)F,C13H13F2NO,237.25,17,6,0.31,4,3,1,60.46,29.1,2.5,2.53,3.38,3.05,3.85,3.06,-2.9,2.97e-01,1.25e-03,Soluble,-2.79,3.87e-01,1.63e-03,Soluble,-4.51,7.38e-03,3.11e-05,Moderately soluble,High,Yes,No,Yes,No,No,No,No,-5.95,0,0,0,0,0,0.55,0,1,1,1.93
Molecule 269,C=CC(=O)NC1CCN(C1=O)c1ccc(c(c1)Cl)F,C13H12ClFN2O2,282.7,19,6,0.23,4,3,1,73.2,49.41,2.04,2.11,1.93,2.03,2.53,2.13,-2.89,3.63e-01,1.28e-03,Soluble,-2.78,4.71e-01,1.67e-03,Soluble,-3.84,4.10e-02,1.45e-04,Soluble,High,Yes,No,No,No,No,No,No,-6.53,0,0,0,0,0,0.55,0,1,0,2.55
Molecule 270,C=CC(=O)N1CCCC(C1)c1ccc(c(c1)F)F,C14H15F2NO,251.27,18,6,0.36,3,3,0,69.4,20.31,2.73,2.75,3.32,3.3,3.64,3.15,-3.18,1.66e-01,6.62e-04,Soluble,-2.83,3.70e-01,1.47e-03,Soluble,-3.85,3.55e-02,1.41e-04,Soluble,High,Yes,No,No,No,No,No,No,-5.88,0,0,0,0,0,0.55,0,1,0,2.44
Molecule 271,ClCC(=O)NCCc1ccc(cc1)F,C10H11ClFNO,215.65,14,6,0.3,5,2,1,53.58,29.1,1.91,2.22,2.14,2.58,3.01,2.37,-2.56,5.90e-01,2.74e-03,Soluble,-2.47,7.37e-01,3.42e-03,Soluble,-4.51,6.60e-03,3.06e-05,Moderately soluble,High,Yes,No,Yes,No,No,No,No,-6.04,0,0,0,0,0,0.55,0,1,1,1.47
Molecule 272,C=CC(=O)Nc1ccc(c(c1)N1CCOCC1)F,C13H15FN2O2,250.27,18,6,0.31,4,3,1,70.77,41.57,2.24,1.54,1.64,1.45,2.24,1.82,-2.34,1.13e+00,4.52e-03,Soluble,-2.02,2.38e+00,9.50e-03,Soluble,-3.31,1.21e-01,4.85e-04,Soluble,High,Yes,No,No,No,No,No,No,-6.73,0,0,0,0,0,0.55,0,1,0,2.32
Molecule 273,ClCC(=O)Nc1ccc(cc1Cl)F,C8H6Cl2FNO,222.04,13,6,0.12,3,2,1,50.52,29.1,1.87,2.27,2.89,2.83,2.96,2.56,-2.79,3.60e-01,1.62e-03,Soluble,-2.52,6.74e-01,3.03e-03,Soluble,-4.32,1.06e-02,4.78e-05,Moderately soluble,High,Yes,No,Yes,No,No,No,No,-6.04,0,1,0,0,0,0.55,0,1,1,1.66
Molecule 274,ClCC(=O)Nc1ccc(cc1F)F,C8H6ClF2NO,205.59,13,6,0.12,3,3,1,45.47,29.1,1.68,2,2.79,2.68,2.74,2.38,-2.52,6.23e-01,3.03e-03,Soluble,-2.24,1.19e+00,5.78e-03,Soluble,-3.98,2.14e-02,1.04e-04,Soluble,High,Yes,No,Yes,No,No,No,No,-6.13,0,1,0,0,0,0.55,0,1,1,1.58
Molecule 275,ClCC(=O)Nc1ccc(c(c1)F)F,C8H6ClF2NO,205.59,13,6,0.12,3,3,1,45.47,29.1,1.46,2.23,2.79,2.68,2.74,2.38,-2.66,4.47e-01,2.17e-03,Soluble,-2.48,6.86e-01,3.34e-03,Soluble,-3.98,2.14e-02,1.04e-04,Soluble,High,Yes,No,Yes,No,No,No,No,-5.97,0,1,0,0,0,0.55,0,1,1,1.48
Molecule 276,C=CC(=O)N1CCN(C(=O)C1)c1cccc(c1)F,C13H13FN2O2,248.25,18,6,0.23,3,3,0,72.2,40.62,2.27,1.27,0.85,1.51,1.82,1.54,-2.23,1.47e+00,5.92e-03,Soluble,-1.72,4.71e+00,1.90e-02,Very soluble,-2.75,4.44e-01,1.79e-03,Soluble,High,Yes,No,No,No,No,No,No,-6.91,0,0,0,0,0,0.55,0,1,1,2
Molecule 277,ClCC(=O)NCc1cccc(c1)F,C9H9ClFNO,201.63,13,6,0.22,4,2,1,48.78,29.1,1.67,2.12,1.95,2.29,2.65,2.14,-2.5,6.33e-01,3.14e-03,Soluble,-2.36,8.76e-01,4.34e-03,Soluble,-4.11,1.57e-02,7.80e-05,Moderately soluble,High,Yes,No,Yes,No,No,No,No,-6.02,0,0,0,0,0,0.55,0,1,1,1.32
Molecule 278,Fc1cccc2c1OCCC2NC(=O)C=C,C12H12FNO2,221.23,16,6,0.25,3,3,1,57.5,38.33,2.22,1.86,2.05,1.77,2.59,2.1,-2.46,7.62e-01,3.44e-03,Soluble,-2.29,1.14e+00,5.17e-03,Soluble,-3.47,7.50e-02,3.39e-04,Soluble,High,Yes,No,Yes,No,No,No,No,-6.33,0,0,0,0,0,0.55,0,1,1,2.62
Molecule 279,C=CC(=O)NCc1ccc(o1)c1ccccc1F,C14H12FNO2,245.25,18,11,0.07,5,3,1,66.02,42.24,2.53,2.49,3.16,1.82,3.61,2.72,-3.05,2.18e-01,8.88e-04,Soluble,-3.02,2.33e-01,9.50e-04,Soluble,-5.26,1.33e-03,5.43e-06,Moderately soluble,High,Yes,No,Yes,Yes,No,No,No,-6.03,0,0,0,0,0,0.55,0,1,1,2.67
Molecule 280,C=CC(=O)NC1CCN(C1)c1ncccc1F,C12H14FN3O,235.26,17,6,0.33,4,3,1,65.79,45.23,2.12,1.51,1.14,1.32,1.65,1.55,-2.25,1.33e+00,5.66e-03,Soluble,-2.07,2.01e+00,8.55e-03,Soluble,-2.97,2.50e-01,1.06e-03,Soluble,High,Yes,No,No,No,No,No,No,-6.66,0,0,0,0,0,0.55,0,1,1,2.75
Molecule 281,C=CC(=O)NCc1nnc(s1)c1ccncc1F,C11H9FN4OS,264.28,18,11,0.09,5,5,1,65.01,96.01,1.52,0.8,1.81,0.42,3.25,1.56,-2.1,2.08e+00,7.86e-03,Soluble,-2.4,1.06e+00,4.00e-03,Soluble,-4.2,1.67e-02,6.32e-05,Moderately soluble,High,No,No,Yes,No,No,No,No,-7.34,0,0,0,0,0,0.55,0,1,0,2.85
Molecule 282,N#C/C(=C\c1cc(cc(c1)C(F)(F)F)C(F)(F)F)/C(=O)N,C12H6F6N2O,308.18,21,6,0.17,4,8,1,58.81,66.88,1.95,3.33,5.31,2.73,3.47,3.36,-3.8,4.93e-02,1.60e-04,Soluble,-4.41,1.20e-02,3.88e-05,Moderately soluble,-3.92,3.69e-02,1.20e-04,Soluble,High,No,No,Yes,Yes,No,No,No,-5.82,0,0,0,0,0,0.55,0,2,0,2.48
Molecule 283,C=CC(=O)NCC1(CCCC1)C(=O)N,C10H16N2O2,196.25,14,0,0.6,5,2,2,53.25,72.19,1.28,0.41,0.33,0.25,1.07,0.67,-0.99,2.03e+01,1.04e-01,Very soluble,-1.49,6.31e+00,3.22e-02,Very soluble,-1.7,3.90e+00,1.99e-02,Soluble,High,No,No,No,No,No,No,No,-7.21,0,0,0,0,1,0.55,0,1,1,1.91
Molecule 284,ClCC(=O)Nc1sc2c(c1C(=O)N)CCC2,C10H11ClN2O2S,258.72,16,5,0.4,4,2,2,64.15,100.43,1.63,1.85,1.32,0.95,2.94,1.74,-2.58,6.85e-01,2.65e-03,Soluble,-3.58,6.81e-02,2.63e-04,Soluble,-3.11,2.00e-01,7.74e-04,Soluble,High,No,No,Yes,Yes,No,No,No,-6.56,0,0,0,0,0,0.55,0,1,0,2.82
Molecule 285,ClCC(=O)N1CCCCC1C(=O)N,C8H13ClN2O2,204.65,13,0,0.75,3,2,1,53.17,63.4,0.87,-0.36,-0.29,0.05,0.47,0.15,-0.68,4.24e+01,2.07e-01,Very soluble,-0.51,6.34e+01,3.10e-01,Very soluble,-0.94,2.36e+01,1.15e-01,Soluble,High,No,No,No,No,No,No,No,-7.8,0,0,0,0,0,0.55,0,1,1,2.25
Molecule 286,ClCC(=O)N1CCCC(C1)C(=O)N,C8H13ClN2O2,204.65,13,0,0.75,3,2,1,53.17,63.4,1.11,-0.28,-0.43,0.05,0.47,0.18,-0.73,3.77e+01,1.84e-01,Very soluble,-0.59,5.24e+01,2.56e-01,Very soluble,-0.94,2.36e+01,1.15e-01,Soluble,High,No,No,No,No,No,No,No,-7.75,0,1,0,0,0,0.55,0,1,1,2.22
Molecule 287,ClCC(=O)Nc1ccccc1C(=O)N,C9H9ClN2O2,212.63,14,6,0.11,4,2,2,53.65,72.19,0.95,0.94,0.77,1,1.08,0.95,-1.8,3.34e+00,1.57e-02,Very soluble,-2.04,1.93e+00,9.07e-03,Soluble,-3.02,2.05e-01,9.66e-04,Soluble,High,No,No,No,No,No,No,No,-6.93,0,0,0,0,0,0.55,0,1,1,1.59
Molecule 288,ClCC(=O)Nc1cc(ccc1Cl)S(=O)(=O)N,C8H8Cl2N2O3S,283.13,16,6,0.12,4,4,2,61.56,97.64,0.48,0.75,2.05,0.77,0.77,0.96,-2.08,2.35e+00,8.29e-03,Soluble,-2.38,1.18e+00,4.17e-03,Soluble,-3.6,7.16e-02,2.53e-04,Soluble,High,No,No,No,No,No,No,No,-7.49,0,0,0,0,0,0.55,0,1,0,2.25
Molecule 289,C=CC(=O)N(c1ccccc1)c1ccc(cc1)Br,C15H12BrNO,302.17,18,12,0,4,1,0,77.93,20.31,3.07,4.29,4.3,4.09,3.54,3.86,-4.65,6.84e-03,2.26e-05,Moderately soluble,-4.43,1.12e-02,3.72e-05,Moderately soluble,-5.49,9.87e-04,3.27e-06,Moderately soluble,High,Yes,No,Yes,Yes,Yes,Yes,No,-5.1,0,0,0,0,0,0.55,0,1,1,2.11
Molecule 290,C=CC(=O)N(c1cc(cc(c1)C(F)(F)F)C(F)(F)F)Cc1cccnc1,C17H12F6N2O,374.28,26,12,0.18,7,8,0,82.28,33.2,2.81,4.06,6.99,3.64,4.86,4.47,-4.6,9.45e-03,2.52e-05,Moderately soluble,-4.46,1.29e-02,3.46e-05,Moderately soluble,-6.39,1.51e-04,4.04e-07,Poorly soluble,Low,No,No,Yes,Yes,Yes,Yes,No,-5.7,0,1,0,1,0,0.55,0,1,2,2.31
Molecule 291,C=CC(=O)N1CCc2c(C1)cc(c(c2)OC)OC,C14H17NO3,247.29,18,6,0.36,4,3,0,73.01,38.77,2.76,1.78,1.24,1.31,2.55,1.93,-2.48,8.24e-01,3.33e-03,Soluble,-2.21,1.52e+00,6.13e-03,Soluble,-3.22,1.49e-01,6.03e-04,Soluble,High,Yes,No,No,Yes,No,No,No,-6.54,0,0,0,0,0,0.55,0,1,1,2.12
Molecule 292,C=CC(=O)Nc1cc(cc(c1)C(F)(F)F)C(F)(F)F,C11H7F6NO,283.17,19,6,0.18,5,7,1,55.09,29.1,2.14,4.31,5.96,3.71,3.92,4.01,-4.21,1.73e-02,6.10e-05,Moderately soluble,-4.63,6.57e-03,2.32e-05,Moderately soluble,-4.61,6.90e-03,2.44e-05,Moderately soluble,High,No,No,Yes,Yes,No,No,No,-4.97,0,1,0,1,0,0.55,0,1,1,1.81
Molecule 293,ClCC(=O)N(c1ccccc1)C1CCN(CC1)C(=O)c1ccccc1,C20H21ClN2O2,356.85,25,12,0.3,6,2,0,104.09,40.62,3.04,3.61,3.18,3.15,3.12,3.22,-4.29,1.85e-02,5.18e-05,Moderately soluble,-4.15,2.52e-02,7.07e-05,Moderately soluble,-5.62,8.60e-04,2.41e-06,Moderately soluble,High,Yes,No,No,Yes,Yes,Yes,Yes,-5.91,0,0,0,0,0,0.55,0,1,2,2.13
Molecule 294,ClCC(=O)N1CCCc2c1ccc(c2)OC,C12H14ClNO2,239.7,16,6,0.42,3,2,0,67.54,29.54,2.35,2.27,1.83,1.99,2.65,2.22,-2.84,3.50e-01,1.46e-03,Soluble,-2.53,7.12e-01,2.97e-03,Soluble,-3.67,5.15e-02,2.15e-04,Soluble,High,Yes,No,Yes,No,No,No,No,-6.15,0,0,0,0,0,0.55,0,1,1,1.96
Molecule 295,ClCC(=O)N1CCC(CC1)Cc1ccccc1,C14H18ClNO,251.75,17,6,0.5,4,1,0,74.75,20.31,2.57,3.05,2.33,2.85,3.33,2.83,-3.32,1.21e-01,4.79e-04,Soluble,-3.14,1.81e-01,7.20e-04,Soluble,-4.27,1.35e-02,5.37e-05,Moderately soluble,High,Yes,No,No,No,No,Yes,No,-5.67,0,0,0,0,0,0.55,0,1,0,1.57
Molecule 296,c1ccc2c(c1)n[c]cc2.ClCC(=O)N1CCc2c(C1)cc(c(c2)OC)OC,C22H22ClN2O3,397.87,28,16,0.27,4,4,0,114.05,51.66,0,4.01,3.33,2.5,2.69,2.51,-4.99,4.05e-03,1.02e-05,Moderately soluble,-4.8,6.35e-03,1.60e-05,Moderately soluble,-3.79,6.47e-02,1.63e-04,Soluble,High,Yes,Yes,No,No,No,No,No,-5.88,0,0,0,0,0,0.55,0,1,2,2.65
Molecule 297,ClCC(=O)Nc1ccc(cc1)c1ccccc1,C14H12ClNO,245.7,17,12,0.07,4,1,1,70.99,29.1,2,3.26,3.34,3.26,3.59,3.09,-3.68,5.19e-02,2.11e-04,Soluble,-3.55,7.00e-02,2.85e-04,Soluble,-5.94,2.81e-04,1.15e-06,Moderately soluble,High,Yes,No,Yes,Yes,No,Yes,No,-5.48,0,0,0,0,0,0.55,0,1,1,1.55
Molecule 298,ClCC(=O)NC12C[C@@H]3C[C@H](C2)C[C@H](C1)C3,C12H18ClNO,227.73,15,0,0.92,3,1,1,61.29,29.1,2.14,2.84,2.31,2.63,2.61,2.51,-2.84,3.27e-01,1.44e-03,Soluble,-3.11,1.77e-01,7.77e-04,Soluble,-2.98,2.41e-01,1.06e-03,Soluble,High,Yes,No,No,No,No,No,No,-5.67,0,0,0,0,0,0.55,0,1,1,3.9
Molecule 299,ClCC(=O)Nc1cc(cc(c1)C(F)(F)F)C(F)(F)F,C10H6ClF6NO,305.6,19,6,0.3,5,7,1,55.55,29.1,1.78,4.34,6.02,3.79,4.11,4.01,-4.37,1.30e-02,4.24e-05,Moderately soluble,-4.67,6.60e-03,2.16e-05,Moderately soluble,-5.18,2.03e-03,6.64e-06,Moderately soluble,High,No,No,Yes,Yes,No,No,No,-5.08,0,1,0,1,0,0.55,0,1,1,1.78
Molecule 300,ClCC(=O)Nc1ccc2c(c1)OCO2,C9H8ClNO3,213.62,14,6,0.22,3,3,1,51.61,47.56,1.52,1.39,1.4,0.97,1.91,1.44,-2.16,1.48e+00,6.93e-03,Soluble,-1.99,2.17e+00,1.02e-02,Very soluble,-3.18,1.42e-01,6.64e-04,Soluble,High,Yes,No,Yes,No,No,No,No,-6.62,0,0,0,0,0,0.55,0,1,1,2.11
Molecule 301,ClCC(=O)NCCc1c[nH]c2c1cccc2,C12H13ClN2O,236.7,16,9,0.25,5,1,2,65.48,44.89,1.54,1.58,2.07,1.55,3.25,2,-2.39,9.66e-01,4.08e-03,Soluble,-2.13,1.74e+00,7.35e-03,Soluble,-5.12,1.79e-03,7.57e-06,Moderately soluble,High,Yes,No,Yes,No,No,No,No,-6.62,0,0,0,0,0,0.55,0,1,1,1.69
Molecule 302,ClCC(=O)NCCOc1ccccc1OC,C11H14ClNO3,243.69,16,6,0.36,7,3,1,61.64,47.56,2.11,1.8,1.43,1.26,2.2,1.76,-2.3,1.22e+00,5.01e-03,Soluble,-2.42,9.31e-01,3.82e-03,Soluble,-4.1,1.92e-02,7.89e-05,Moderately soluble,High,Yes,No,Yes,No,No,No,No,-6.51,0,0,0,0,0,0.55,0,1,1,1.91
Molecule 303,ClCC(=O)NC(=O)NC12C[C@@H]3C[C@H](C2)C[C@H](C1)C3,C13H19ClN2O2,270.76,18,0,0.85,5,2,2,69.49,58.2,0.98,3,2.02,1.86,1.74,1.92,-3.08,2.26e-01,8.34e-04,Soluble,-3.89,3.52e-02,1.30e-04,Soluble,-2.97,2.91e-01,1.08e-03,Soluble,High,Yes,Yes,No,No,No,No,No,-5.82,0,0,0,0,0,0.55,0,1,0,4.46
Molecule 304,C=CC(=O)Nc1cc(F)c(c(c1)F)N1CCN(CC1)C(=O)OC(C)(C)C,C18H23F2N3O3,367.39,26,6,0.44,7,5,1,102.2,61.88,3.28,2.67,3.03,2.56,2.6,2.83,-3.51,1.14e-01,3.10e-04,Soluble,-3.62,8.79e-02,2.39e-04,Soluble,-4.03,3.41e-02,9.29e-05,Moderately soluble,High,Yes,No,Yes,No,No,No,No,-6.65,0,0,0,0,0,0.55,1,1,1,2.91
Molecule 305,ClCC(=O)N1CCN(CC1)S(=O)(=O)c1ccccc1F,C12H14ClFN2O3S,320.77,20,6,0.42,4,5,0,80.03,66.07,2.11,1.06,1.64,1.08,1.13,1.4,-2.45,1.13e+00,3.51e-03,Soluble,-2.04,2.93e+00,9.15e-03,Soluble,-3.33,1.49e-01,4.66e-04,Soluble,High,Yes,No,No,Yes,No,No,No,-7.5,0,0,0,0,0,0.55,0,1,0,2.65
Molecule 306,CCN(c1ccc(cc1NC(=O)CCl)S(=O)(=O)N)CC,C12H18ClN3O3S,319.81,20,6,0.42,7,4,2,80.37,100.88,1.27,1.14,2.25,0.8,0.49,1.19,-2.3,1.60e+00,5.00e-03,Soluble,-2.85,4.49e-01,1.40e-03,Soluble,-3.88,4.17e-02,1.30e-04,Soluble,High,No,No,No,No,No,No,No,-7.44,0,0,0,0,0,0.55,0,1,0,2.7
Molecule 307,ClCC(=O)NC(=O)c1cc(cn1C)S(=O)(=O)N1CCOCC1,C12H16ClN3O5S,349.79,22,5,0.5,6,6,1,81.79,106.09,2.2,-0.55,0.24,-1.08,-0.24,0.11,-1.43,1.29e+01,3.68e-02,Very soluble,-1.21,2.16e+01,6.19e-02,Very soluble,-2.21,2.15e+00,6.14e-03,Soluble,High,No,No,No,No,No,No,No,-8.82,0,0,0,0,0,0.55,0,1,0,2.87
Molecule 308,ClCC(=O)N1Cc2ccccc2CC1C(=O)O,C12H12ClNO3,253.68,17,6,0.33,3,3,1,67.07,57.61,1.58,1.5,0.73,1.33,1.63,1.35,-2.42,9.62e-01,3.79e-03,Soluble,-2.32,1.22e+00,4.81e-03,Soluble,-2.68,5.29e-01,2.08e-03,Soluble,High,Yes,No,No,No,No,No,No,-6.78,0,0,0,0,0,0.85,0,1,0,2.42
Molecule 309,ClCC(=O)Nc1cc(Cl)ccc1C(=O)O,C9H7Cl2NO3,248.06,15,6,0.11,4,3,2,57.52,66.4,1.11,2.74,2.02,1.97,1.98,1.97,-3.14,1.81e-01,7.31e-04,Soluble,-3.79,4.03e-02,1.63e-04,Soluble,-3.41,9.56e-02,3.85e-04,Soluble,High,Yes,No,No,No,No,No,No,-5.87,0,0,0,0,0,0.85,0,1,1,1.64
Molecule 310,ClCC(=O)N1CCC(CC1)C(c1ccccc1)(c1ccccc1)O,C20H22ClNO2,343.85,24,12,0.35,5,2,1,100.28,40.54,2.81,3.42,2.91,3.14,3.87,3.23,-4.17,2.34e-02,6.82e-05,Moderately soluble,-3.95,3.84e-02,1.12e-04,Soluble,-5.82,5.25e-04,1.53e-06,Moderately soluble,High,Yes,No,No,Yes,No,Yes,No,-5.97,0,0,0,0,0,0.55,0,1,0,2.19
Molecule 311,C=CC(=O)N1CC(C1)(O)c1cccc2c1cccc2,C16H15NO2,253.3,19,10,0.19,3,2,1,78.42,40.54,1.95,2,1.57,1.93,2.89,2.07,-2.86,3.48e-01,1.37e-03,Soluble,-2.48,8.43e-01,3.33e-03,Soluble,-4.05,2.25e-02,8.87e-05,Moderately soluble,High,Yes,No,No,No,No,No,No,-6.43,0,0,0,0,0,0.55,0,1,0,1.69
Molecule 312,OCC(=C)C(=O)NC1CCCCCCC1,C12H21NO2,211.3,15,0,0.75,4,2,2,61.37,49.33,2.27,2.7,1.76,1.37,1.95,2.01,-2.59,5.47e-01,2.59e-03,Soluble,-3.39,8.63e-02,4.08e-04,Soluble,-2.16,1.47e+00,6.95e-03,Soluble,High,Yes,No,No,No,No,No,No,-5.67,0,0,0,0,0,0.55,0,1,1,1.97
Molecule 313,COC(=O)[C@H]1Cc2c([C@H](N1C(=O)C)c1ccc3c(c1)OCO3)[nH]c1c2cccc1,C22H20N2O5,392.4,29,15,0.27,4,5,1,109,80.86,3.06,2.88,2.23,1.86,3.29,2.66,-4.21,2.44e-02,6.22e-05,Moderately soluble,-4.24,2.27e-02,5.78e-05,Moderately soluble,-5.6,9.88e-04,2.52e-06,Moderately soluble,High,No,No,No,Yes,Yes,Yes,Yes,-6.65,0,0,0,0,0,0.55,1,0,1,3.87
Molecule 314,COC(=O)[C@H]1Cc2c([C@@H](N1C(=O)C)c1ccc3c(c1)OCO3)[nH]c1c2cccc1,C22H20N2O5,392.4,29,15,0.27,4,5,1,109,80.86,2.99,2.88,2.23,1.86,3.29,2.65,-4.21,2.44e-02,6.22e-05,Moderately soluble,-4.24,2.27e-02,5.78e-05,Moderately soluble,-5.6,9.88e-04,2.52e-06,Moderately soluble,High,No,No,No,Yes,Yes,Yes,Yes,-6.65,0,0,0,0,0,0.55,1,0,1,3.87
Molecule 315,COC(=O)[C@@H]1Cc2c([C@@H](N1C(=O)C)c1ccc3c(c1)OCO3)[nH]c1c2cccc1,C22H20N2O5,392.4,29,15,0.27,4,5,1,109,80.86,2.97,2.88,2.23,1.86,3.29,2.65,-4.21,2.44e-02,6.22e-05,Moderately soluble,-4.24,2.27e-02,5.78e-05,Moderately soluble,-5.6,9.88e-04,2.52e-06,Moderately soluble,High,No,No,No,Yes,Yes,Yes,Yes,-6.65,0,0,0,0,0,0.55,1,0,1,3.87
Molecule 316,C=CC(=O)N1[C@@H](Cc2c([C@H]1c1ccc3c(c1)OCO3)[nH]c1c2cccc1)C(=O)OC,C23H20N2O5,404.42,30,15,0.22,5,5,1,113.33,80.86,3.1,3.47,2.39,2,3.68,2.93,-4.57,1.08e-02,2.67e-05,Moderately soluble,-4.85,5.71e-03,1.41e-05,Moderately soluble,-5.65,9.10e-04,2.25e-06,Moderately soluble,High,No,No,No,Yes,Yes,Yes,Yes,-6.3,0,0,0,0,0,0.55,1,1,1,3.96
Molecule 317,Cc1cc(Br)c(cc1NC(=O)C=C)C,C11H12BrNO,254.12,14,6,0.18,3,1,1,62.72,29.1,2.58,2.24,3,3.04,3.37,2.84,-2.95,2.88e-01,1.13e-03,Soluble,-2.49,8.29e-01,3.26e-03,Soluble,-4.47,8.51e-03,3.35e-05,Moderately soluble,High,Yes,No,Yes,No,No,No,No,-6.26,0,0,0,0,0,0.55,0,1,0,1.82
Molecule 318,ClCC(=O)Nc1ccccc1N1CCCCCC1,C14H19ClN2O,266.77,18,6,0.5,4,1,1,79.81,32.34,2.62,3.05,2.67,2.51,2.83,2.74,-3.4,1.07e-01,4.00e-04,Soluble,-3.4,1.07e-01,4.02e-04,Soluble,-4.42,1.01e-02,3.78e-05,Moderately soluble,High,Yes,No,Yes,Yes,No,Yes,No,-5.76,0,0,0,0,0,0.55,0,1,0,2.08
Molecule 319,C=CC(=O)N(c1ccc(c(c1)C(F)(F)F)Oc1ccccc1)Cc1cccnc1,C22H17F3N2O2,398.38,29,18,0.09,8,6,0,103.79,42.43,3.51,4.71,6.61,3.6,4.93,4.67,-5.21,2.46e-03,6.19e-06,Moderately soluble,-5.33,1.86e-03,4.68e-06,Moderately soluble,-7.75,7.17e-06,1.80e-08,Poorly soluble,High,No,No,Yes,Yes,Yes,Yes,Yes,-5.39,0,1,0,1,0,0.55,0,1,3,2.74
Molecule 320,C=CC(=O)N1CCC(CC1)Cc1ccccc1,C15H19NO,229.32,17,6,0.4,4,1,0,74.29,20.31,2.83,3.02,2.27,2.77,3.19,2.82,-3.16,1.58e-01,6.89e-04,Soluble,-3.11,1.77e-01,7.73e-04,Soluble,-3.7,4.60e-02,2.00e-04,Soluble,High,Yes,No,No,Yes,No,No,No,-5.55,0,0,0,0,0,0.55,0,1,1,1.56
Molecule 321,ClCC(=O)N(C12C[C@@H]3C[C@H](C2)C[C@H](C1)C3)Cc1ccc(cc1)F,C19H23ClFNO,335.84,23,6,0.63,5,2,0,90.64,20.31,3.24,4.61,4.63,4.42,4.47,4.27,-4.69,6.86e-03,2.04e-05,Moderately soluble,-4.76,5.82e-03,1.73e-05,Moderately soluble,-5.42,1.27e-03,3.78e-06,Moderately soluble,High,Yes,No,No,Yes,Yes,Yes,Yes,-5.08,1,0,0,0,0,0.55,0,1,1,4.24
Molecule 322,ClCC(=O)N1CCOCC1,C6H10ClNO2,163.6,10,0,0.83,2,2,0,41.73,29.54,1.54,-0.6,-0.3,-0.05,1.17,0.35,-0.34,7.40e+01,4.53e-01,Very soluble,0.45,4.62e+02,2.83e+00,Highly soluble,-1.03,1.54e+01,9.42e-02,Soluble,High,No,No,No,No,No,No,No,-7.72,0,0,0,0,1,0.55,0,1,1,1.74
Molecule 323,ClCC(=O)Nc1cc(OC)cc(c1)OC,C10H12ClNO3,229.66,15,6,0.3,5,3,1,58.53,47.56,1.91,1.66,1.69,1.24,1.95,1.69,-2.28,1.22e+00,5.30e-03,Soluble,-2.27,1.23e+00,5.34e-03,Soluble,-3.68,4.78e-02,2.08e-04,Soluble,High,Yes,No,Yes,No,No,No,No,-6.52,0,0,0,0,0,0.55,0,1,1,1.8
Molecule 324,ClCC(=O)Nc1cccc2c1cccn2,C11H9ClN2O,220.65,15,10,0.09,3,2,1,60.85,41.99,1.55,1.33,2.22,1.51,2.47,1.82,-2.34,1.01e+00,4.56e-03,Soluble,-1.81,3.39e+00,1.54e-02,Very soluble,-4.73,4.12e-03,1.87e-05,Moderately soluble,High,Yes,No,Yes,No,No,No,No,-6.7,0,0,0,0,0,0.55,0,1,1,1.53
Molecule 325,ClCC(=O)N1CCN(CC1)CC(=O)N1CCOCC1,C12H20ClN3O3,289.76,19,0,0.83,5,4,0,82.28,53.09,2.29,-0.69,-1.91,-0.45,0.53,-0.05,-0.87,3.89e+01,1.34e-01,Very soluble,0.05,3.25e+02,1.12e+00,Highly soluble,-1.17,1.98e+01,6.84e-02,Soluble,Low,No,Yes,No,No,No,No,No,-8.56,0,1,0,0,0,0.55,0,1,0,2.56
Molecule 326,N#C/C(=C\c1ccc(cc1)C)/C(=O)NCCN1CCOCC1,C17H21N3O2,299.37,22,6,0.41,6,4,1,88.49,65.36,2.71,1.58,0.86,0.62,2.52,1.66,-2.5,9.53e-01,3.18e-03,Soluble,-2.56,8.18e-01,2.73e-03,Soluble,-3.95,3.39e-02,1.13e-04,Soluble,High,No,No,No,No,No,No,No,-7,0,0,0,0,0,0.55,0,2,0,2.87
Molecule 327,C=CC(=O)N(c1ccccc1)c1ccc(cc1)Br,C15H12BrNO,302.17,18,12,0,4,1,0,77.93,20.31,3.07,4.29,4.3,4.09,3.54,3.86,-4.65,6.84e-03,2.26e-05,Moderately soluble,-4.43,1.12e-02,3.72e-05,Moderately soluble,-5.49,9.87e-04,3.27e-06,Moderately soluble,High,Yes,No,Yes,Yes,Yes,Yes,No,-5.1,0,0,0,0,0,0.55,0,1,1,2.11
Molecule 328,ClCC(=O)N1CCc2c1ccc(c2)Br,C10H9BrClNO,274.54,14,6,0.3,2,1,0,63.94,20.31,2.23,2.63,2.2,2.73,3.06,2.57,-3.38,1.13e-01,4.13e-04,Soluble,-2.71,5.39e-01,1.96e-03,Soluble,-4.11,2.16e-02,7.85e-05,Moderately soluble,High,Yes,No,Yes,No,No,No,No,-6.11,0,0,0,0,0,0.55,0,1,0,1.87
Molecule 329,CC(=O)Nc1cc(cc(c1)C(F)(F)F)C(=O)Oc1c(F)c(F)c(c(c1F)F)F,C16H7F8NO3,413.22,28,12,0.12,6,11,1,76.95,55.4,2.69,3.9,7.64,5.33,5.81,5.07,-4.78,6.86e-03,1.66e-05,Moderately soluble,-4.76,7.15e-03,1.73e-05,Moderately soluble,-7.18,2.70e-05,6.53e-08,Poorly soluble,Low,No,No,No,Yes,No,No,No,-6.05,1,1,0,1,1,0.55,0,3,2,2.58
Molecule 330,CC(=O)Nc1cccc(c1)S(=O)(=O)F,C8H8FNO3S,217.22,14,6,0.12,3,4,1,49.09,71.62,1.03,0.99,2.61,0.87,0.68,1.24,-1.93,2.55e+00,1.18e-02,Very soluble,-2.08,1.80e+00,8.27e-03,Soluble,-3,2.19e-01,1.01e-03,Soluble,High,Yes,No,No,No,No,No,No,-6.92,0,0,0,0,0,0.55,0,0,1,1.96
Molecule 331,ClCC(=O)N(C1CCN(CC1Cc1ccccc1)C(=O)c1cccc(c1)N1CCOCC1)c1ccccc1,C31H34ClN3O3,532.07,38,18,0.35,9,3,0,159.11,53.09,3.71,5.22,4.11,3.78,4.58,4.28,-6.18,3.48e-04,6.55e-07,Poorly soluble,-6.08,4.40e-04,8.26e-07,Poorly soluble,-8.32,2.52e-06,4.74e-09,Poorly soluble,High,Yes,Yes,No,Yes,Yes,Yes,Yes,-5.84,1,3,0,0,1,0.55,0,1,3,4.2
Molecule 332,C=CC(=O)Nc1cc(cc(c1)C(F)(F)F)C(=O)Oc1c(F)c(F)c(c(c1F)F)F,C17H7F8NO3,425.23,29,12,0.06,7,11,1,81.28,55.4,2.73,4.49,7.81,5.48,6.19,5.34,-5.15,3.02e-03,7.09e-06,Moderately soluble,-5.37,1.80e-03,4.23e-06,Moderately soluble,-7.23,2.49e-05,5.85e-08,Poorly soluble,Low,No,No,No,Yes,Yes,No,No,-5.71,1,1,0,1,1,0.55,0,4,2,2.67
Molecule 333,C=CC(=O)Nc1cccc(c1)S(=O)(=O)F,C9H8FNO3S,229.23,15,6,0,4,4,1,53.43,71.62,1.19,1.58,2.78,1.1,1.02,1.53,-2.29,1.18e+00,5.15e-03,Soluble,-2.69,4.63e-01,2.02e-03,Soluble,-3.06,2.01e-01,8.79e-04,Soluble,High,Yes,No,No,No,No,No,No,-6.58,0,0,0,0,0,0.55,0,1,1,2.12
Molecule 334,ClCC(=O)NCc1c(CO)cnc(c1O)C,C10H13ClN2O3,244.67,16,6,0.4,5,4,3,59.73,82.45,0.77,-0.15,0.14,-0.51,1.64,0.38,-1.21,1.51e+01,6.17e-02,Very soluble,-1.13,1.83e+01,7.46e-02,Very soluble,-3.1,1.95e-01,7.96e-04,Soluble,High,No,No,No,No,No,No,No,-7.9,0,0,0,0,0,0.55,0,1,1,2.02
Molecule 335,ClCC(=O)Nc1cc(ccc1C)C(F)(F)F,C10H9ClF3NO,251.63,16,6,0.3,4,4,1,55.52,29.1,1.97,2.61,4.15,3.12,3.45,3.06,-3.06,2.20e-01,8.75e-04,Soluble,-2.87,3.39e-01,1.35e-03,Soluble,-4.7,5.06e-03,2.01e-05,Moderately soluble,High,Yes,No,Yes,No,No,No,No,-5.98,0,0,0,0,0,0.55,0,1,0,1.76
Molecule 336,C=CC(=O)N(c1ccc(c(c1)C(F)(F)F)Oc1ccccc1)Cc1cccc(c1Cl)Cl,C23H16Cl2F3NO2,466.28,31,18,0.09,8,5,0,116.01,29.54,3.96,7.03,8.52,5.99,6.79,6.46,-7.06,4.05e-05,8.68e-08,Poorly soluble,-7.47,1.59e-05,3.42e-08,Poorly soluble,-9.28,2.42e-07,5.20e-10,Poorly soluble,Low,No,Yes,No,No,Yes,Yes,No,-4.15,1,1,0,1,1,0.55,0,1,3,2.92
Molecule 337,C=CC(=O)N(c1ccc(nc1)C(=O)Nc1ccccc1)Cc1cccc(n1)Cl,C21H17ClN4O2,392.84,28,18,0.05,8,4,1,109.29,75.19,3.22,3.39,3.76,1.97,3.55,3.18,-4.36,1.72e-02,4.38e-05,Moderately soluble,-4.65,8.84e-03,2.25e-05,Moderately soluble,-7.37,1.69e-05,4.30e-08,Poorly soluble,High,Yes,No,Yes,Yes,Yes,Yes,Yes,-6.29,0,0,0,0,0,0.55,0,2,2,2.96
Molecule 338,Nc1cc(cc(c1)C(F)(F)F)C(F)(F)F.ClCC(=O)N,C10H9ClF6N2O,322.63,20,6,0.3,3,7,2,60.28,69.11,2.01,3.33,5.33,2.91,3.2,3.36,-3.96,3.52e-02,1.09e-04,Soluble,-4.46,1.12e-02,3.48e-05,Moderately soluble,-3.82,4.89e-02,1.52e-04,Soluble,High,No,No,Yes,Yes,No,No,No,-5.9,0,0,0,0,0,0.55,0,2,0,1.72
Molecule 339,ClCC(=O)N1CCN(CC1)S(=O)(=O)c1ccc(cc1)c1ccncc1,C17H18ClN3O3S,379.86,25,12,0.29,5,5,0,103.31,78.96,2.48,1.52,2.14,0.89,1.71,1.75,-3.18,2.52e-01,6.64e-04,Soluble,-2.79,6.21e-01,1.63e-03,Soluble,-5.16,2.65e-03,6.97e-06,Moderately soluble,High,No,No,No,Yes,Yes,No,Yes,-7.54,0,0,0,0,0,0.55,0,1,1,2.74
Molecule 340,ClCC(=O)Nc1ccc(cc1)S(=O)(=O)F,C8H7ClFNO3S,251.66,15,6,0.12,4,4,1,53.89,71.62,1.02,2.79,2.83,1.18,1.22,1.81,-3.19,1.62e-01,6.46e-04,Soluble,-3.95,2.82e-02,1.12e-04,Soluble,-3.63,5.93e-02,2.36e-04,Soluble,High,Yes,No,Yes,No,No,No,No,-5.85,0,0,0,0,0,0.55,0,1,0,1.73
Molecule 341,ClCC(=O)Nc1cc(cc(c1)C(F)(F)F)C(=O)Oc1c(F)c(F)c(c(c1F)F)F,C16H6ClF8NO3,447.66,29,12,0.12,7,11,1,81.74,55.4,2.44,4.52,7.86,5.56,6.34,5.34,-5.31,2.21e-03,4.93e-06,Moderately soluble,-5.41,1.76e-03,3.94e-06,Moderately soluble,-7.79,7.34e-06,1.64e-08,Poorly soluble,Low,No,No,No,Yes,Yes,No,No,-5.82,1,1,0,1,1,0.55,0,4,2,2.64
Molecule 342,C=CC(=O)Nc1cc(cc(c1)C(F)(F)F)C(F)(F)F,C11H7F6NO,283.17,19,6,0.18,5,7,1,55.09,29.1,2.14,4.31,5.96,3.71,3.92,4.01,-4.21,1.73e-02,6.10e-05,Moderately soluble,-4.63,6.57e-03,2.32e-05,Moderately soluble,-4.61,6.90e-03,2.44e-05,Moderately soluble,High,No,No,Yes,Yes,No,No,No,-4.97,0,1,0,1,0,0.55,0,1,1,1.81
Molecule 343,ClCC(=O)Nc1cc(cc(c1)C(F)(F)F)C(F)(F)F,C10H6ClF6NO,305.6,19,6,0.3,5,7,1,55.55,29.1,1.78,4.34,6.02,3.79,4.11,4.01,-4.37,1.30e-02,4.24e-05,Moderately soluble,-4.67,6.60e-03,2.16e-05,Moderately soluble,-5.18,2.03e-03,6.64e-06,Moderately soluble,High,No,No,Yes,Yes,No,No,No,-5.08,0,1,0,1,0,0.55,0,1,1,1.78
Molecule 344,C=CC(=O)N1CCC(CC1)c1noc2c1cc(F)cc2,C15H15FN2O2,274.29,20,9,0.33,3,4,0,77,46.34,2.73,2.47,2.9,2.35,3.12,2.71,-3.23,1.61e-01,5.87e-04,Soluble,-3.09,2.24e-01,8.18e-04,Soluble,-4.08,2.27e-02,8.28e-05,Moderately soluble,High,Yes,No,Yes,Yes,No,No,No,-6.22,0,0,0,0,0,0.55,0,1,0,2.74
Molecule 345,N#C/C(=C\c1ccc(o1)c1ccccc1Cl)/C(=O)N,C14H9ClN2O2,272.69,19,11,0,3,3,1,71.52,80.02,1.9,2.54,2.88,1.02,2.95,2.26,-3.36,1.19e-01,4.35e-04,Soluble,-3.87,3.70e-02,1.36e-04,Soluble,-4.51,8.43e-03,3.09e-05,Moderately soluble,High,No,No,Yes,Yes,Yes,No,No,-6.16,0,0,0,0,0,0.55,0,2,0,3.07
Molecule 346,CC(C(=O)Nc1cc(cc(c1)C(F)(F)F)C(F)(F)F)Br,C11H8BrF6NO,364.08,20,6,0.36,5,7,1,63.44,29.1,2.26,4.91,6.56,4.17,4.35,4.45,-5.08,3.01e-03,8.27e-06,Moderately soluble,-5.26,2.01e-03,5.53e-06,Moderately soluble,-5.41,1.42e-03,3.90e-06,Moderately soluble,High,No,No,Yes,Yes,No,No,No,-5.03,1,1,0,1,0,0.55,0,1,2,2.45
Molecule 347,CC(C(=O)Nc1cc(cc(c1)C(F)(F)F)C(F)(F)F)Cl,C11H8ClF6NO,319.63,20,6,0.36,5,7,1,60.36,29.1,2.08,4.74,6.4,4.05,4.31,4.32,-4.7,6.38e-03,2.00e-05,Moderately soluble,-5.08,2.65e-03,8.30e-06,Moderately soluble,-5.2,2.01e-03,6.28e-06,Moderately soluble,High,No,No,Yes,Yes,No,No,No,-4.88,0,1,0,1,0,0.55,0,1,1,2.28
Molecule 348,C=CC(=O)N(c1ccccc1)C1CCCCC1,C15H19NO,229.32,17,6,0.4,4,1,0,71.91,20.31,3.02,3.68,3.54,3.03,2.98,3.25,-3.58,6.07e-02,2.65e-04,Soluble,-3.8,3.66e-02,1.60e-04,Soluble,-3.57,6.14e-02,2.68e-04,Soluble,High,Yes,No,Yes,Yes,No,No,No,-5.09,0,0,0,0,0,0.55,0,1,2,1.77
Molecule 349,C=CC(=O)N(c1ccccc1)C1CCN(CC1)Cc1ccccc1,C21H24N2O,320.43,24,12,0.29,6,2,0,103.21,23.55,3.28,3.96,3.34,3.33,3.46,3.47,-4.3,1.62e-02,5.06e-05,Moderately soluble,-4.16,2.24e-02,7.00e-05,Moderately soluble,-5.52,9.61e-04,3.00e-06,Moderately soluble,High,Yes,No,No,Yes,No,Yes,No,-5.44,0,0,0,0,0,0.55,0,1,1,2.18
Molecule 350,C=CC(=O)N1CCc2c1ccc(c2)Br,C11H10BrNO,252.11,14,6,0.18,2,1,0,63.48,20.31,2.48,2.6,2.14,2.65,2.9,2.55,-3.23,1.50e-01,5.94e-04,Soluble,-2.68,5.32e-01,2.11e-03,Soluble,-3.54,7.34e-02,2.91e-04,Soluble,High,Yes,No,Yes,No,No,No,No,-5.99,0,0,0,0,0,0.55,0,1,0,1.89
Molecule 351,ClCC(=O)N1C(C)CCc2c1cccc2,C12H14ClNO,223.7,15,6,0.42,2,1,0,65.85,20.31,2.24,2.73,2.21,2.6,2.71,2.5,-3.11,1.73e-01,7.75e-04,Soluble,-2.81,3.46e-01,1.55e-03,Soluble,-3.7,4.49e-02,2.01e-04,Soluble,High,Yes,No,Yes,No,No,No,No,-5.73,0,0,0,0,0,0.55,0,1,1,2.33
Molecule 352,COC(=O)C1Cc2ccccc2CN1C(=O)CCl,C13H14ClNO3,267.71,18,6,0.38,4,3,0,71.39,46.61,2.4,1.83,0.82,1.59,2.15,1.76,-2.64,6.20e-01,2.32e-03,Soluble,-2.43,9.97e-01,3.72e-03,Soluble,-3.38,1.12e-01,4.17e-04,Soluble,High,Yes,No,No,Yes,No,No,No,-6.63,0,0,0,0,0,0.55,0,1,0,2.55
Molecule 353,ClCC(=O)Nc1cc(cc(c1)C(F)(F)F)C(=O)O,C10H7ClF3NO3,281.62,18,6,0.2,5,6,2,57.51,66.4,1.12,2.13,3.54,2.39,2.46,2.33,-2.84,4.03e-01,1.43e-03,Soluble,-3.16,1.97e-01,6.98e-04,Soluble,-3.68,5.94e-02,2.11e-04,Soluble,High,Yes,No,Yes,No,No,No,No,-6.51,0,0,0,0,0,0.85,0,1,0,1.93
Molecule 354,O=C(Nc1cc(cc(c1)C(F)(F)F)C(F)(F)F)/C=C/c1ccccc1,C17H11F6NO,359.27,25,12,0.12,6,7,1,80.37,29.1,2.9,5.38,7.38,4.91,5.29,5.17,-5.42,1.38e-03,3.84e-06,Moderately soluble,-5.75,6.46e-04,1.80e-06,Moderately soluble,-6.73,6.67e-05,1.86e-07,Poorly soluble,Low,No,No,Yes,Yes,Yes,Yes,No,-4.67,1,1,0,1,1,0.55,0,1,2,2.58
Molecule 355,COC(=O)/C=C/C(=O)OC,C6H8O4,144.13,10,0,0.33,4,4,0,33.05,52.6,1.93,0.22,-0.11,0.15,0.2,0.48,-0.61,3.55e+01,2.47e-01,Very soluble,-0.88,1.88e+01,1.31e-01,Very soluble,-0.1,1.15e+02,7.96e-01,Soluble,High,No,No,No,No,No,No,No,-7.02,0,3,0,0,1,0.55,0,2,1,2.12
Molecule 356,CCCCN(c1c(=O)[nH]c(=O)n(c1N)CCC)C(=O)CCl,C13H21ClN4O3,316.78,21,6,0.62,8,3,2,85.03,101.19,2.17,1.07,0.91,0.82,1.73,1.34,-2.16,2.18e+00,6.89e-03,Soluble,-2.79,5.18e-01,1.63e-03,Soluble,-3.37,1.36e-01,4.29e-04,Soluble,High,No,No,No,No,No,No,No,-7.47,0,0,0,0,0,0.55,0,1,1,2.95
Molecule 357,CNS(=O)(=O)/C=C/c1ccc2c(c1)ccn2Cc1ccccc1,C18H18N2O2S,326.41,23,15,0.11,5,3,1,94.35,59.48,2.63,2.99,4.18,1.98,2.47,2.85,-3.9,4.11e-02,1.26e-04,Soluble,-3.9,4.08e-02,1.25e-04,Soluble,-5.81,5.07e-04,1.55e-06,Moderately soluble,High,Yes,No,No,Yes,Yes,Yes,Yes,-6.17,0,0,0,0,0,0.55,0,0,0,2.78
Molecule 358,ClCC(=O)N[C@H]1C(O)O[C@@H]([C@H]([C@@H]1O)O)CO,C8H14ClNO6,255.65,16,0,0.88,4,6,5,51.99,119.25,-0.13,-0.54,-2.86,-2.29,-1.71,-1.51,-0.82,3.86e+01,1.51e-01,Very soluble,-1.5,8.18e+00,3.20e-02,Very soluble,1.01,2.63e+03,1.03e+01,Soluble,Low,No,Yes,No,No,No,No,No,-8.24,0,1,0,0,0,0.55,0,1,0,3.88